{
  "type": "FeatureCollection",
  "features": [
    {
      "type": "Feature",
      "properties": {
        "id": "a0_mravpp3j",
        "name": "Astrid Vogelheim Modified",
        "group": "Einzelakteure",
        "description": "Vorschlag für eine Enquete-Kommission zum Thema Wasser",
        "phone": "",
        "email": "astrid.vogelheim@landtag.nrw.de",
        "color": "#00f5d4"
      },
      "geometry": {
        "type": "Point",
        "coordinates": [
          6.763386005809698,
          51.21870800270761
        ]
      }
    },
    {
      "type": "Feature",
      "id": "excel_1",
      "geometry": {
        "type": "Point",
        "coordinates": [
          6.0773820056721455,
          50.758800003672576
        ]
      },
      "properties": {
        "name": "Svenja Borgmann (Stadt Aachen)",
        "group": "Gebietskörperschaft",
        "description": "",
        "phone": "",
        "email": "svenja.borgmann@mail.aachen.de",
        "color": "#fbbf24",
        "id": "a1_mravpp3j"
      }
    },
    {
      "type": "Feature",
      "id": "excel_2",
      "geometry": {
        "type": "Point",
        "coordinates": [
          6.0773820056721455,
          50.758800003672576
        ]
      },
      "properties": {
        "name": "Jens Hasse (Stadt Aachen)",
        "group": "Gebietskörperschaft",
        "description": "",
        "phone": "",
        "email": "jens.hasse@mail.aachen.de",
        "color": "#fbbf24",
        "id": "a2_mravpp3j"
      }
    },
    {
      "type": "Feature",
      "id": "excel_3",
      "geometry": {
        "type": "Point",
        "coordinates": [
          6.0773820056721455,
          50.758800003672576
        ]
      },
      "properties": {
        "name": "Klaus Meiners (Stadt Aachen)",
        "group": "Gebietskörperschaft",
        "description": "",
        "phone": "",
        "email": "klaus.meiners@mail.aachen.de",
        "color": "#fbbf24",
        "id": "a3_mravpp3j"
      }
    },
    {
      "type": "Feature",
      "id": "excel_4",
      "geometry": {
        "type": "Point",
        "coordinates": [
          6.0773820056721455,
          50.758800003672576
        ]
      },
      "properties": {
        "name": "Rena Stehn (Stadt Aachen)",
        "group": "Gebietskörperschaft",
        "description": "",
        "phone": "",
        "email": "rena.stehn@mail.aachen.de",
        "color": "#fbbf24",
        "id": "a4_mravpp3j"
      }
    },
    {
      "type": "Feature",
      "id": "excel_5",
      "geometry": {
        "type": "Point",
        "coordinates": [
          6.0773820056721455,
          50.758800003672576
        ]
      },
      "properties": {
        "name": "Karl-Heinz Stolz (Stadt Aachen)",
        "group": "Gebietskörperschaft",
        "description": "",
        "phone": "",
        "email": "karl.heinz.stolz@mail.aachen.de",
        "color": "#fbbf24",
        "id": "a5_mravpp3j"
      }
    },
    {
      "type": "Feature",
      "id": "excel_6",
      "geometry": {
        "type": "Point",
        "coordinates": [
          6.09781700610447,
          50.76879400497947
        ]
      },
      "properties": {
        "name": "Sander Lutterbach (StädteRegion Aachen)",
        "group": "Gebietskörperschaft",
        "description": "Austausch auch in KAHR und JCAR",
        "phone": "",
        "email": "sander.lutterbach@staedteregion-aachen.de",
        "color": "#fbbf24",
        "id": "a6_mravpp3j"
      }
    },
    {
      "type": "Feature",
      "id": "excel_7",
      "geometry": {
        "type": "Point",
        "coordinates": [
          6.098880996297133,
          50.768892997477025
        ]
      },
      "properties": {
        "name": "Verena Olesch (StädteRegion Aachen)",
        "group": "Gebietskörperschaft",
        "description": "",
        "phone": "",
        "email": "verena.olesch@staedteregion-aachen.de",
        "color": "#fbbf24",
        "id": "a7_mravpp3j"
      }
    },
    {
      "type": "Feature",
      "id": "excel_8",
      "geometry": {
        "type": "Point",
        "coordinates": [
          6.098880996297133,
          50.768892997477025
        ]
      },
      "properties": {
        "name": "Barbara Schilling (StädteRegion Aachen)",
        "group": "Gebietskörperschaft",
        "description": "",
        "phone": "",
        "email": "barbara.schilling@staedteregion-aachen.de",
        "color": "#fbbf24",
        "id": "a8_mravpp3j"
      }
    },
    {
      "type": "Feature",
      "id": "excel_9",
      "geometry": {
        "type": "Point",
        "coordinates": [
          6.097285999646101,
          50.76869799771627
        ]
      },
      "properties": {
        "name": "Frederic Wentz (StädteRegion Aachen)",
        "group": "Gebietskörperschaft",
        "description": "",
        "phone": "",
        "email": "frederic.wentz@staedteregion-aachen.de",
        "color": "#fbbf24",
        "id": "a9_mravpp3j"
      }
    },
    {
      "type": "Feature",
      "id": "excel_10",
      "geometry": {
        "type": "Point",
        "coordinates": [
          6.098880996297133,
          50.768892997477025
        ]
      },
      "properties": {
        "name": "Sebastian Albring (StädteRegion Aachen)",
        "group": "Gebietskörperschaft",
        "description": "Verteiler ZRR (K. Werken)",
        "phone": "",
        "email": "sebastian.albring@staedteregion-aachen.de",
        "color": "#fbbf24",
        "id": "a10_mravpp3j"
      }
    },
    {
      "type": "Feature",
      "id": "excel_11",
      "geometry": {
        "type": "Point",
        "coordinates": [
          6.283033993164288,
          50.8938940025143
        ]
      },
      "properties": {
        "name": "Bastian Breuer (Gemeinde Aldenhoven)",
        "group": "Gebietskörperschaft",
        "description": "WG von Christina Breuer",
        "phone": "",
        "email": "b.breuer@aldenhoven.de",
        "color": "#fbbf24",
        "id": "a11_mravpp3j"
      }
    },
    {
      "type": "Feature",
      "id": "excel_12",
      "geometry": {
        "type": "Point",
        "coordinates": [
          6.283033993164288,
          50.8938940025143
        ]
      },
      "properties": {
        "name": "Marcel Dederichs (Gemeinde Aldenhoven)",
        "group": "Gebietskörperschaft",
        "description": "WG von Christina Breuer",
        "phone": "",
        "email": "M.Dederichs@Aldenhoven.de",
        "color": "#fbbf24",
        "id": "a12_mravpp3j"
      }
    },
    {
      "type": "Feature",
      "id": "excel_13",
      "geometry": {
        "type": "Point",
        "coordinates": [
          6.283033993164288,
          50.8938940025143
        ]
      },
      "properties": {
        "name": "Christina Breuer (Gemeinde Aldenhoven)",
        "group": "Gebietskörperschaft",
        "description": "Verteiler ZRR (K. Werken)",
        "phone": "",
        "email": "christina.breuer@aldenhoven.de",
        "color": "#fbbf24",
        "id": "a13_mravpp3j"
      }
    },
    {
      "type": "Feature",
      "id": "excel_14",
      "geometry": {
        "type": "Point",
        "coordinates": [
          6.166521881509866,
          50.875370311002975
        ]
      },
      "properties": {
        "name": "Dominika Wirtz (Stadt Alsdorf)",
        "group": "Gebietskörperschaft",
        "description": "Mitglied beim WVER",
        "phone": "",
        "email": "dominika.wirtz@alsdorf.de",
        "color": "#fbbf24",
        "id": "a14_mravpp3j"
      }
    },
    {
      "type": "Feature",
      "id": "excel_15",
      "geometry": {
        "type": "Point",
        "coordinates": [
          6.078552993371811,
          50.77926600283405
        ]
      },
      "properties": {
        "name": "Clausen Elisabeth (RWTH Aachen University - Institut für Advanced Mining Technologies (AMT))",
        "group": "Forschung",
        "description": "",
        "phone": "",
        "email": "eclausen@amt.rwth-aachen.de",
        "color": "#3b82f6",
        "id": "a15_mravpp3j"
      }
    },
    {
      "type": "Feature",
      "id": "excel_16",
      "geometry": {
        "type": "Point",
        "coordinates": [
          6.465282047481766,
          50.81678307291724
        ]
      },
      "properties": {
        "name": "Armin Schmitz (ANKER Gebr. Schoeller GmbH + Co. KG)",
        "group": "Gewerbe/ Industrie",
        "description": "Mitglied beim WVER",
        "phone": "",
        "email": "ar.schmitz@anker-dueren.de",
        "color": "#d946ef",
        "id": "a16_mravpp3j"
      }
    },
    {
      "type": "Feature",
      "id": "excel_17",
      "geometry": {
        "type": "Point",
        "coordinates": [
          8.571160002477338,
          50.13458200123828
        ]
      },
      "properties": {
        "name": "Jan Bösche (Bundesamt für Wirtschaft und Ausfuhrkontrolle)",
        "group": "Behörde",
        "description": "",
        "phone": "",
        "email": "jan.boesche@bafa.bund.de",
        "color": "#f43f5e",
        "id": "a17_mravpp3j"
      }
    },
    {
      "type": "Feature",
      "id": "excel_18",
      "geometry": {
        "type": "Point",
        "coordinates": [
          8.571160002477338,
          50.13458200123828
        ]
      },
      "properties": {
        "name": "Buu-An Nguyen (Bundesamt für Wirtschaft und Ausfuhrkontrolle)",
        "group": "Behörde",
        "description": "Zuständige Person für ZWB BMWE",
        "phone": "",
        "email": "stark@bafa.bund.de",
        "color": "#f43f5e",
        "id": "a18_mravpp3j"
      }
    },
    {
      "type": "Feature",
      "id": "excel_19",
      "geometry": {
        "type": "Point",
        "coordinates": [
          8.571160002477338,
          50.13458200123828
        ]
      },
      "properties": {
        "name": "Charlotte Steffen (Bundesamt für Wirtschaft und Ausfuhrkontrolle)",
        "group": "Behörde",
        "description": "Zuständige Person für ZWB BMWE",
        "phone": "",
        "email": "stark@bafa.bund.de",
        "color": "#f43f5e",
        "id": "a19_mravpp3j"
      }
    },
    {
      "type": "Feature",
      "id": "excel_20",
      "geometry": {
        "type": "Point",
        "coordinates": [
          6.551017995930067,
          51.00674100413568
        ]
      },
      "properties": {
        "name": "Anke Pötter (Stadt Bedburg)",
        "group": "Gebietskörperschaft",
        "description": "Verteiler ZRR (K. Werken)",
        "phone": "",
        "email": "a.poetter@bedburg.de",
        "color": "#fbbf24",
        "id": "a20_mravpp3j"
      }
    },
    {
      "type": "Feature",
      "id": "excel_21",
      "geometry": {
        "type": "Point",
        "coordinates": [
          6.551017995930067,
          51.00674100413568
        ]
      },
      "properties": {
        "name": "Sarah-Kristin Röder (Stadt Bedburg)",
        "group": "Gebietskörperschaft",
        "description": "Verteiler ZRR (K. Werken)",
        "phone": "",
        "email": "sk.roeder@bedburg.de",
        "color": "#fbbf24",
        "id": "a21_mravpp3j"
      }
    },
    {
      "type": "Feature",
      "id": "excel_22",
      "geometry": {
        "type": "Point",
        "coordinates": [
          6.551017995930067,
          51.00674100413568
        ]
      },
      "properties": {
        "name": "Lucas Scheer (Stadt Bedburg)",
        "group": "Gebietskörperschaft",
        "description": "Verteiler ZRR (K. Werken)",
        "phone": "",
        "email": "l.scheer@bedburg.de",
        "color": "#fbbf24",
        "id": "a22_mravpp3j"
      }
    },
    {
      "type": "Feature",
      "id": "excel_23",
      "geometry": {
        "type": "Point",
        "coordinates": [
          6.541941004983921,
          51.00091799646982
        ]
      },
      "properties": {
        "name": "Josef Hamm (Bewässerungsverband Pütz)",
        "group": "Landwirtschaft",
        "description": "Assoziierter Partner\n(LoI liegt vor)\nHerr Alois Herbst (Berater des Verbands, ehemalig bei RWE Power tätig) hatte LoI seinerzeit aufgesetzt\nBeregnungsverband hat 6 Tiefbrunnen im Bedburger Land abgeteuft, Kosten ~ 8 Mio. €, 70% Förderung von Bund & Land",
        "phone": "",
        "email": "j.hamm@bewaesserungsverband-puetz.de",
        "color": "#10b981",
        "id": "a23_mravpp3j"
      }
    },
    {
      "type": "Feature",
      "id": "excel_24",
      "geometry": {
        "type": "Point",
        "coordinates": [
          6.642214999154687,
          50.95492100080168
        ]
      },
      "properties": {
        "name": "Kristian Fetz (Kreisstadt Bergheim)",
        "group": "Gebietskörperschaft",
        "description": "Verteiler ZRR (K. Werken)",
        "phone": "",
        "email": "kristian.fetz@Bergheim.de",
        "color": "#fbbf24",
        "id": "a24_mravpp3j"
      }
    },
    {
      "type": "Feature",
      "id": "excel_25",
      "geometry": {
        "type": "Point",
        "coordinates": [
          6.642214999154687,
          50.95492100080168
        ]
      },
      "properties": {
        "name": "Frederik Stappen (Kreisstadt Bergheim)",
        "group": "Gebietskörperschaft",
        "description": "Verteiler ZRR (K. Werken)",
        "phone": "",
        "email": "frederik.stappen@bergheim.de",
        "color": "#fbbf24",
        "id": "a25_mravpp3j"
      }
    },
    {
      "type": "Feature",
      "id": "excel_26",
      "geometry": {
        "type": "Point",
        "coordinates": [
          6.642214999154687,
          50.95492100080168
        ]
      },
      "properties": {
        "name": "Katarina Vuleta (Kreisstadt Bergheim)",
        "group": "Gebietskörperschaft",
        "description": "Verteiler ZRR (K. Werken)",
        "phone": "",
        "email": "katarina.vuleta@bergheim.de",
        "color": "#fbbf24",
        "id": "a26_mravpp3j"
      }
    },
    {
      "type": "Feature",
      "id": "excel_27",
      "geometry": {
        "type": "Point",
        "coordinates": [
          6.955884006056397,
          50.76774500505751
        ]
      },
      "properties": {
        "name": "Orhan Güven (Bio Bursch GmbH & Co. KG)",
        "group": "Landwirtschaft",
        "description": "Einladung am 24.04.2026 über NOt",
        "phone": "",
        "email": "og@biohof-bursch.de",
        "color": "#10b981",
        "id": "a27_mravpp3j"
      }
    },
    {
      "type": "Feature",
      "id": "excel_28",
      "geometry": {
        "type": "Point",
        "coordinates": [
          6.466865995105866,
          50.68966200219804
        ]
      },
      "properties": {
        "name": "Heidrun Düssel (Biologische Station im Kreis Düren e.V.)",
        "group": "Sonstige",
        "description": "",
        "phone": "",
        "email": "heidrun.duessel@biostation-dueren.de",
        "color": "#8b5cf6",
        "id": "a28_mravpp3j"
      }
    },
    {
      "type": "Feature",
      "id": "excel_29",
      "geometry": {
        "type": "Point",
        "coordinates": [
          6.65088500077043,
          50.43663499969177
        ]
      },
      "properties": {
        "name": "Jennifer Meuren (Gemeinde Blankenheim)",
        "group": "Gebietskörperschaft",
        "description": "Mitglied beim WVER",
        "phone": "",
        "email": "info@blankenheim.de",
        "color": "#fbbf24",
        "id": "a29_mravpp3j"
      }
    },
    {
      "type": "Feature",
      "id": "excel_30",
      "geometry": {
        "type": "Point",
        "coordinates": [
          6.631574005557042,
          50.951577998213295
        ]
      },
      "properties": {
        "name": "Christine Bernt (Rhein-Erft-Kreis)",
        "group": "Gebietskörperschaft",
        "description": "",
        "phone": "",
        "email": "christine.bernt@rhein-erft-kreis.de;\n70@rhein-erft-kreis.de",
        "color": "#fbbf24",
        "id": "a30_mravpp3j"
      }
    },
    {
      "type": "Feature",
      "id": "excel_31",
      "geometry": {
        "type": "Point",
        "coordinates": [
          6.631574005557042,
          50.951577998213295
        ]
      },
      "properties": {
        "name": "Claudia Siegers (Rhein-Erft-Kreis)",
        "group": "Gebietskörperschaft",
        "description": "",
        "phone": "",
        "email": "claudia.siegers@rhein-erft-kreis.de",
        "color": "#fbbf24",
        "id": "a31_mravpp3j"
      }
    },
    {
      "type": "Feature",
      "id": "excel_32",
      "geometry": {
        "type": "Point",
        "coordinates": [
          6.631574005557042,
          50.951577998213295
        ]
      },
      "properties": {
        "name": "Alexander Schewe (Rhein-Erft-Kreis)",
        "group": "Gebietskörperschaft",
        "description": "",
        "phone": "",
        "email": "alexander.schewe@rhein-erft-kreis.de",
        "color": "#fbbf24",
        "id": "a32_mravpp3j"
      }
    },
    {
      "type": "Feature",
      "id": "excel_33",
      "geometry": {
        "type": "Point",
        "coordinates": [
          6.631574005557042,
          50.951577998213295
        ]
      },
      "properties": {
        "name": "Julia Schneider (Rhein-Erft-Kreis)",
        "group": "Gebietskörperschaft",
        "description": "",
        "phone": "",
        "email": "Julia.Schneider@Rhein-Erft-Kreis.de",
        "color": "#fbbf24",
        "id": "a33_mravpp3j"
      }
    },
    {
      "type": "Feature",
      "id": "excel_34",
      "geometry": {
        "type": "Point",
        "coordinates": [
          6.631574005557042,
          50.951577998213295
        ]
      },
      "properties": {
        "name": "Vanessa Dederichs (Rhein-Erft-Kreis)",
        "group": "Gebietskörperschaft",
        "description": "Verteiler ZRR (K. Werken)",
        "phone": "",
        "email": "vanessa.dederichs@rhein-erft-kreis.de",
        "color": "#fbbf24",
        "id": "a34_mravpp3j"
      }
    },
    {
      "type": "Feature",
      "id": "excel_35",
      "geometry": {
        "type": "Point",
        "coordinates": [
          6.631574005557042,
          50.951577998213295
        ]
      },
      "properties": {
        "name": "Philipp Glasenapp (Rhein-Erft-Kreis)",
        "group": "Gebietskörperschaft",
        "description": "Verteiler ZRR (K. Werken)",
        "phone": "",
        "email": "philipp.glasenapp@rhein-erft-kreis.de",
        "color": "#fbbf24",
        "id": "a35_mravpp3j"
      }
    },
    {
      "type": "Feature",
      "id": "excel_36",
      "geometry": {
        "type": "Point",
        "coordinates": [
          6.631574005557042,
          50.951577998213295
        ]
      },
      "properties": {
        "name": "Uwe Ulbrich (Rhein-Erft-Kreis)",
        "group": "Gebietskörperschaft",
        "description": "Verteiler ZRR (K. Werken)",
        "phone": "",
        "email": "12@rhein-erft-kreis.de;\nuwe.ulbrich@rhein-erft-kreis.de",
        "color": "#fbbf24",
        "id": "a36_mravpp3j"
      }
    },
    {
      "type": "Feature",
      "id": "excel_37",
      "geometry": {
        "type": "Point",
        "coordinates": [
          13.3785823,
          52.5080337
        ]
      },
      "properties": {
        "name": "Alexander Schülke (Bundesministerium für Umwelt, Naturschutz, nukleare Sicherheit und Verbraucherschutz)",
        "group": "Behörde",
        "description": "Verteiler ZRR (K. Werken)",
        "phone": "",
        "email": "alexander.schuelke@bmuv.bund.de;\nalexander.schuelke@bmu.bund.de;\nalexander.schuelke@bmukn.bund.de",
        "color": "#f43f5e",
        "id": "a37_mravpp3j"
      }
    },
    {
      "type": "Feature",
      "id": "excel_38",
      "geometry": {
        "type": "Point",
        "coordinates": [
          6.432572488022284,
          51.11936804847443
        ]
      },
      "properties": {
        "name": "Harald Steins (H.-W. Böhmer Verpackung und Vertrieb GmbH & Co. KG)",
        "group": "Gewerbe/ Industrie",
        "description": "Im Niesverband-Gebiet,\nAnhang 3 AbwV",
        "phone": "",
        "email": "h.steins@kartoffel-boehmer.de",
        "color": "#d946ef",
        "id": "a38_mravpp3j"
      }
    },
    {
      "type": "Feature",
      "id": "excel_39",
      "geometry": {
        "type": "Point",
        "coordinates": [
          6.4846119941441325,
          50.80499500338719
        ]
      },
      "properties": {
        "name": "Maximilian Jeglorz (Bezirksregierung Arnsberg)",
        "group": "Behörde",
        "description": "",
        "phone": "",
        "email": "maximilian.jeglorz@bra.nrw.de",
        "color": "#f43f5e",
        "id": "a39_mravpp3j"
      }
    },
    {
      "type": "Feature",
      "id": "excel_40",
      "geometry": {
        "type": "Point",
        "coordinates": [
          6.772462995935434,
          51.2379440034258
        ]
      },
      "properties": {
        "name": "Guido Gohres (Bezirksregierung Düsseldorf)",
        "group": "Behörde",
        "description": "Teile des RR sind im Zuständigkeitsbereich der BR Düsseldorf",
        "phone": "",
        "email": "guido.gohres@brd.nrw.de",
        "color": "#f43f5e",
        "id": "a40_mravpp3j"
      }
    },
    {
      "type": "Feature",
      "id": "excel_41",
      "geometry": {
        "type": "Point",
        "coordinates": [
          6.772462995935434,
          51.2379440034258
        ]
      },
      "properties": {
        "name": "Petra Korp (Bezirksregierung Düsseldorf)",
        "group": "Behörde",
        "description": "Teile des RR sind im Zuständigkeitsbereich der BR Düsseldorf",
        "phone": "",
        "email": "petra.korp@brd.nrw.de",
        "color": "#f43f5e",
        "id": "a41_mravpp3j"
      }
    },
    {
      "type": "Feature",
      "id": "excel_42",
      "geometry": {
        "type": "Point",
        "coordinates": [
          6.772462995935434,
          51.2379440034258
        ]
      },
      "properties": {
        "name": "Britta Wöllecke (Bezirksregierung Düsseldorf)",
        "group": "Behörde",
        "description": "",
        "phone": "",
        "email": "britta.woellecke@brd.nrw.de",
        "color": "#f43f5e",
        "id": "a42_mravpp3j"
      }
    },
    {
      "type": "Feature",
      "id": "excel_43",
      "geometry": {
        "type": "Point",
        "coordinates": [
          6.772462995935434,
          51.2379440034258
        ]
      },
      "properties": {
        "name": "Steffen Richter (Bezirksregierung Düsseldorf)",
        "group": "Behörde",
        "description": "",
        "phone": "",
        "email": "steffen.richter@brd.nrw.de",
        "color": "#f43f5e",
        "id": "a43_mravpp3j"
      }
    },
    {
      "type": "Feature",
      "id": "excel_44",
      "geometry": {
        "type": "Point",
        "coordinates": [
          6.949756000650613,
          50.94140600452596
        ]
      },
      "properties": {
        "name": "Gero Babin (Bezirksregierung Köln)",
        "group": "Behörde",
        "description": "Zuständige Person für ZWB Land NRW",
        "phone": "",
        "email": "gero.babin@bezreg-koeln.nrw.de",
        "color": "#f43f5e",
        "id": "a44_mravpp3j"
      }
    },
    {
      "type": "Feature",
      "id": "excel_45",
      "geometry": {
        "type": "Point",
        "coordinates": [
          6.949756000650613,
          50.94140600452596
        ]
      },
      "properties": {
        "name": "Michael Mohren (Bezirksregierung Köln)",
        "group": "Behörde",
        "description": "Teile des RR sind im Zuständigkeitsbereich der BR Köln",
        "phone": "",
        "email": "michael.mohren@bezreg-koeln.nrw.de",
        "color": "#f43f5e",
        "id": "a45_mravpp3j"
      }
    },
    {
      "type": "Feature",
      "id": "excel_46",
      "geometry": {
        "type": "Point",
        "coordinates": [
          6.949756000650613,
          50.94140600452596
        ]
      },
      "properties": {
        "name": "Nicole Grevenstein (Bezirksregierung Köln)",
        "group": "Behörde",
        "description": "",
        "phone": "",
        "email": "Nicole.Grevenstein@bezreg-koeln.nrw.de",
        "color": "#f43f5e",
        "id": "a46_mravpp3j"
      }
    },
    {
      "type": "Feature",
      "id": "excel_47",
      "geometry": {
        "type": "Point",
        "coordinates": [
          6.949756000650613,
          50.94140600452596
        ]
      },
      "properties": {
        "name": "Viktor Stremel (Bezirksregierung Köln)",
        "group": "Behörde",
        "description": "",
        "phone": "",
        "email": "Viktor.Stremel@bezreg-koeln.nrw.de",
        "color": "#f43f5e",
        "id": "a47_mravpp3j"
      }
    },
    {
      "type": "Feature",
      "id": "excel_48",
      "geometry": {
        "type": "Point",
        "coordinates": [
          6.949756000650613,
          50.94140600452596
        ]
      },
      "properties": {
        "name": "Fabian Jungmann (Bezirksregierung Köln)",
        "group": "Behörde",
        "description": "",
        "phone": "",
        "email": "Fabian.Jungmann@bezreg-koeln.nrw.de",
        "color": "#f43f5e",
        "id": "a48_mravpp3j"
      }
    },
    {
      "type": "Feature",
      "id": "excel_49",
      "geometry": {
        "type": "Point",
        "coordinates": [
          6.949756000650613,
          50.94140600452596
        ]
      },
      "properties": {
        "name": "Kristina Krüger (Bezirksregierung Köln)",
        "group": "Behörde",
        "description": "",
        "phone": "",
        "email": "kristina.krueger@bezreg-koeln.nrw.de",
        "color": "#f43f5e",
        "id": "a49_mravpp3j"
      }
    },
    {
      "type": "Feature",
      "id": "excel_50",
      "geometry": {
        "type": "Point",
        "coordinates": [
          6.949756000650613,
          50.94140600452596
        ]
      },
      "properties": {
        "name": "Carolin Stollwerk (Bezirksregierung Köln)",
        "group": "Behörde",
        "description": "",
        "phone": "",
        "email": "carolin.stollwerk@bezreg-koeln.nrw.de",
        "color": "#f43f5e",
        "id": "a50_mravpp3j"
      }
    },
    {
      "type": "Feature",
      "id": "excel_51",
      "geometry": {
        "type": "Point",
        "coordinates": [
          6.046161996815083,
          50.78312299824592
        ]
      },
      "properties": {
        "name": "Gabriel Heineke (Center Smart Industrial Agriculture GmbH;\nWerkzeugmaschinenlabor WZL der RWTH Aachen)",
        "group": "Forschung",
        "description": "",
        "phone": "",
        "email": "g.heineke@csia-campus.com;\nG.Heineke@wzl.rwth-aachen.de",
        "color": "#3b82f6",
        "id": "a51_mravpp3j"
      }
    },
    {
      "type": "Feature",
      "id": "excel_52",
      "geometry": {
        "type": "Point",
        "coordinates": [
          6.046161996815083,
          50.78312299824592
        ]
      },
      "properties": {
        "name": "Esben Schukat (Center Smart Industrial Agriculture GmbH;\nWerkzeugmaschinenlabor WZL der RWTH Aachen)",
        "group": "Forschung",
        "description": "",
        "phone": "",
        "email": "e.schukat@csia-campus.com",
        "color": "#3b82f6",
        "id": "a52_mravpp3j"
      }
    },
    {
      "type": "Feature",
      "id": "excel_53",
      "geometry": {
        "type": "Point",
        "coordinates": [
          6.55775799916853,
          50.42058799924306
        ]
      },
      "properties": {
        "name": "Nima Haghighatian (Gemeinde Dahlem)",
        "group": "Gebietskörperschaft",
        "description": "Verteiler ZRR (K. Werken)",
        "phone": "",
        "email": "n.haghighatian@dahlem.de",
        "color": "#fbbf24",
        "id": "a53_mravpp3j"
      }
    },
    {
      "type": "Feature",
      "id": "excel_54",
      "geometry": {
        "type": "Point",
        "coordinates": [
          6.55775799916853,
          50.42058799924306
        ]
      },
      "properties": {
        "name": "Jana Lembach (Gemeinde Dahlem)",
        "group": "Gebietskörperschaft",
        "description": "Mitglied beim WVER",
        "phone": "",
        "email": "buergermeister@dahlem.de",
        "color": "#fbbf24",
        "id": "a54_mravpp3j"
      }
    },
    {
      "type": "Feature",
      "id": "excel_55",
      "geometry": {
        "type": "Point",
        "coordinates": [
          6.487668002989559,
          50.80553700013155
        ]
      },
      "properties": {
        "name": "Natascha Bücken (Kreis Düren)",
        "group": "Gebietskörperschaft",
        "description": "",
        "phone": "",
        "email": "N.Buecken@kreis-dueren.de",
        "color": "#fbbf24",
        "id": "a55_mravpp3j"
      }
    },
    {
      "type": "Feature",
      "id": "excel_56",
      "geometry": {
        "type": "Point",
        "coordinates": [
          6.487668002989559,
          50.80553700013155
        ]
      },
      "properties": {
        "name": "Susanne Dettlaff (Kreis Düren)",
        "group": "Gebietskörperschaft",
        "description": "",
        "phone": "",
        "email": "S.Dettlaff@kreis-dueren.de",
        "color": "#fbbf24",
        "id": "a56_mravpp3j"
      }
    },
    {
      "type": "Feature",
      "id": "excel_57",
      "geometry": {
        "type": "Point",
        "coordinates": [
          6.487668002989559,
          50.80553700013155
        ]
      },
      "properties": {
        "name": "Kathrin Hamacher (Kreis Düren)",
        "group": "Gebietskörperschaft",
        "description": "",
        "phone": "",
        "email": "K.Hamacher@Kreis-Dueren.de",
        "color": "#fbbf24",
        "id": "a57_mravpp3j"
      }
    },
    {
      "type": "Feature",
      "id": "excel_58",
      "geometry": {
        "type": "Point",
        "coordinates": [
          6.487668002989559,
          50.80553700013155
        ]
      },
      "properties": {
        "name": "Ralf Kreischer (Kreis Düren)",
        "group": "Gebietskörperschaft",
        "description": "",
        "phone": "",
        "email": "r.kreischer@kreis-dueren.de",
        "color": "#fbbf24",
        "id": "a58_mravpp3j"
      }
    },
    {
      "type": "Feature",
      "id": "excel_59",
      "geometry": {
        "type": "Point",
        "coordinates": [
          6.487291993499523,
          50.80658599848388
        ]
      },
      "properties": {
        "name": "Anne Schüssler (Kreis Düren)",
        "group": "Gebietskörperschaft",
        "description": "",
        "phone": "",
        "email": "A.Schuessler@kreis-dueren.de",
        "color": "#fbbf24",
        "id": "a59_mravpp3j"
      }
    },
    {
      "type": "Feature",
      "id": "excel_60",
      "geometry": {
        "type": "Point",
        "coordinates": [
          6.487668002989559,
          50.80553700013155
        ]
      },
      "properties": {
        "name": "Susanne Schepers (Kreis Düren)",
        "group": "Gebietskörperschaft",
        "description": "",
        "phone": "",
        "email": "S.Schepers@kreis-dueren.de",
        "color": "#fbbf24",
        "id": "a60_mravpp3j"
      }
    },
    {
      "type": "Feature",
      "id": "excel_61",
      "geometry": {
        "type": "Point",
        "coordinates": [
          6.487291993499523,
          50.80658599848388
        ]
      },
      "properties": {
        "name": "Kevin Langenbach (Kreis Düren)",
        "group": "Gebietskörperschaft",
        "description": "",
        "phone": "",
        "email": "k.langenbach@kreis-dueren.de",
        "color": "#fbbf24",
        "id": "a61_mravpp3j"
      }
    },
    {
      "type": "Feature",
      "id": "excel_62",
      "geometry": {
        "type": "Point",
        "coordinates": [
          6.487668002989559,
          50.80553700013155
        ]
      },
      "properties": {
        "name": "Jill Destrée-Teusch (Kreis Düren)",
        "group": "Gebietskörperschaft",
        "description": "",
        "phone": "",
        "email": "J.Destree-Teusch@Kreis-Dueren.de",
        "color": "#fbbf24",
        "id": "a62_mravpp3j"
      }
    },
    {
      "type": "Feature",
      "id": "excel_63",
      "geometry": {
        "type": "Point",
        "coordinates": [
          6.487291993499523,
          50.80658599848388
        ]
      },
      "properties": {
        "name": "Hanna Hage (Kreis Düren)",
        "group": "Gebietskörperschaft",
        "description": "Verteiler ZRR (K. Werken)",
        "phone": "",
        "email": "h.hage@kreis-dueren.de",
        "color": "#fbbf24",
        "id": "a63_mravpp3j"
      }
    },
    {
      "type": "Feature",
      "id": "excel_64",
      "geometry": {
        "type": "Point",
        "coordinates": [
          6.487668002989559,
          50.80553700013155
        ]
      },
      "properties": {
        "name": "Martin Baumann (Kreis Düren)",
        "group": "Gebietskörperschaft",
        "description": "Verteiler ZRR (K. Werken)",
        "phone": "",
        "email": "m.baumann@kreis-dueren.de",
        "color": "#fbbf24",
        "id": "a64_mravpp3j"
      }
    },
    {
      "type": "Feature",
      "id": "excel_65",
      "geometry": {
        "type": "Point",
        "coordinates": [
          6.487668002989559,
          50.80553700013155
        ]
      },
      "properties": {
        "name": "Kim Katharina Ruland (Kreis Düren)",
        "group": "Gebietskörperschaft",
        "description": "Verteiler ZRR (K. Werken)",
        "phone": "",
        "email": "k.ruland@kreis-dueren.de",
        "color": "#fbbf24",
        "id": "a65_mravpp3j"
      }
    },
    {
      "type": "Feature",
      "id": "excel_66",
      "geometry": {
        "type": "Point",
        "coordinates": [
          6.487668002989559,
          50.80553700013155
        ]
      },
      "properties": {
        "name": "Christian Schemp (Kreis Düren)",
        "group": "Gebietskörperschaft",
        "description": "Verteiler ZRR (K. Werken)",
        "phone": "",
        "email": "ch.schemp@kreis-dueren.de",
        "color": "#fbbf24",
        "id": "a66_mravpp3j"
      }
    },
    {
      "type": "Feature",
      "id": "excel_67",
      "geometry": {
        "type": "Point",
        "coordinates": [
          6.487668002989559,
          50.80553700013155
        ]
      },
      "properties": {
        "name": "Lothar Gerhards (Kreis Düren)",
        "group": "Gebietskörperschaft",
        "description": "Erweiterter Verteiler blau-grüne Infrastruktur R. Hausmann",
        "phone": "",
        "email": "l.gerhards@Kreis-Dueren.de",
        "color": "#fbbf24",
        "id": "a67_mravpp3j"
      }
    },
    {
      "type": "Feature",
      "id": "excel_68",
      "geometry": {
        "type": "Point",
        "coordinates": [
          6.820876002321518,
          51.09273700224804
        ]
      },
      "properties": {
        "name": "Janis Hackbarth (Stadt Dormagen)",
        "group": "Gebietskörperschaft",
        "description": "Verteiler ZRR (K. Werken)",
        "phone": "",
        "email": "janis.hackbarth@stadt-dormagen.de",
        "color": "#fbbf24",
        "id": "a68_mravpp3j"
      }
    },
    {
      "type": "Feature",
      "id": "excel_69",
      "geometry": {
        "type": "Point",
        "coordinates": [
          6.482060995704271,
          50.80328900127496
        ]
      },
      "properties": {
        "name": "Benjamin Raßmanns (Stadt Düren)",
        "group": "Gebietskörperschaft",
        "description": "",
        "phone": "",
        "email": "b.rassmanns@dueren.de",
        "color": "#fbbf24",
        "id": "a69_mravpp3j"
      }
    },
    {
      "type": "Feature",
      "id": "excel_70",
      "geometry": {
        "type": "Point",
        "coordinates": [
          6.482060995704271,
          50.80328900127496
        ]
      },
      "properties": {
        "name": "Steffen Rosier (Stadt Düren)",
        "group": "Gebietskörperschaft",
        "description": "Erweiterter Verteiler blau-grüne Infrastruktur R. Hausmann",
        "phone": "",
        "email": "s.rosier@dueren.de",
        "color": "#fbbf24",
        "id": "a70_mravpp3j"
      }
    },
    {
      "type": "Feature",
      "id": "excel_71",
      "geometry": {
        "type": "Point",
        "coordinates": [
          6.562243998179771,
          50.93819400464263
        ]
      },
      "properties": {
        "name": "Chiara Dick (Stadt Elsdorf)",
        "group": "Gebietskörperschaft",
        "description": "Verteiler ZRR (K. Werken)",
        "phone": "",
        "email": "cdick@elsdorf.de",
        "color": "#fbbf24",
        "id": "a71_mravpp3j"
      }
    },
    {
      "type": "Feature",
      "id": "excel_72",
      "geometry": {
        "type": "Point",
        "coordinates": [
          6.562243998179771,
          50.93819400464263
        ]
      },
      "properties": {
        "name": "Sabine Kirchbach-Niesel (Stadt Elsdorf)",
        "group": "Gebietskörperschaft",
        "description": "Verteiler ZRR (K. Werken)",
        "phone": "",
        "email": "Sabine.Kirchbach-Niesel@elsdorf.de",
        "color": "#fbbf24",
        "id": "a72_mravpp3j"
      }
    },
    {
      "type": "Feature",
      "id": "excel_73",
      "geometry": {
        "type": "Point",
        "coordinates": [
          6.562243998179771,
          50.93819400464263
        ]
      },
      "properties": {
        "name": "Jan Leonhardt (Stadt Elsdorf)",
        "group": "Gebietskörperschaft",
        "description": "Verteiler ZRR (K. Werken)",
        "phone": "",
        "email": "jleonhardt@elsdorf.de",
        "color": "#fbbf24",
        "id": "a73_mravpp3j"
      }
    },
    {
      "type": "Feature",
      "id": "excel_74",
      "geometry": {
        "type": "Point",
        "coordinates": [
          6.562243998179771,
          50.93819400464263
        ]
      },
      "properties": {
        "name": "Caroline Metzen (Stadt Elsdorf)",
        "group": "Gebietskörperschaft",
        "description": "Verteiler ZRR (K. Werken)",
        "phone": "",
        "email": "cmetzen@elsdorf.de",
        "color": "#fbbf24",
        "id": "a74_mravpp3j"
      }
    },
    {
      "type": "Feature",
      "id": "excel_75",
      "geometry": {
        "type": "Point",
        "coordinates": [
          6.562243998179771,
          50.93819400464263
        ]
      },
      "properties": {
        "name": "Katharina Piront (Stadt Elsdorf)",
        "group": "Gebietskörperschaft",
        "description": "Verteiler ZRR (K. Werken)",
        "phone": "",
        "email": "kpiront@elsdorf.de",
        "color": "#fbbf24",
        "id": "a75_mravpp3j"
      }
    },
    {
      "type": "Feature",
      "id": "excel_76",
      "geometry": {
        "type": "Point",
        "coordinates": [
          6.562243998179771,
          50.93819400464263
        ]
      },
      "properties": {
        "name": "Eleonore Witschass (Stadt Elsdorf)",
        "group": "Gebietskörperschaft",
        "description": "Erweiterter Verteiler blau-grüne Infrastruktur R. Hausmann",
        "phone": "",
        "email": "eleonore.witschass@elsdorf.de",
        "color": "#fbbf24",
        "id": "a76_mravpp3j"
      }
    },
    {
      "type": "Feature",
      "id": "excel_77",
      "geometry": {
        "type": "Point",
        "coordinates": [
          6.790890996277695,
          51.290269000003974
        ]
      },
      "properties": {
        "name": "Shayan Alizadeh (NRW.Energy4Climate GmbH)",
        "group": "Netzwerk/ Multiplikator",
        "description": "",
        "phone": "",
        "email": "shayan.alizadeh@energy4climate.nrw",
        "color": "#ff007f",
        "id": "a77_mravpp3j"
      }
    },
    {
      "type": "Feature",
      "id": "excel_78",
      "geometry": {
        "type": "Point",
        "coordinates": [
          6.790890996277695,
          51.290269000003974
        ]
      },
      "properties": {
        "name": "Regina Dietrich (NRW.Energy4Climate GmbH)",
        "group": "Netzwerk/ Multiplikator",
        "description": "",
        "phone": "",
        "email": "regina.dietrich@energy4climate.nrw",
        "color": "#ff007f",
        "id": "a78_mravpp3j"
      }
    },
    {
      "type": "Feature",
      "id": "excel_79",
      "geometry": {
        "type": "Point",
        "coordinates": [
          6.790890996277695,
          51.290269000003974
        ]
      },
      "properties": {
        "name": "Elisa Kügler (NRW.Energy4Climate GmbH)",
        "group": "Netzwerk/ Multiplikator",
        "description": "",
        "phone": "",
        "email": "elisa.kuegler@energy4climate.nrw",
        "color": "#ff007f",
        "id": "a79_mravpp3j"
      }
    },
    {
      "type": "Feature",
      "id": "excel_80",
      "geometry": {
        "type": "Point",
        "coordinates": [
          6.790890996277695,
          51.290269000003974
        ]
      },
      "properties": {
        "name": "Jonathan Lieder (NRW.Energy4Climate GmbH)",
        "group": "Netzwerk/ Multiplikator",
        "description": "",
        "phone": "",
        "email": "jonathan.lieder@energy4climate.nrw",
        "color": "#ff007f",
        "id": "a80_mravpp3j"
      }
    },
    {
      "type": "Feature",
      "id": "excel_81",
      "geometry": {
        "type": "Point",
        "coordinates": [
          6.790890996277695,
          51.290269000003974
        ]
      },
      "properties": {
        "name": "Verena Busse (NRW.Energy4Climate GmbH)",
        "group": "Netzwerk/ Multiplikator",
        "description": "Verteiler ZRR (K. Werken)",
        "phone": "",
        "email": "verena.busse@energy4climate.nrw",
        "color": "#ff007f",
        "id": "a81_mravpp3j"
      }
    },
    {
      "type": "Feature",
      "id": "excel_82",
      "geometry": {
        "type": "Point",
        "coordinates": [
          6.815100000451524,
          50.8022950021455
        ]
      },
      "properties": {
        "name": "Bärbel Ackermann (Stadt Erftstadt)",
        "group": "Gebietskörperschaft",
        "description": "Erweiterter Verteiler blau-grüne Infrastruktur R. Hausmann",
        "phone": "",
        "email": "Baerbel.Ackermann@erftstadt.de",
        "color": "#fbbf24",
        "id": "a82_mravpp3j"
      }
    },
    {
      "type": "Feature",
      "id": "excel_83",
      "geometry": {
        "type": "Point",
        "coordinates": [
          6.630731001425003,
          50.96050800238247
        ]
      },
      "properties": {
        "name": "Nils Cremer (Erftverband)",
        "group": "Ver-/ Entsorger",
        "description": "Vortrag beim Netzwerktreffen KOMM.RHEIN.REVIER; über Herrn Küppers des Projektes kontaktieren",
        "phone": "",
        "email": "nils.cremer@erftverband.de",
        "color": "#ff7300",
        "id": "a83_mravpp3j"
      }
    },
    {
      "type": "Feature",
      "id": "excel_84",
      "geometry": {
        "type": "Point",
        "coordinates": [
          6.630731001425003,
          50.96050800238247
        ]
      },
      "properties": {
        "name": "Dietmar Jansen (Erftverband)",
        "group": "Ver-/ Entsorger",
        "description": "",
        "phone": "",
        "email": "Dietmar.Jansen@Erftverband.de",
        "color": "#ff7300",
        "id": "a84_mravpp3j"
      }
    },
    {
      "type": "Feature",
      "id": "excel_85",
      "geometry": {
        "type": "Point",
        "coordinates": [
          6.630731001425003,
          50.96050800238247
        ]
      },
      "properties": {
        "name": "Tobias Küppers (Erftverband)",
        "group": "Ver-/ Entsorger",
        "description": "Mitglied des Projekts KOMM.RHEIN.REVIER",
        "phone": "",
        "email": "tobias.kueppers@erftverbannd.de",
        "color": "#ff7300",
        "id": "a85_mravpp3j"
      }
    },
    {
      "type": "Feature",
      "id": "excel_86",
      "geometry": {
        "type": "Point",
        "coordinates": [
          6.630731001425003,
          50.96050800238247
        ]
      },
      "properties": {
        "name": "Petra von Zehmen (Erftverband)",
        "group": "Ver-/ Entsorger",
        "description": "Mitglied des Projekts KOMM.RHEIN.REVIER",
        "phone": "",
        "email": "Petra.vonZehmen@erftverband.de",
        "color": "#ff7300",
        "id": "a86_mravpp3j"
      }
    },
    {
      "type": "Feature",
      "id": "excel_87",
      "geometry": {
        "type": "Point",
        "coordinates": [
          6.314079000354718,
          51.08019100254338
        ]
      },
      "properties": {
        "name": "Sandra Schürger (Stadt Erkelenz)",
        "group": "Gebietskörperschaft",
        "description": "",
        "phone": "",
        "email": "sandra.schuerger@erkelenz.de",
        "color": "#fbbf24",
        "id": "a87_mravpp3j"
      }
    },
    {
      "type": "Feature",
      "id": "excel_88",
      "geometry": {
        "type": "Point",
        "coordinates": [
          6.314079000354718,
          51.08019100254338
        ]
      },
      "properties": {
        "name": "Benedikt Wouters (Stadt Erkelenz)",
        "group": "Gebietskörperschaft",
        "description": "",
        "phone": "",
        "email": "benedikt.wouters@erkelenz.de",
        "color": "#fbbf24",
        "id": "a88_mravpp3j"
      }
    },
    {
      "type": "Feature",
      "id": "excel_89",
      "geometry": {
        "type": "Point",
        "coordinates": [
          6.314079000354718,
          51.08019100254338
        ]
      },
      "properties": {
        "name": "Jana Fricke (Stadt Erkelenz)",
        "group": "Gebietskörperschaft",
        "description": "Verteiler ZRR (K. Werken)",
        "phone": "",
        "email": "jana.fricke@erkelenz.de",
        "color": "#fbbf24",
        "id": "a89_mravpp3j"
      }
    },
    {
      "type": "Feature",
      "id": "excel_90",
      "geometry": {
        "type": "Point",
        "coordinates": [
          6.314079000354718,
          51.08019100254338
        ]
      },
      "properties": {
        "name": "Eric Kappes (Stadt Erkelenz)",
        "group": "Gebietskörperschaft",
        "description": "Verteiler ZRR (K. Werken)",
        "phone": "",
        "email": "eric.kappes@erkelenz.de",
        "color": "#fbbf24",
        "id": "a90_mravpp3j"
      }
    },
    {
      "type": "Feature",
      "id": "excel_91",
      "geometry": {
        "type": "Point",
        "coordinates": [
          6.314079000354718,
          51.08019100254338
        ]
      },
      "properties": {
        "name": "Svetlana Saraev (Stadt Erkelenz)",
        "group": "Gebietskörperschaft",
        "description": "Verteiler ZRR (K. Werken)",
        "phone": "",
        "email": "svetlana.saraev@erkelenz.de",
        "color": "#fbbf24",
        "id": "a91_mravpp3j"
      }
    },
    {
      "type": "Feature",
      "id": "excel_92",
      "geometry": {
        "type": "Point",
        "coordinates": [
          6.922688012453882,
          50.94550503252443
        ]
      },
      "properties": {
        "name": "Bernadette Gehlen (erlebnisplan Deutschland GmbH)",
        "group": "Netzwerk/ Multiplikator",
        "description": "Verteiler ZRR (K. Werken)",
        "phone": "",
        "email": "bgehlen1108@gmail.com",
        "color": "#ff007f",
        "id": "a92_mravpp3j"
      }
    },
    {
      "type": "Feature",
      "id": "excel_93",
      "geometry": {
        "type": "Point",
        "coordinates": [
          6.715854820976373,
          51.20765738905613
        ]
      },
      "properties": {
        "name": "Angel Castro (Essity Operations Neuss GmbH)",
        "group": "Gewerbe/ Industrie",
        "description": "Außerhalb Wasserverbände NRW,\nAnhang 28, AbwV",
        "phone": "",
        "email": "minini777@hotmail.de",
        "color": "#d946ef",
        "id": "a93_mravpp3j"
      }
    },
    {
      "type": "Feature",
      "id": "excel_94",
      "geometry": {
        "type": "Point",
        "coordinates": [
          6.783701003338692,
          50.66979799813469
        ]
      },
      "properties": {
        "name": "Achim Blindert (Kreis Euskirchen)",
        "group": "Gebietskörperschaft",
        "description": "",
        "phone": "",
        "email": "achim.blindert@kreis-euskirchen.de",
        "color": "#fbbf24",
        "id": "a94_mravpp3j"
      }
    },
    {
      "type": "Feature",
      "id": "excel_95",
      "geometry": {
        "type": "Point",
        "coordinates": [
          6.783701003338692,
          50.66979799813469
        ]
      },
      "properties": {
        "name": "Marcel Schneider (Kreis Euskirchen)",
        "group": "Gebietskörperschaft",
        "description": "Nachfolger für Herrn Hartwig Kaven",
        "phone": "",
        "email": "marcel.schneider@kreis-euskirchen.de",
        "color": "#fbbf24",
        "id": "a95_mravpp3j"
      }
    },
    {
      "type": "Feature",
      "id": "excel_96",
      "geometry": {
        "type": "Point",
        "coordinates": [
          6.783701003338692,
          50.66979799813469
        ]
      },
      "properties": {
        "name": "Saskia Gall-Röhrig (Kreis Euskirchen)",
        "group": "Gebietskörperschaft",
        "description": "Verteiler ZRR (K. Werken):\nKennengelernt beim Netzwerktreffen zu KOMM.RHEIN.REVIER; involviert in Machbarkeitsstudie zur Wasserwiederverwendung in der Zülpicher Börde",
        "phone": "",
        "email": "saskia.gall-roehrig@kreis-euskirchen.de",
        "color": "#fbbf24",
        "id": "a96_mravpp3j"
      }
    },
    {
      "type": "Feature",
      "id": "excel_97",
      "geometry": {
        "type": "Point",
        "coordinates": [
          6.783701003338692,
          50.66979799813469
        ]
      },
      "properties": {
        "name": "Sarah Komp (Kreis Euskirchen)",
        "group": "Gebietskörperschaft",
        "description": "Verteiler ZRR (K. Werken)",
        "phone": "",
        "email": "sarah.komp@kreis-euskirchen.de",
        "color": "#fbbf24",
        "id": "a97_mravpp3j"
      }
    },
    {
      "type": "Feature",
      "id": "excel_98",
      "geometry": {
        "type": "Point",
        "coordinates": [
          6.792006992789286,
          50.65583600368933
        ]
      },
      "properties": {
        "name": "Pia Rehburg (Stadt Euskirchen)",
        "group": "Gebietskörperschaft",
        "description": "Verteiler ZRR (K. Werken)",
        "phone": "",
        "email": "prehburg@euskirchen.de",
        "color": "#fbbf24",
        "id": "a98_mravpp3j"
      }
    },
    {
      "type": "Feature",
      "id": "excel_99",
      "geometry": {
        "type": "Point",
        "coordinates": [
          6.973935923315187,
          50.837215954874175
        ]
      },
      "properties": {
        "name": "Olaf Breuer (Evonik Operations GmbH – Werk Wesseling)",
        "group": "Gewerbe/ Industrie",
        "description": "Außerhalb Wasserverbände NRW,\nAnhang 22, AbwV,\nansässig auf dem Chemiepark Wesseling",
        "phone": "",
        "email": "olaf.breuer@evonik.com;\nolaf@breuerathome.de",
        "color": "#d946ef",
        "id": "a99_mravpp3j"
      }
    },
    {
      "type": "Feature",
      "id": "excel_100",
      "geometry": {
        "type": "Point",
        "coordinates": [
          6.051410002362722,
          50.794084999355285
        ]
      },
      "properties": {
        "name": "Mark Braun (Forschungsinstitut für Wasserwirtschaft und Klimazukunft an der RWTH Aachen (FiW) e. V.)",
        "group": "Konsortium",
        "description": "",
        "phone": "",
        "email": "braun@fiw.rwth-aachen.de",
        "color": "#8b5cf6",
        "id": "a100_mravpp3j"
      }
    },
    {
      "type": "Feature",
      "id": "excel_101",
      "geometry": {
        "type": "Point",
        "coordinates": [
          6.051410002362722,
          50.794084999355285
        ]
      },
      "properties": {
        "name": "Nina Ott (Forschungsinstitut für Wasserwirtschaft und Klimazukunft an der RWTH Aachen (FiW) e. V.)",
        "group": "Konsortium",
        "description": "",
        "phone": "",
        "email": "ott@fiw.rwth-aachen.de",
        "color": "#8b5cf6",
        "id": "a101_mravpp3j"
      }
    },
    {
      "type": "Feature",
      "id": "excel_102",
      "geometry": {
        "type": "Point",
        "coordinates": [
          6.051410002362722,
          50.794084999355285
        ]
      },
      "properties": {
        "name": "René Kremer (Forschungsinstitut für Wasserwirtschaft und Klimazukunft an der RWTH Aachen (FiW) e. V.)",
        "group": "Konsortium",
        "description": "",
        "phone": "",
        "email": "kremer@fiw.rwth-aachen.de",
        "color": "#8b5cf6",
        "id": "a102_mravpp3j"
      }
    },
    {
      "type": "Feature",
      "id": "excel_103",
      "geometry": {
        "type": "Point",
        "coordinates": [
          6.051410002362722,
          50.794084999355285
        ]
      },
      "properties": {
        "name": "Zoe Boller (Forschungsinstitut für Wasserwirtschaft und Klimazukunft an der RWTH Aachen (FiW) e. V.)",
        "group": "Konsortium",
        "description": "",
        "phone": "",
        "email": "zoe.boller@rwth-aachen.de",
        "color": "#8b5cf6",
        "id": "a103_mravpp3j"
      }
    },
    {
      "type": "Feature",
      "id": "excel_104",
      "geometry": {
        "type": "Point",
        "coordinates": [
          6.051410002362722,
          50.794084999355285
        ]
      },
      "properties": {
        "name": "Annika Görtz (Forschungsinstitut für Wasserwirtschaft und Klimazukunft an der RWTH Aachen (FiW) e. V.)",
        "group": "Konsortium",
        "description": "",
        "phone": "",
        "email": "annika.goertz01@gmail.com",
        "color": "#8b5cf6",
        "id": "a104_mravpp3j"
      }
    },
    {
      "type": "Feature",
      "id": "excel_105",
      "geometry": {
        "type": "Point",
        "coordinates": [
          6.051410002362722,
          50.794084999355285
        ]
      },
      "properties": {
        "name": "Michael Durst (Forschungsinstitut für Wasserwirtschaft und Klimazukunft an der RWTH Aachen (FiW) e. V.)",
        "group": "Konsortium",
        "description": "",
        "phone": "",
        "email": "durst@fiw.rwth-aachen.de",
        "color": "#8b5cf6",
        "id": "a105_mravpp3j"
      }
    },
    {
      "type": "Feature",
      "id": "excel_106",
      "geometry": {
        "type": "Point",
        "coordinates": [
          6.051410002362722,
          50.794084999355285
        ]
      },
      "properties": {
        "name": "Jutta Niederste-Hollenberg (Forschungsinstitut für Wasserwirtschaft und Klimazukunft an der RWTH Aachen (FiW) e. V.)",
        "group": "Konsortium",
        "description": "",
        "phone": "",
        "email": "niederste-hollenberg@fiw.rwth-aachen.de",
        "color": "#8b5cf6",
        "id": "a106_mravpp3j"
      }
    },
    {
      "type": "Feature",
      "id": "excel_107",
      "geometry": {
        "type": "Point",
        "coordinates": [
          6.051410002362722,
          50.794084999355285
        ]
      },
      "properties": {
        "name": "Henry Riße (Forschungsinstitut für Wasserwirtschaft und Klimazukunft an der RWTH Aachen (FiW) e. V.)",
        "group": "Konsortium",
        "description": "",
        "phone": "",
        "email": "risse@fiw.rwth-aachen.de",
        "color": "#8b5cf6",
        "id": "a107_mravpp3j"
      }
    },
    {
      "type": "Feature",
      "id": "excel_108",
      "geometry": {
        "type": "Point",
        "coordinates": [
          6.447741997349302,
          50.689314998428905
        ]
      },
      "properties": {
        "name": "Sven Leygraf (FaserInnovationsZentrum Zerkall e.V.)",
        "group": "Forschung",
        "description": "auf ZRR-Veranstaltung kennengelernt (FAc)",
        "phone": "",
        "email": "sven.leygraf@fizz-ev.de",
        "color": "#3b82f6",
        "id": "a108_mravpp3j"
      }
    },
    {
      "type": "Feature",
      "id": "excel_109",
      "geometry": {
        "type": "Point",
        "coordinates": [
          6.808373996823214,
          50.90803200494908
        ]
      },
      "properties": {
        "name": "Charlotte Königstein (Stadt Frechen)",
        "group": "Gebietskörperschaft",
        "description": "Verteiler ZRR (K. Werken)",
        "phone": "",
        "email": "charlotte.koenigstein@stadt-frechen.de",
        "color": "#fbbf24",
        "id": "a109_mravpp3j"
      }
    },
    {
      "type": "Feature",
      "id": "excel_110",
      "geometry": {
        "type": "Point",
        "coordinates": [
          6.808373996823214,
          50.90803200494908
        ]
      },
      "properties": {
        "name": "Philipp Schlenkert (Stadt Frechen)",
        "group": "Gebietskörperschaft",
        "description": "Verteiler ZRR (K. Werken)",
        "phone": "",
        "email": "philipp.schlenkert@stadt-frechen.de",
        "color": "#fbbf24",
        "id": "a110_mravpp3j"
      }
    },
    {
      "type": "Feature",
      "id": "excel_111",
      "geometry": {
        "type": "Point",
        "coordinates": [
          6.404387960907907,
          50.902699947286756
        ]
      },
      "properties": {
        "name": "Frank Herrmann (Forschungszentrum Jülich GmbH)",
        "group": "Forschung",
        "description": "Mitglied beim WVER;\nEntwicklung des Modells mGROWA, Mitarbeit im Projekt WADKlim",
        "phone": "",
        "email": "f.herrmann@fz-juelich.de",
        "color": "#3b82f6",
        "id": "a111_mravpp3j"
      }
    },
    {
      "type": "Feature",
      "id": "excel_112",
      "geometry": {
        "type": "Point",
        "coordinates": [
          5.997856009693226,
          50.990969004426226
        ]
      },
      "properties": {
        "name": "Guido Willems (Gemeinde Gangelt)",
        "group": "Gebietskörperschaft",
        "description": "Mitglied beim WVER",
        "phone": "",
        "email": "info@gangelt.de",
        "color": "#fbbf24",
        "id": "a112_mravpp3j"
      }
    },
    {
      "type": "Feature",
      "id": "excel_113",
      "geometry": {
        "type": "Point",
        "coordinates": [
          6.121082007184799,
          50.964522996453
        ]
      },
      "properties": {
        "name": "Maurice Gottschalk (Stadt Geilenkirchen)",
        "group": "Gebietskörperschaft",
        "description": "Erweiterter Verteiler blau-grüne Infrastruktur R. Hausmann",
        "phone": "",
        "email": "maurice.gottschalk@geilenkirchen.de",
        "color": "#fbbf24",
        "id": "a113_mravpp3j"
      }
    },
    {
      "type": "Feature",
      "id": "excel_114",
      "geometry": {
        "type": "Point",
        "coordinates": [
          6.958546995967418,
          50.74910700339347
        ]
      },
      "properties": {
        "name": "Norbert Pesch (Pesch Gemüse GmbH & Co. KG)",
        "group": "Landwirtschaft",
        "description": "Einladung am 24.04.2026 über NOt",
        "phone": "",
        "email": "n.pesch@t-online.de",
        "color": "#10b981",
        "id": "a114_mravpp3j"
      }
    },
    {
      "type": "Feature",
      "id": "excel_115",
      "geometry": {
        "type": "Point",
        "coordinates": [
          6.589592001748118,
          51.08922100030158
        ]
      },
      "properties": {
        "name": "Tobias Eßer (Stadt Grevenbroich)",
        "group": "Gebietskörperschaft",
        "description": "",
        "phone": "",
        "email": "Tobias.Esser@grevenbroich.de",
        "color": "#fbbf24",
        "id": "a115_mravpp3j"
      }
    },
    {
      "type": "Feature",
      "id": "excel_116",
      "geometry": {
        "type": "Point",
        "coordinates": [
          6.589592001748118,
          51.08922100030158
        ]
      },
      "properties": {
        "name": "Sven Nussbaum (Stadt Grevenbroich)",
        "group": "Gebietskörperschaft",
        "description": "",
        "phone": "",
        "email": "sven.nussbaum@grevenbroich.de",
        "color": "#fbbf24",
        "id": "a116_mravpp3j"
      }
    },
    {
      "type": "Feature",
      "id": "excel_117",
      "geometry": {
        "type": "Point",
        "coordinates": [
          6.589592001748118,
          51.08922100030158
        ]
      },
      "properties": {
        "name": "Christian Eßer (Stadt Grevenbroich)",
        "group": "Gebietskörperschaft",
        "description": "Verteiler ZRR (K. Werken)",
        "phone": "",
        "email": "christian.esser@grevenbroich.de",
        "color": "#fbbf24",
        "id": "a117_mravpp3j"
      }
    },
    {
      "type": "Feature",
      "id": "excel_118",
      "geometry": {
        "type": "Point",
        "coordinates": [
          6.589592001748118,
          51.08922100030158
        ]
      },
      "properties": {
        "name": "Christian Moede (Stadt Grevenbroich)",
        "group": "Gebietskörperschaft",
        "description": "Verteiler ZRR (K. Werken)",
        "phone": "",
        "email": "christian.moede@grevenbroich.de",
        "color": "#fbbf24",
        "id": "a118_mravpp3j"
      }
    },
    {
      "type": "Feature",
      "id": "excel_119",
      "geometry": {
        "type": "Point",
        "coordinates": [
          6.590582994561119,
          51.10350500163835
        ]
      },
      "properties": {
        "name": "Torsten Küpper (Gesellschaft für Wirtschaftsdienste Grevenbroich mbH)",
        "group": "Ver-/ Entsorger",
        "description": "",
        "phone": "",
        "email": "torsten.kuepper@gwd-grevenbroich.de",
        "color": "#ff7300",
        "id": "a119_mravpp3j"
      }
    },
    {
      "type": "Feature",
      "id": "excel_120",
      "geometry": {
        "type": "Point",
        "coordinates": [
          6.033170185165486,
          51.08893287563091
        ]
      },
      "properties": {
        "name": "Hubert Verbeek (Hubert Verbeek)",
        "group": "Gewerbe/ Industrie",
        "description": "Mitglied beim WVER",
        "phone": "",
        "email": "haarenermuehle@yahoo.de",
        "color": "#d946ef",
        "id": "a120_mravpp3j"
      }
    },
    {
      "type": "Feature",
      "id": "excel_121",
      "geometry": {
        "type": "Point",
        "coordinates": [
          6.477943002701191,
          50.633650998482665
        ]
      },
      "properties": {
        "name": "Frank Pick (Stadt Heimbach)",
        "group": "Gebietskörperschaft",
        "description": "Mitglied beim WVER",
        "phone": "",
        "email": "frank.pick@Heimbach-Eifel.de",
        "color": "#fbbf24",
        "id": "a121_mravpp3j"
      }
    },
    {
      "type": "Feature",
      "id": "excel_122",
      "geometry": {
        "type": "Point",
        "coordinates": [
          6.442452995514315,
          50.489583997689
        ]
      },
      "properties": {
        "name": "Werner Wamser (Gemeinde Hellenthal)",
        "group": "Gebietskörperschaft",
        "description": "Mitglied beim WVER",
        "phone": "",
        "email": "gemeinde@hellenthal.de",
        "color": "#fbbf24",
        "id": "a122_mravpp3j"
      }
    },
    {
      "type": "Feature",
      "id": "excel_123",
      "geometry": {
        "type": "Point",
        "coordinates": [
          6.09367900003882,
          50.866411003019685
        ]
      },
      "properties": {
        "name": "Eva Klee (Stadt Herzogenrath)",
        "group": "Gebietskörperschaft",
        "description": "ehemalige WM am IWW, Kontakt über M. Born & F. Achten",
        "phone": "",
        "email": "eva.klee@herzogenrath.de",
        "color": "#fbbf24",
        "id": "a123_mravpp3j"
      }
    },
    {
      "type": "Feature",
      "id": "excel_124",
      "geometry": {
        "type": "Point",
        "coordinates": [
          6.09367900003882,
          50.866411003019685
        ]
      },
      "properties": {
        "name": "Matthias Brück (Stadt Herzogenrath)",
        "group": "Gebietskörperschaft",
        "description": "",
        "phone": "",
        "email": "Matthias.Brueck@herzogenrath.de",
        "color": "#fbbf24",
        "id": "a124_mravpp3j"
      }
    },
    {
      "type": "Feature",
      "id": "excel_125",
      "geometry": {
        "type": "Point",
        "coordinates": [
          6.09367900003882,
          50.866411003019685
        ]
      },
      "properties": {
        "name": "Julia Siebert-Thaden (Stadt Herzogenrath)",
        "group": "Gebietskörperschaft",
        "description": "Verteiler ZRR (K. Werken)",
        "phone": "",
        "email": "julia.siebert-thaden@herzogenrath.de",
        "color": "#fbbf24",
        "id": "a125_mravpp3j"
      }
    },
    {
      "type": "Feature",
      "id": "excel_126",
      "geometry": {
        "type": "Point",
        "coordinates": [
          6.690930807467659,
          50.6427245211491
        ]
      },
      "properties": {
        "name": "Florian Geurden (Hochwald Foods Whey Ingredients GmbH – Werk Mechernich)",
        "group": "Gewerbe/ Industrie",
        "description": "Im Erftverband-Gebiet,\nAnhang 3 AbwV",
        "phone": "",
        "email": "f.geurden@hochwald.de",
        "color": "#d946ef",
        "id": "a126_mravpp3j"
      }
    },
    {
      "type": "Feature",
      "id": "excel_127",
      "geometry": {
        "type": "Point",
        "coordinates": [
          6.107434997194719,
          51.060543996345515
        ]
      },
      "properties": {
        "name": "Alexander Küsters (Kreis Heinsberg)",
        "group": "Gebietskörperschaft",
        "description": "Nachfolger von Frau Sonja Zaunbrecher",
        "phone": "",
        "email": "alexander.kuesters@kreis-heinsberg.de",
        "color": "#fbbf24",
        "id": "a127_mravpp3j"
      }
    },
    {
      "type": "Feature",
      "id": "excel_128",
      "geometry": {
        "type": "Point",
        "coordinates": [
          6.107434997194719,
          51.060543996345515
        ]
      },
      "properties": {
        "name": "Stefan Habetz (Kreis Heinsberg)",
        "group": "Gebietskörperschaft",
        "description": "",
        "phone": "",
        "email": "stefan.habetz@kreis-heinsberg.de",
        "color": "#fbbf24",
        "id": "a128_mravpp3j"
      }
    },
    {
      "type": "Feature",
      "id": "excel_129",
      "geometry": {
        "type": "Point",
        "coordinates": [
          6.224518998529188,
          51.05509000000724
        ]
      },
      "properties": {
        "name": "Christoph Breuer (Stadt Hückelhoven)",
        "group": "Gebietskörperschaft",
        "description": "Mitglied beim WVER",
        "phone": "",
        "email": "Christoph.Breuer@Hueckelhoven.de",
        "color": "#fbbf24",
        "id": "a129_mravpp3j"
      }
    },
    {
      "type": "Feature",
      "id": "excel_130",
      "geometry": {
        "type": "Point",
        "coordinates": [
          6.395581994491171,
          50.72209299707408
        ]
      },
      "properties": {
        "name": "Ulf Breuer (Gemeinde Hürtgenwald)",
        "group": "Gebietskörperschaft",
        "description": "Mitglied beim WVER",
        "phone": "",
        "email": "buergermeister@huertgenwald.de",
        "color": "#fbbf24",
        "id": "a130_mravpp3j"
      }
    },
    {
      "type": "Feature",
      "id": "excel_131",
      "geometry": {
        "type": "Point",
        "coordinates": [
          6.878769994172183,
          50.879705998199064
        ]
      },
      "properties": {
        "name": "Julia Baltin (Stadt Hürth)",
        "group": "Gebietskörperschaft",
        "description": "Verteiler ZRR (K. Werken)",
        "phone": "",
        "email": "jbaltin@huerth.de",
        "color": "#fbbf24",
        "id": "a131_mravpp3j"
      }
    },
    {
      "type": "Feature",
      "id": "excel_132",
      "geometry": {
        "type": "Point",
        "coordinates": [
          6.878769994172183,
          50.879705998199064
        ]
      },
      "properties": {
        "name": "Henriette Conzen (Stadt Hürth)",
        "group": "Gebietskörperschaft",
        "description": "Verteiler ZRR (K. Werken)",
        "phone": "",
        "email": "hconzen@huerth.de",
        "color": "#fbbf24",
        "id": "a132_mravpp3j"
      }
    },
    {
      "type": "Feature",
      "id": "excel_133",
      "geometry": {
        "type": "Point",
        "coordinates": [
          6.878769994172183,
          50.879705998199064
        ]
      },
      "properties": {
        "name": "Max Hochstein (Stadt Hürth)",
        "group": "Gebietskörperschaft",
        "description": "Verteiler ZRR (K. Werken)",
        "phone": "",
        "email": "mhochstein@huerth.de",
        "color": "#fbbf24",
        "id": "a133_mravpp3j"
      }
    },
    {
      "type": "Feature",
      "id": "excel_134",
      "geometry": {
        "type": "Point",
        "coordinates": [
          6.487668002989559,
          50.80553700013155
        ]
      },
      "properties": {
        "name": "Daniela Eskelson (Entwicklungsgesellschaft indeland GmbH)",
        "group": "Netzwerk/ Multiplikator",
        "description": "Verteiler ZRR (K. Werken)",
        "phone": "",
        "email": "d.eskelson@kreis-dueren.de",
        "color": "#ff007f",
        "id": "a134_mravpp3j"
      }
    },
    {
      "type": "Feature",
      "id": "excel_135",
      "geometry": {
        "type": "Point",
        "coordinates": [
          6.487668002989559,
          50.80553700013155
        ]
      },
      "properties": {
        "name": "Tom Guse (Entwicklungsgesellschaft indeland GmbH)",
        "group": "Netzwerk/ Multiplikator",
        "description": "Verteiler ZRR (K. Werken)",
        "phone": "",
        "email": "t.guse@kreis-dueren.de",
        "color": "#ff007f",
        "id": "a135_mravpp3j"
      }
    },
    {
      "type": "Feature",
      "id": "excel_136",
      "geometry": {
        "type": "Point",
        "coordinates": [
          6.487668002989559,
          50.80553700013155
        ]
      },
      "properties": {
        "name": "Maren Krätzschmar (Entwicklungsgesellschaft indeland GmbH)",
        "group": "Netzwerk/ Multiplikator",
        "description": "Verteiler ZRR (K. Werken)",
        "phone": "",
        "email": "m.kraetzschmar@kreis-dueren.de",
        "color": "#ff007f",
        "id": "a136_mravpp3j"
      }
    },
    {
      "type": "Feature",
      "id": "excel_137",
      "geometry": {
        "type": "Point",
        "coordinates": [
          6.487668002989559,
          50.80553700013155
        ]
      },
      "properties": {
        "name": "Silvia Proff (Entwicklungsgesellschaft indeland GmbH)",
        "group": "Netzwerk/ Multiplikator",
        "description": "Verteiler ZRR (K. Werken)",
        "phone": "",
        "email": "S.Proff@kreis-dueren.de",
        "color": "#ff007f",
        "id": "a137_mravpp3j"
      }
    },
    {
      "type": "Feature",
      "id": "excel_138",
      "geometry": {
        "type": "Point",
        "coordinates": [
          6.487668002989559,
          50.80553700013155
        ]
      },
      "properties": {
        "name": "Svenja Zeimetz (Entwicklungsgesellschaft indeland GmbH)",
        "group": "Netzwerk/ Multiplikator",
        "description": "Verteiler ZRR (K. Werken)",
        "phone": "",
        "email": "s.zeimetz@kreis-dueren.de",
        "color": "#ff007f",
        "id": "a138_mravpp3j"
      }
    },
    {
      "type": "Feature",
      "id": "excel_139",
      "geometry": {
        "type": "Point",
        "coordinates": [
          6.358255994541316,
          50.84638899692941
        ]
      },
      "properties": {
        "name": "Christiane Wüst (Gemeinde Inden)",
        "group": "Gebietskörperschaft",
        "description": "",
        "phone": "",
        "email": "cwuest@inden.de",
        "color": "#fbbf24",
        "id": "a139_mravpp3j"
      }
    },
    {
      "type": "Feature",
      "id": "excel_140",
      "geometry": {
        "type": "Point",
        "coordinates": [
          6.358255994541316,
          50.84638899692941
        ]
      },
      "properties": {
        "name": "Regina Dechering (Gemeinde Inden)",
        "group": "Gebietskörperschaft",
        "description": "",
        "phone": "",
        "email": "RDechering@Inden.de",
        "color": "#fbbf24",
        "id": "a140_mravpp3j"
      }
    },
    {
      "type": "Feature",
      "id": "excel_141",
      "geometry": {
        "type": "Point",
        "coordinates": [
          6.358255994541316,
          50.84638899692941
        ]
      },
      "properties": {
        "name": "Alexandra Casuccio (Gemeinde Inden)",
        "group": "Gebietskörperschaft",
        "description": "beauftragt von Frau Dechering",
        "phone": "",
        "email": "ACasuccio@Inden.de",
        "color": "#fbbf24",
        "id": "a141_mravpp3j"
      }
    },
    {
      "type": "Feature",
      "id": "excel_142",
      "geometry": {
        "type": "Point",
        "coordinates": [
          6.358255994541316,
          50.84638899692941
        ]
      },
      "properties": {
        "name": "Eva-Maria Zingel (Gemeinde Inden)",
        "group": "Gebietskörperschaft",
        "description": "Verteiler ZRR (K. Werken)",
        "phone": "",
        "email": "ezingel@inden.de",
        "color": "#fbbf24",
        "id": "a142_mravpp3j"
      }
    },
    {
      "type": "Feature",
      "id": "excel_143",
      "geometry": {
        "type": "Point",
        "coordinates": [
          6.358255994541316,
          50.84638899692941
        ]
      },
      "properties": {
        "name": "Alina Behrens (Gemeinde Inden)",
        "group": "Gebietskörperschaft",
        "description": "Verteiler ZRR (K. Werken)",
        "phone": "",
        "email": "abehrens@inden.de",
        "color": "#fbbf24",
        "id": "a143_mravpp3j"
      }
    },
    {
      "type": "Feature",
      "id": "excel_144",
      "geometry": {
        "type": "Point",
        "coordinates": [
          6.358255994541316,
          50.84638899692941
        ]
      },
      "properties": {
        "name": "Janika Ketzler (Gemeinde Inden)",
        "group": "Gebietskörperschaft",
        "description": "Verteiler ZRR (K. Werken)",
        "phone": "",
        "email": "jketzler@inden.de",
        "color": "#fbbf24",
        "id": "a144_mravpp3j"
      }
    },
    {
      "type": "Feature",
      "id": "excel_145",
      "geometry": {
        "type": "Point",
        "coordinates": [
          6.358255994541316,
          50.84638899692941
        ]
      },
      "properties": {
        "name": "Stefanie Schander (Gemeinde Inden)",
        "group": "Gebietskörperschaft",
        "description": "Verteiler ZRR (K. Werken)",
        "phone": "",
        "email": "sschander@inden.de",
        "color": "#fbbf24",
        "id": "a145_mravpp3j"
      }
    },
    {
      "type": "Feature",
      "id": "excel_146",
      "geometry": {
        "type": "Point",
        "coordinates": [
          6.358255994541316,
          50.84638899692941
        ]
      },
      "properties": {
        "name": "Steffen Krüger (Gemeinde Inden)",
        "group": "Gebietskörperschaft",
        "description": "Mitglied beim WVER",
        "phone": "",
        "email": "skrueger@inden.de",
        "color": "#fbbf24",
        "id": "a146_mravpp3j"
      }
    },
    {
      "type": "Feature",
      "id": "excel_147",
      "geometry": {
        "type": "Point",
        "coordinates": [
          6.605771999704849,
          51.09387600361366
        ]
      },
      "properties": {
        "name": "Jan van den Broek (Intersnack Deuscthland SE – Werk Wevelinghoven)",
        "group": "Gewerbe/ Industrie",
        "description": "Im Erftverband-Gebiet,\nAnhang 3 AbwV",
        "phone": "",
        "email": "jvandenbroek@intersnack.de;\nwevelinghoven@intersnack.de",
        "color": "#d946ef",
        "id": "a147_mravpp3j"
      }
    },
    {
      "type": "Feature",
      "id": "excel_148",
      "geometry": {
        "type": "Point",
        "coordinates": [
          6.067663002870716,
          50.77953300420479
        ]
      },
      "properties": {
        "name": "Thomas Wintgens (RWTH Aachen University - Institut für Siedlungswasserwirtschaft)",
        "group": "Konsortium",
        "description": "Teil des Konsortiums",
        "phone": "",
        "email": "wintgens@isa.rwth-aachen.de",
        "color": "#8b5cf6",
        "id": "a148_mravpp3j"
      }
    },
    {
      "type": "Feature",
      "id": "excel_149",
      "geometry": {
        "type": "Point",
        "coordinates": [
          6.067663002870716,
          50.77953300420479
        ]
      },
      "properties": {
        "name": "Florian Achten (RWTH Aachen University - Institut für Siedlungswasserwirtschaft)",
        "group": "Konsortium",
        "description": "Teil des Konsortiums",
        "phone": "",
        "email": "F.Achten@isa.rwth-aachen.de",
        "color": "#8b5cf6",
        "id": "a149_mravpp3j"
      }
    },
    {
      "type": "Feature",
      "id": "excel_150",
      "geometry": {
        "type": "Point",
        "coordinates": [
          6.067663002870716,
          50.77953300420479
        ]
      },
      "properties": {
        "name": "Maximilian Born (RWTH Aachen University - Institut für Siedlungswasserwirtschaft)",
        "group": "Konsortium",
        "description": "",
        "phone": "",
        "email": "M.Born@isa.rwth-aachen.de;\nmaximilian.born@rwth-aachen.de",
        "color": "#8b5cf6",
        "id": "a150_mravpp3j"
      }
    },
    {
      "type": "Feature",
      "id": "excel_151",
      "geometry": {
        "type": "Point",
        "coordinates": [
          6.067663002870716,
          50.77953300420479
        ]
      },
      "properties": {
        "name": "Shubham Jayswal (RWTH Aachen University - Institut für Siedlungswasserwirtschaft)",
        "group": "Konsortium",
        "description": "",
        "phone": "",
        "email": "shubham.jayswal@rwth-aachen.de;\njayswalshubham13@gmail.com",
        "color": "#8b5cf6",
        "id": "a151_mravpp3j"
      }
    },
    {
      "type": "Feature",
      "id": "excel_152",
      "geometry": {
        "type": "Point",
        "coordinates": [
          6.067663002870716,
          50.77953300420479
        ]
      },
      "properties": {
        "name": "Laurence Palmowski (RWTH Aachen University - Institut für Siedlungswasserwirtschaft)",
        "group": "Konsortium",
        "description": "",
        "phone": "",
        "email": "Palmowski@isa.rwth-aachen.de",
        "color": "#8b5cf6",
        "id": "a152_mravpp3j"
      }
    },
    {
      "type": "Feature",
      "id": "excel_153",
      "geometry": {
        "type": "Point",
        "coordinates": [
          6.04995600554365,
          50.78382699865158
        ]
      },
      "properties": {
        "name": "Rosario Othen (RWTH Aachen University - Institut für Textiltechnik)",
        "group": "Forschung",
        "description": "auf Veranstaltung des ZRR kennengelernt (FAc)",
        "phone": "",
        "email": "rosario.othen@ita.rwth-aachen.de",
        "color": "#3b82f6",
        "id": "a153_mravpp3j"
      }
    },
    {
      "type": "Feature",
      "id": "excel_154",
      "geometry": {
        "type": "Point",
        "coordinates": [
          6.04995600554365,
          50.78382699865158
        ]
      },
      "properties": {
        "name": "Bendix Brüggenjürgen (RWTH Aachen University - Institut für Textiltechnik)",
        "group": "Forschung",
        "description": "",
        "phone": "",
        "email": "Bendix.Brueggenjuergen@ita.rwth-aachen.de;\nbendix.brueggenjuergen@rwth-aachen.de",
        "color": "#3b82f6",
        "id": "a154_mravpp3j"
      }
    },
    {
      "type": "Feature",
      "id": "excel_155",
      "geometry": {
        "type": "Point",
        "coordinates": [
          6.474050998891298,
          50.801852997577484
        ]
      },
      "properties": {
        "name": "Stefan Cuypers (Industrie-Wasser-Umweltschutz e.V.)",
        "group": "Gewerbe/ Industrie",
        "description": "Stv. für interessierte Industrieunternehmen im WVER-Verbandsgebiet",
        "phone": "",
        "email": "cuypers@iwu-dueren.de",
        "color": "#d946ef",
        "id": "a155_mravpp3j"
      }
    },
    {
      "type": "Feature",
      "id": "excel_156",
      "geometry": {
        "type": "Point",
        "coordinates": [
          6.474050998891298,
          50.801852997577484
        ]
      },
      "properties": {
        "name": "Melanie Schmitt (Industrie-Wasser-Umweltschutz e.V.)",
        "group": "Gewerbe/ Industrie",
        "description": "",
        "phone": "",
        "email": "schmitt@iwu-dueren.de",
        "color": "#d946ef",
        "id": "a156_mravpp3j"
      }
    },
    {
      "type": "Feature",
      "id": "excel_157",
      "geometry": {
        "type": "Point",
        "coordinates": [
          6.474050998891298,
          50.801852997577484
        ]
      },
      "properties": {
        "name": "Christian Schrader (Industrie-Wasser-Umweltschutz e.V.)",
        "group": "Gewerbe/ Industrie",
        "description": "",
        "phone": "",
        "email": "schrader@iwu-dueren.de",
        "color": "#d946ef",
        "id": "a157_mravpp3j"
      }
    },
    {
      "type": "Feature",
      "id": "excel_158",
      "geometry": {
        "type": "Point",
        "coordinates": [
          6.474050998891298,
          50.801852997577484
        ]
      },
      "properties": {
        "name": "Carolin Sen (Industrie-Wasser-Umweltschutz e.V.)",
        "group": "Gewerbe/ Industrie",
        "description": "",
        "phone": "",
        "email": "sen@iwu-dueren.de",
        "color": "#d946ef",
        "id": "a158_mravpp3j"
      }
    },
    {
      "type": "Feature",
      "id": "excel_159",
      "geometry": {
        "type": "Point",
        "coordinates": [
          6.065069996512569,
          50.77858300291208
        ]
      },
      "properties": {
        "name": "Juliane Reiser (RWTH Aachen University - Institut für Wasserbau und Wasserwirtschaft (IWW))",
        "group": "Konsortium",
        "description": "",
        "phone": "",
        "email": "reiser@iww.rwth-aachen.de",
        "color": "#8b5cf6",
        "id": "a159_mravpp3j"
      }
    },
    {
      "type": "Feature",
      "id": "excel_160",
      "geometry": {
        "type": "Point",
        "coordinates": [
          6.065069996512569,
          50.77858300291208
        ]
      },
      "properties": {
        "name": "Catrina Brüll (RWTH Aachen University - Institut für Wasserbau und Wasserwirtschaft (IWW))",
        "group": "Konsortium",
        "description": "",
        "phone": "",
        "email": "bruell@iww.rwth-aachen.de",
        "color": "#8b5cf6",
        "id": "a160_mravpp3j"
      }
    },
    {
      "type": "Feature",
      "id": "excel_161",
      "geometry": {
        "type": "Point",
        "coordinates": [
          6.065069996512569,
          50.77858300291208
        ]
      },
      "properties": {
        "name": "Holger Schüttrumpf (RWTH Aachen University - Institut für Wasserbau und Wasserwirtschaft (IWW))",
        "group": "Konsortium",
        "description": "",
        "phone": "",
        "email": "schuettrumpf@iww.rwth-aachen.de",
        "color": "#8b5cf6",
        "id": "a161_mravpp3j"
      }
    },
    {
      "type": "Feature",
      "id": "excel_162",
      "geometry": {
        "type": "Point",
        "coordinates": [
          6.065069996512569,
          50.77858300291208
        ]
      },
      "properties": {
        "name": "Whelinta Sherin Anandharaj (RWTH Aachen University - Institut für Wasserbau und Wasserwirtschaft (IWW))",
        "group": "Konsortium",
        "description": "",
        "phone": "",
        "email": "sherin@iww.rwth-aachen.de",
        "color": "#8b5cf6",
        "id": "a162_mravpp3j"
      }
    },
    {
      "type": "Feature",
      "id": "excel_163",
      "geometry": {
        "type": "Point",
        "coordinates": [
          6.065069996512569,
          50.77858300291208
        ]
      },
      "properties": {
        "name": "Paul Schick (RWTH Aachen University - Institut für Wasserbau und Wasserwirtschaft (IWW))",
        "group": "Konsortium",
        "description": "",
        "phone": "",
        "email": "paul.schick@rwth-aachen.de",
        "color": "#8b5cf6",
        "id": "a163_mravpp3j"
      }
    },
    {
      "type": "Feature",
      "id": "excel_164",
      "geometry": {
        "type": "Point",
        "coordinates": [
          6.501080002718897,
          51.100223000421444
        ]
      },
      "properties": {
        "name": "Carolin Voigt (Stadt Jüchen)",
        "group": "Gebietskörperschaft",
        "description": "Verteiler ZRR (K. Werken)",
        "phone": "",
        "email": "carolin.voigt@juechen.de",
        "color": "#fbbf24",
        "id": "a164_mravpp3j"
      }
    },
    {
      "type": "Feature",
      "id": "excel_165",
      "geometry": {
        "type": "Point",
        "coordinates": [
          6.501080002718897,
          51.100223000421444
        ]
      },
      "properties": {
        "name": "Jan Martin von der Heide (Stadt Jüchen)",
        "group": "Gebietskörperschaft",
        "description": "Verteiler ZRR (K. Werken)",
        "phone": "",
        "email": "janmartin.vonderheide@juechen.de",
        "color": "#fbbf24",
        "id": "a165_mravpp3j"
      }
    },
    {
      "type": "Feature",
      "id": "excel_166",
      "geometry": {
        "type": "Point",
        "coordinates": [
          6.362850993371082,
          50.92107000002269
        ]
      },
      "properties": {
        "name": "Petra Dören-Delahaye (Stadt Jülich)",
        "group": "Gebietskörperschaft",
        "description": "Verteiler ZRR (K. Werken)",
        "phone": "",
        "email": "pdoeren-delahaye@juelich.de",
        "color": "#fbbf24",
        "id": "a166_mravpp3j"
      }
    },
    {
      "type": "Feature",
      "id": "excel_167",
      "geometry": {
        "type": "Point",
        "coordinates": [
          6.362850993371082,
          50.92107000002269
        ]
      },
      "properties": {
        "name": "Karen Steffens (Stadt Jülich)",
        "group": "Gebietskörperschaft",
        "description": "Verteiler ZRR (K. Werken)",
        "phone": "",
        "email": "ksteffens@juelich.de",
        "color": "#fbbf24",
        "id": "a167_mravpp3j"
      }
    },
    {
      "type": "Feature",
      "id": "excel_168",
      "geometry": {
        "type": "Point",
        "coordinates": [
          6.362850993371082,
          50.92107000002269
        ]
      },
      "properties": {
        "name": "Eva Strehl (Stadt Jülich)",
        "group": "Gebietskörperschaft",
        "description": "Erweiterter Verteiler blau-grüne Infrastruktur R. Hausmann",
        "phone": "",
        "email": "EStrehl@Juelich.de",
        "color": "#fbbf24",
        "id": "a168_mravpp3j"
      }
    },
    {
      "type": "Feature",
      "id": "excel_169",
      "geometry": {
        "type": "Point",
        "coordinates": [
          6.618526997261625,
          51.22631900316577
        ]
      },
      "properties": {
        "name": "Sabine Zierz (Stadt Kaarst)",
        "group": "Gebietskörperschaft",
        "description": "",
        "phone": "",
        "email": "sabine.zierz@kaarst.de",
        "color": "#fbbf24",
        "id": "a169_mravpp3j"
      }
    },
    {
      "type": "Feature",
      "id": "excel_170",
      "geometry": {
        "type": "Point",
        "coordinates": [
          6.556840002645612,
          50.53969800284889
        ]
      },
      "properties": {
        "name": "Emmanuel Kunz (Gemeinde Kall)",
        "group": "Gebietskörperschaft",
        "description": "Mitglied beim WVER",
        "phone": "",
        "email": "posteingang@kall.de",
        "color": "#fbbf24",
        "id": "a170_mravpp3j"
      }
    },
    {
      "type": "Feature",
      "id": "excel_171",
      "geometry": {
        "type": "Point",
        "coordinates": [
          6.502904005056201,
          51.2078590042881
        ]
      },
      "properties": {
        "name": "Eberhard Hirscht (KAM Consult)",
        "group": "Einzelakteure",
        "description": "Kennengelernt beim Netzwerktreffen zu KOMM.RHEIN.REVIER",
        "phone": "",
        "email": "KAM-Consult@t-online.de",
        "color": "#00f5d4",
        "id": "a171_mravpp3j"
      }
    },
    {
      "type": "Feature",
      "id": "excel_172",
      "geometry": {
        "type": "Point",
        "coordinates": [
          6.363702005568335,
          50.943833003267194
        ]
      },
      "properties": {
        "name": "Paul-Heinz Müller (Kreisbauernschaft Aachen)",
        "group": "Landwirtschaft",
        "description": "",
        "phone": "",
        "email": "aachen@kb.rlv.de",
        "color": "#10b981",
        "id": "a172_mravpp3j"
      }
    },
    {
      "type": "Feature",
      "id": "excel_173",
      "geometry": {
        "type": "Point",
        "coordinates": [
          6.363702005568335,
          50.943833003267194
        ]
      },
      "properties": {
        "name": "Michael Niesen (Kreisbauernschaft Düren)",
        "group": "Landwirtschaft",
        "description": "",
        "phone": "",
        "email": "Dueren@kb.rlv.de",
        "color": "#10b981",
        "id": "a173_mravpp3j"
      }
    },
    {
      "type": "Feature",
      "id": "excel_174",
      "geometry": {
        "type": "Point",
        "coordinates": [
          6.798856002611889,
          50.66448799770508
        ]
      },
      "properties": {
        "name": "Martin Spiegelhalter (Kreisbauernschaft  Euskirchen)",
        "group": "Landwirtschaft",
        "description": "",
        "phone": "",
        "email": "Euskirchen@kb.rlv.de",
        "color": "#10b981",
        "id": "a174_mravpp3j"
      }
    },
    {
      "type": "Feature",
      "id": "excel_175",
      "geometry": {
        "type": "Point",
        "coordinates": [
          6.363702005568335,
          50.943833003267194
        ]
      },
      "properties": {
        "name": "Katharina Schmitz (Kreisbauernschaft Heinsberg)",
        "group": "Landwirtschaft",
        "description": "",
        "phone": "",
        "email": "Katharina.Schmitz.hs@kb.rlv.de; \nHeinsberg@kb.rlv.de",
        "color": "#10b981",
        "id": "a175_mravpp3j"
      }
    },
    {
      "type": "Feature",
      "id": "excel_176",
      "geometry": {
        "type": "Point",
        "coordinates": [
          6.677750995165886,
          51.038704000907664
        ]
      },
      "properties": {
        "name": "Peter Herzogenrath (Kreisbauernschaft Köln/Rhein-Erft-Kreis)",
        "group": "Landwirtschaft",
        "description": "",
        "phone": "",
        "email": "Koeln-Rhein-Erft-Kreis@kb.rlv.de",
        "color": "#10b981",
        "id": "a176_mravpp3j"
      }
    },
    {
      "type": "Feature",
      "id": "excel_177",
      "geometry": {
        "type": "Point",
        "coordinates": [
          6.677750995165886,
          51.038704000907664
        ]
      },
      "properties": {
        "name": "Peter Herzogenrath (Kreisbauernschaft Neuss-Mönchengladbach e.V.)",
        "group": "Landwirtschaft",
        "description": "Assoziierter Partner\n(LoI liegt vor)",
        "phone": "",
        "email": "Neuss-Moenchengladbach@kb.rlv.de",
        "color": "#10b981",
        "id": "a177_mravpp3j"
      }
    },
    {
      "type": "Feature",
      "id": "excel_178",
      "geometry": {
        "type": "Point",
        "coordinates": [
          6.691647999170792,
          50.87278500268475
        ]
      },
      "properties": {
        "name": "Julian Bleckmann (Stadt Kerpen)",
        "group": "Gebietskörperschaft",
        "description": "Verteiler ZRR (K. Werken)",
        "phone": "",
        "email": "jbleckmann@stadt-kerpen.de",
        "color": "#fbbf24",
        "id": "a178_mravpp3j"
      }
    },
    {
      "type": "Feature",
      "id": "excel_179",
      "geometry": {
        "type": "Point",
        "coordinates": [
          6.691647999170792,
          50.87278500268475
        ]
      },
      "properties": {
        "name": "Ina Breuer (Stadt Kerpen)",
        "group": "Gebietskörperschaft",
        "description": "Verteiler ZRR (K. Werken)",
        "phone": "",
        "email": "ibreuer@stadt-kerpen.de",
        "color": "#fbbf24",
        "id": "a179_mravpp3j"
      }
    },
    {
      "type": "Feature",
      "id": "excel_180",
      "geometry": {
        "type": "Point",
        "coordinates": [
          6.691647999170792,
          50.87278500268475
        ]
      },
      "properties": {
        "name": "Eva Klarenbach (Stadt Kerpen)",
        "group": "Gebietskörperschaft",
        "description": "Verteiler ZRR (K. Werken)",
        "phone": "",
        "email": "eklarenbach@stadt-kerpen.de",
        "color": "#fbbf24",
        "id": "a180_mravpp3j"
      }
    },
    {
      "type": "Feature",
      "id": "excel_181",
      "geometry": {
        "type": "Point",
        "coordinates": [
          6.691647999170792,
          50.87278500268475
        ]
      },
      "properties": {
        "name": "Rüdiger Wagner (Stadt Kerpen)",
        "group": "Gebietskörperschaft",
        "description": "Verteiler ZRR (K. Werken)",
        "phone": "",
        "email": "rwagner@stadt-kerpen.de",
        "color": "#fbbf24",
        "id": "a181_mravpp3j"
      }
    },
    {
      "type": "Feature",
      "id": "excel_182",
      "geometry": {
        "type": "Point",
        "coordinates": [
          6.514092997234924,
          51.18883700268726
        ]
      },
      "properties": {
        "name": "Melda Gümüsbas (Stadt Korschenbroich)",
        "group": "Gebietskörperschaft",
        "description": "",
        "phone": "",
        "email": "melda.guemuesbas@korschenbroich.de",
        "color": "#fbbf24",
        "id": "a182_mravpp3j"
      }
    },
    {
      "type": "Feature",
      "id": "excel_183",
      "geometry": {
        "type": "Point",
        "coordinates": [
          6.486848003836921,
          50.75130000303114
        ]
      },
      "properties": {
        "name": "Lisa Claß (Gemeinde Kreuzau)",
        "group": "Gebietskörperschaft",
        "description": "Erweiterter Verteiler blau-grüne Infrastruktur R. Hausmann",
        "phone": "",
        "email": "Lisa.Class@kreuzau.de",
        "color": "#fbbf24",
        "id": "a183_mravpp3j"
      }
    },
    {
      "type": "Feature",
      "id": "excel_184",
      "geometry": {
        "type": "Point",
        "coordinates": [
          6.082009996768572,
          50.77580300169914
        ]
      },
      "properties": {
        "name": "Ayça Sancar (RWTH Aachen University - Institut für Landschaftsarchitektur (LA);\nRWTH Aachen University - Profilbereich Built and Lived Environment (BLE))",
        "group": "Forschung",
        "description": "",
        "phone": "",
        "email": "asancar@la.rwth-aachen.de;\nayca.sancar@rwth-aachen.de;\nble@profileareas.rwth-aachen.de",
        "color": "#3b82f6",
        "id": "a184_mravpp3j"
      }
    },
    {
      "type": "Feature",
      "id": "excel_185",
      "geometry": {
        "type": "Point",
        "coordinates": [
          6.082009996768572,
          50.77580300169914
        ]
      },
      "properties": {
        "name": "Frank Lohrberg (RWTH Aachen University - Institut für Landschaftsarchitektur (LA);\nRWTH Aachen University - Profilbereich Built and Lived Environment (BLE))",
        "group": "Forschung",
        "description": "",
        "phone": "",
        "email": "lohrberg@la.rwth-aachen.de",
        "color": "#3b82f6",
        "id": "a185_mravpp3j"
      }
    },
    {
      "type": "Feature",
      "id": "excel_186",
      "geometry": {
        "type": "Point",
        "coordinates": [
          6.381162003901893,
          50.90966000359491
        ]
      },
      "properties": {
        "name": "Karin Piesch (LAG Rheinisches Revier an Inde und Rur e.V.)",
        "group": "Netzwerk/ Multiplikator",
        "description": "Erweiterter Verteiler blau-grüne Infrastruktur R. Hausmann",
        "phone": "",
        "email": "piesch@inde-rur.de",
        "color": "#ff007f",
        "id": "a186_mravpp3j"
      }
    },
    {
      "type": "Feature",
      "id": "excel_187",
      "geometry": {
        "type": "Point",
        "coordinates": [
          6.361810005218879,
          50.81492300104932
        ]
      },
      "properties": {
        "name": "Gabriele Cremer (Gemeinde Langerwehe)",
        "group": "Gebietskörperschaft",
        "description": "Verteiler ZRR (K. Werken)",
        "phone": "",
        "email": "gcremer@langerwehe.de",
        "color": "#fbbf24",
        "id": "a187_mravpp3j"
      }
    },
    {
      "type": "Feature",
      "id": "excel_188",
      "geometry": {
        "type": "Point",
        "coordinates": [
          6.361810005218879,
          50.81492300104932
        ]
      },
      "properties": {
        "name": "Myrjam Passing (Gemeinde Langerwehe)",
        "group": "Gebietskörperschaft",
        "description": "Verteiler ZRR (K. Werken)",
        "phone": "",
        "email": "MPassing@langerwehe.de",
        "color": "#fbbf24",
        "id": "a188_mravpp3j"
      }
    },
    {
      "type": "Feature",
      "id": "excel_189",
      "geometry": {
        "type": "Point",
        "coordinates": [
          6.770524999538103,
          51.24619699625452
        ]
      },
      "properties": {
        "name": "Anna Lith (Provinz Limburg)",
        "group": "Gebietskörperschaft",
        "description": "Kollegin von Rebenich, soll ebenfalls Infos/Einladungen erhalten",
        "phone": "",
        "email": "at.lith@prvlimburg.nl",
        "color": "#fbbf24",
        "id": "a189_mravpp3j"
      }
    },
    {
      "type": "Feature",
      "id": "excel_190",
      "geometry": {
        "type": "Point",
        "coordinates": [
          6.770524999538103,
          51.24619699625452
        ]
      },
      "properties": {
        "name": "Benjamin Rebenich (Provinz Limburg)",
        "group": "Gebietskörperschaft",
        "description": "haben sich bei uns gemeldet",
        "phone": "",
        "email": "b.rebenich@prvlimburg.nl",
        "color": "#fbbf24",
        "id": "a190_mravpp3j"
      }
    },
    {
      "type": "Feature",
      "id": "excel_191",
      "geometry": {
        "type": "Point",
        "coordinates": [
          6.2681890052613936,
          50.97588600495055
        ]
      },
      "properties": {
        "name": "Christina Rausch (Stadt Linnich)",
        "group": "Gebietskörperschaft",
        "description": "",
        "phone": "",
        "email": "crausch@linnich.de",
        "color": "#fbbf24",
        "id": "a191_mravpp3j"
      }
    },
    {
      "type": "Feature",
      "id": "excel_192",
      "geometry": {
        "type": "Point",
        "coordinates": [
          6.850030004058255,
          51.00195599835699
        ]
      },
      "properties": {
        "name": "Natascha Bellinghausen (Landwirtschaftskammer NRW)",
        "group": "Landwirtschaft",
        "description": "",
        "phone": "",
        "email": "Natascha.Bellinghausen@lwk.nrw.de",
        "color": "#10b981",
        "id": "a192_mravpp3j"
      }
    },
    {
      "type": "Feature",
      "id": "excel_193",
      "geometry": {
        "type": "Point",
        "coordinates": [
          6.480183001239305,
          50.79613200076388
        ]
      },
      "properties": {
        "name": "Marco Breuer (Landwirtschaftskammer NRW)",
        "group": "Landwirtschaft",
        "description": "Einladung am 24.04.2026 über NOt",
        "phone": "",
        "email": "Marco.Breuer@LWK.NRW.DE",
        "color": "#10b981",
        "id": "a193_mravpp3j"
      }
    },
    {
      "type": "Feature",
      "id": "excel_194",
      "geometry": {
        "type": "Point",
        "coordinates": [
          6.850030004058255,
          51.00195599835699
        ]
      },
      "properties": {
        "name": "Tobias Heggemann (Landwirtschaftskammer NRW)",
        "group": "Landwirtschaft",
        "description": "",
        "phone": "",
        "email": "tobias.heggemann@lwk.nrw.de",
        "color": "#10b981",
        "id": "a194_mravpp3j"
      }
    },
    {
      "type": "Feature",
      "id": "excel_195",
      "geometry": {
        "type": "Point",
        "coordinates": [
          6.850030004058255,
          51.00195599835699
        ]
      },
      "properties": {
        "name": "Simon Keutmann (Landwirtschaftskammer NRW)",
        "group": "Landwirtschaft",
        "description": "",
        "phone": "",
        "email": "simon.keutmann@lwk.nrw.de",
        "color": "#10b981",
        "id": "a195_mravpp3j"
      }
    },
    {
      "type": "Feature",
      "id": "excel_196",
      "geometry": {
        "type": "Point",
        "coordinates": [
          6.3997100020100115,
          51.25123399619098
        ]
      },
      "properties": {
        "name": "Michael Rütten (Landwirtschaftskammer NRW)",
        "group": "Landwirtschaft",
        "description": "Kollegin vom FiW hatte vor ein paar Jahren Kontakt",
        "phone": "",
        "email": "michael.ruetten@lwk.nrw.de",
        "color": "#10b981",
        "id": "a196_mravpp3j"
      }
    },
    {
      "type": "Feature",
      "id": "excel_197",
      "geometry": {
        "type": "Point",
        "coordinates": [
          6.850030004058255,
          51.00195599835699
        ]
      },
      "properties": {
        "name": "Josef Schmitz (Landwirtschaftskammer NRW)",
        "group": "Landwirtschaft",
        "description": "",
        "phone": "",
        "email": "josef_schmitz@lwk.nrw.de",
        "color": "#10b981",
        "id": "a197_mravpp3j"
      }
    },
    {
      "type": "Feature",
      "id": "excel_198",
      "geometry": {
        "type": "Point",
        "coordinates": [
          6.850030004058255,
          51.00195599835699
        ]
      },
      "properties": {
        "name": "Kristina Humpesch (Landwirtschaftskammer NRW)",
        "group": "Landwirtschaft",
        "description": "Erweiterter Verteiler blau-grüne Infrastruktur R. Hausmann",
        "phone": "",
        "email": "kristina.humpesch@lwk.nrw.de",
        "color": "#10b981",
        "id": "a198_mravpp3j"
      }
    },
    {
      "type": "Feature",
      "id": "excel_199",
      "geometry": {
        "type": "Point",
        "coordinates": [
          6.480183001239305,
          50.79613200076388
        ]
      },
      "properties": {
        "name": "Marvin Serve (Landwirtschaftskammer NRW)",
        "group": "Landwirtschaft",
        "description": "Mitglied beim WVER",
        "phone": "",
        "email": "marvin.serve@lwk.nrw.de",
        "color": "#10b981",
        "id": "a199_mravpp3j"
      }
    },
    {
      "type": "Feature",
      "id": "excel_200",
      "geometry": {
        "type": "Point",
        "coordinates": [
          6.689048995768911,
          51.307748001299046
        ]
      },
      "properties": {
        "name": "Dana Frey (Stadt Meerbusch)",
        "group": "Gebietskörperschaft",
        "description": "",
        "phone": "",
        "email": "dana.frey@meerbusch.de",
        "color": "#fbbf24",
        "id": "a200_mravpp3j"
      }
    },
    {
      "type": "Feature",
      "id": "excel_201",
      "geometry": {
        "type": "Point",
        "coordinates": [
          6.527835005884107,
          50.825489996429035
        ]
      },
      "properties": {
        "name": "Anna Hecker (Gemeinde Merzenich)",
        "group": "Gebietskörperschaft",
        "description": "Verteiler ZRR (K. Werken)",
        "phone": "",
        "email": "ahecker@gemeinde-merzenich.de",
        "color": "#fbbf24",
        "id": "a201_mravpp3j"
      }
    },
    {
      "type": "Feature",
      "id": "excel_202",
      "geometry": {
        "type": "Point",
        "coordinates": [
          6.527835005884107,
          50.825489996429035
        ]
      },
      "properties": {
        "name": "Dominik Ortseifen (Gemeinde Merzenich)",
        "group": "Gebietskörperschaft",
        "description": "Verteiler ZRR (K. Werken)",
        "phone": "",
        "email": "dortseifen@gemeinde-merzenich.de",
        "color": "#fbbf24",
        "id": "a202_mravpp3j"
      }
    },
    {
      "type": "Feature",
      "id": "excel_203",
      "geometry": {
        "type": "Point",
        "coordinates": [
          6.527835005884107,
          50.825489996429035
        ]
      },
      "properties": {
        "name": "Lennart Schminnes (Gemeinde Merzenich)",
        "group": "Gebietskörperschaft",
        "description": "Verteiler ZRR (K. Werken)",
        "phone": "",
        "email": "lschminnes@gemeinde-merzenich.de",
        "color": "#fbbf24",
        "id": "a203_mravpp3j"
      }
    },
    {
      "type": "Feature",
      "id": "excel_204",
      "geometry": {
        "type": "Point",
        "coordinates": [
          6.527835005884107,
          50.825489996429035
        ]
      },
      "properties": {
        "name": "Maximilian Schmitz (Gemeinde Merzenich)",
        "group": "Gebietskörperschaft",
        "description": "Verteiler ZRR (K. Werken)",
        "phone": "",
        "email": "maschmitz@gemeinde-merzenich.de",
        "color": "#fbbf24",
        "id": "a204_mravpp3j"
      }
    },
    {
      "type": "Feature",
      "id": "excel_205",
      "geometry": {
        "type": "Point",
        "coordinates": [
          6.527835005884107,
          50.825489996429035
        ]
      },
      "properties": {
        "name": "Karina Vonhögen (Gemeinde Merzenich)",
        "group": "Gebietskörperschaft",
        "description": "Verteiler ZRR (K. Werken)",
        "phone": "",
        "email": "kvonhoegen@gemeinde-merzenich.de",
        "color": "#fbbf24",
        "id": "a205_mravpp3j"
      }
    },
    {
      "type": "Feature",
      "id": "excel_206",
      "geometry": {
        "type": "Point",
        "coordinates": [
          6.468726426053332,
          50.81584434084138
        ]
      },
      "properties": {
        "name": "Michael Barth (Metsä Graeseproof Papers GmbH - Werk Düren)",
        "group": "Gewerbe/ Industrie",
        "description": "Mitglied beim WVER",
        "phone": "",
        "email": "Michael.Barth@metsagroup.com",
        "color": "#d946ef",
        "id": "a206_mravpp3j"
      }
    },
    {
      "type": "Feature",
      "id": "excel_207",
      "geometry": {
        "type": "Point",
        "coordinates": [
          6.4728703875733755,
          50.725874387384245
        ]
      },
      "properties": {
        "name": "Dirk Hammann (Metsä Tissue GmbH - Werk Kreuzau)",
        "group": "Gewerbe/ Industrie",
        "description": "Mitglied beim WVER",
        "phone": "",
        "email": "Dirk.Hammann@metsagroup.com",
        "color": "#d946ef",
        "id": "a207_mravpp3j"
      }
    },
    {
      "type": "Feature",
      "id": "excel_208",
      "geometry": {
        "type": "Point",
        "coordinates": [
          6.445895996692886,
          51.167405001419425
        ]
      },
      "properties": {
        "name": "Olaf Holtrup (Stadt Mönchengladbach)",
        "group": "Gebietskörperschaft",
        "description": "",
        "phone": "",
        "email": "Olaf.Holtrup@moenchengladbach.de",
        "color": "#fbbf24",
        "id": "a208_mravpp3j"
      }
    },
    {
      "type": "Feature",
      "id": "excel_209",
      "geometry": {
        "type": "Point",
        "coordinates": [
          6.445169996205545,
          51.16736900072223
        ]
      },
      "properties": {
        "name": "Martina Delbos (Stadt Mönchengladbach)",
        "group": "Gebietskörperschaft",
        "description": "Verteiler ZRR (K. Werken)",
        "phone": "",
        "email": "martina.delbos@moenchengladbach.de",
        "color": "#fbbf24",
        "id": "a209_mravpp3j"
      }
    },
    {
      "type": "Feature",
      "id": "excel_210",
      "geometry": {
        "type": "Point",
        "coordinates": [
          6.445169996205545,
          51.16736900072223
        ]
      },
      "properties": {
        "name": "Anette Harings (Stadt Mönchengladbach)",
        "group": "Gebietskörperschaft",
        "description": "Verteiler ZRR (K. Werken)",
        "phone": "",
        "email": "anette.harings@moenchengladbach.de",
        "color": "#fbbf24",
        "id": "a210_mravpp3j"
      }
    },
    {
      "type": "Feature",
      "id": "excel_211",
      "geometry": {
        "type": "Point",
        "coordinates": [
          6.392272993091082,
          51.17576700183264
        ]
      },
      "properties": {
        "name": "Kajetan Lis (Stadt Mönchengladbach)",
        "group": "Gebietskörperschaft",
        "description": "Verteiler ZRR (K. Werken)",
        "phone": "",
        "email": "kajetan.lis@moenchengladbach.de",
        "color": "#fbbf24",
        "id": "a211_mravpp3j"
      }
    },
    {
      "type": "Feature",
      "id": "excel_212",
      "geometry": {
        "type": "Point",
        "coordinates": [
          6.445895996692886,
          51.167405001419425
        ]
      },
      "properties": {
        "name": "Marcus Klancicar (Stadt Mönchengladbach)",
        "group": "Gebietskörperschaft",
        "description": "Erweiterter Verteiler blau-grüne Infrastruktur R. Hausmann",
        "phone": "",
        "email": "marcus.klancicar@moenchengladbach.de",
        "color": "#fbbf24",
        "id": "a212_mravpp3j"
      }
    },
    {
      "type": "Feature",
      "id": "excel_213",
      "geometry": {
        "type": "Point",
        "coordinates": [
          6.054215005758713,
          50.75295700432372
        ]
      },
      "properties": {
        "name": "Manfred Aletsee (NABU-Naturschutzstation Aachen e.V.)",
        "group": "Sonstige",
        "description": "Erweiterter Verteiler blau-grüne Infrastruktur R. Hausmann",
        "phone": "",
        "email": "info@naturschutzstation-aachen.de",
        "color": "#8b5cf6",
        "id": "a213_mravpp3j"
      }
    },
    {
      "type": "Feature",
      "id": "excel_214",
      "geometry": {
        "type": "Point",
        "coordinates": [
          6.595272999095041,
          51.08441399869182
        ]
      },
      "properties": {
        "name": "Gabriele Bemba (Rhein-Kreis Neuss)",
        "group": "Gebietskörperschaft",
        "description": "",
        "phone": "",
        "email": "gabriele.bemba@rhein-kreis-neuss.de",
        "color": "#fbbf24",
        "id": "a214_mravpp3j"
      }
    },
    {
      "type": "Feature",
      "id": "excel_215",
      "geometry": {
        "type": "Point",
        "coordinates": [
          6.595272999095041,
          51.08441399869182
        ]
      },
      "properties": {
        "name": "Ines Willner (Rhein-Kreis Neuss)",
        "group": "Gebietskörperschaft",
        "description": "",
        "phone": "",
        "email": "Ines.Willner@rhein-kreis-neuss.de",
        "color": "#fbbf24",
        "id": "a215_mravpp3j"
      }
    },
    {
      "type": "Feature",
      "id": "excel_216",
      "geometry": {
        "type": "Point",
        "coordinates": [
          6.595272999095041,
          51.08441399869182
        ]
      },
      "properties": {
        "name": "Michael Albrecht (Rhein-Kreis Neuss)",
        "group": "Gebietskörperschaft",
        "description": "Verteiler ZRR (K. Werken)",
        "phone": "",
        "email": "michael.albrecht@rhein-kreis-neuss.de",
        "color": "#fbbf24",
        "id": "a216_mravpp3j"
      }
    },
    {
      "type": "Feature",
      "id": "excel_217",
      "geometry": {
        "type": "Point",
        "coordinates": [
          6.594629006769339,
          51.086550002750705
        ]
      },
      "properties": {
        "name": "Volker Ganse (Rhein-Kreis Neuss)",
        "group": "Gebietskörperschaft",
        "description": "Verteiler ZRR (K. Werken)",
        "phone": "",
        "email": "volker.ganse@rhein-kreis-neuss.de",
        "color": "#fbbf24",
        "id": "a217_mravpp3j"
      }
    },
    {
      "type": "Feature",
      "id": "excel_218",
      "geometry": {
        "type": "Point",
        "coordinates": [
          6.594463000698894,
          51.0868980001667
        ]
      },
      "properties": {
        "name": "Regina Krings (Rhein-Kreis Neuss)",
        "group": "Gebietskörperschaft",
        "description": "Verteiler ZRR (K. Werken)",
        "phone": "",
        "email": "regina.krings@rhein-kreis-neuss.de",
        "color": "#fbbf24",
        "id": "a218_mravpp3j"
      }
    },
    {
      "type": "Feature",
      "id": "excel_219",
      "geometry": {
        "type": "Point",
        "coordinates": [
          6.594463000698894,
          51.0868980001667
        ]
      },
      "properties": {
        "name": "Sven Schumacher (Rhein-Kreis Neuss)",
        "group": "Gebietskörperschaft",
        "description": "Verteiler ZRR (K. Werken)",
        "phone": "",
        "email": "sven.schumacher@rhein-kreis-neuss.de",
        "color": "#fbbf24",
        "id": "a219_mravpp3j"
      }
    },
    {
      "type": "Feature",
      "id": "excel_220",
      "geometry": {
        "type": "Point",
        "coordinates": [
          6.6562669943886545,
          50.50900999898168
        ]
      },
      "properties": {
        "name": "Norbert Crump (Gemeinde Nettersheim)",
        "group": "Gebietskörperschaft",
        "description": "",
        "phone": "",
        "email": "buergermeister@nettersheim.de",
        "color": "#fbbf24",
        "id": "a220_mravpp3j"
      }
    },
    {
      "type": "Feature",
      "id": "excel_221",
      "geometry": {
        "type": "Point",
        "coordinates": [
          6.63317700322339,
          50.91448600179361
        ]
      },
      "properties": {
        "name": "Monika Arns (NEULAND HAMBACH GmbH)",
        "group": "Netzwerk/ Multiplikator",
        "description": "Verteiler ZRR (K. Werken)",
        "phone": "",
        "email": "arns@neuland-hambach.de",
        "color": "#ff007f",
        "id": "a221_mravpp3j"
      }
    },
    {
      "type": "Feature",
      "id": "excel_222",
      "geometry": {
        "type": "Point",
        "coordinates": [
          6.63317700322339,
          50.91448600179361
        ]
      },
      "properties": {
        "name": "Christina Brincker (NEULAND HAMBACH GmbH)",
        "group": "Netzwerk/ Multiplikator",
        "description": "Verteiler ZRR (K. Werken)",
        "phone": "",
        "email": "brincker@neuland-hambach.de",
        "color": "#ff007f",
        "id": "a222_mravpp3j"
      }
    },
    {
      "type": "Feature",
      "id": "excel_223",
      "geometry": {
        "type": "Point",
        "coordinates": [
          6.63317700322339,
          50.91448600179361
        ]
      },
      "properties": {
        "name": "Sophie Graß (NEULAND HAMBACH GmbH)",
        "group": "Netzwerk/ Multiplikator",
        "description": "Verteiler ZRR (K. Werken)",
        "phone": "",
        "email": "grass@neuland-hambach.de",
        "color": "#ff007f",
        "id": "a223_mravpp3j"
      }
    },
    {
      "type": "Feature",
      "id": "excel_224",
      "geometry": {
        "type": "Point",
        "coordinates": [
          6.63317700322339,
          50.91448600179361
        ]
      },
      "properties": {
        "name": "Johanna Janning (NEULAND HAMBACH GmbH)",
        "group": "Netzwerk/ Multiplikator",
        "description": "Verteiler ZRR (K. Werken)",
        "phone": "",
        "email": "janning@neuland-hambach.de",
        "color": "#ff007f",
        "id": "a224_mravpp3j"
      }
    },
    {
      "type": "Feature",
      "id": "excel_225",
      "geometry": {
        "type": "Point",
        "coordinates": [
          6.63317700322339,
          50.91448600179361
        ]
      },
      "properties": {
        "name": "Marie Schuler (NEULAND HAMBACH GmbH)",
        "group": "Netzwerk/ Multiplikator",
        "description": "Verteiler ZRR (K. Werken)",
        "phone": "",
        "email": "schuler@neuland-hambach.de",
        "color": "#ff007f",
        "id": "a225_mravpp3j"
      }
    },
    {
      "type": "Feature",
      "id": "excel_226",
      "geometry": {
        "type": "Point",
        "coordinates": [
          6.63317700322339,
          50.91448600179361
        ]
      },
      "properties": {
        "name": "Claudia Stacker (NEULAND HAMBACH GmbH)",
        "group": "Netzwerk/ Multiplikator",
        "description": "Verteiler ZRR (K. Werken)",
        "phone": "",
        "email": "stacker@neuland-hambach.de",
        "color": "#ff007f",
        "id": "a226_mravpp3j"
      }
    },
    {
      "type": "Feature",
      "id": "excel_227",
      "geometry": {
        "type": "Point",
        "coordinates": [
          6.63317700322339,
          50.91448600179361
        ]
      },
      "properties": {
        "name": "Jana Weber (NEULAND HAMBACH GmbH)",
        "group": "Netzwerk/ Multiplikator",
        "description": "Verteiler ZRR (K. Werken); tu! Hambach",
        "phone": "",
        "email": "weber@neuland-hambach.de",
        "color": "#ff007f",
        "id": "a227_mravpp3j"
      }
    },
    {
      "type": "Feature",
      "id": "excel_228",
      "geometry": {
        "type": "Point",
        "coordinates": [
          6.63317700322339,
          50.91448600179361
        ]
      },
      "properties": {
        "name": "Matti Wirth (NEULAND HAMBACH GmbH)",
        "group": "Netzwerk/ Multiplikator",
        "description": "Verteiler ZRR (K. Werken); Rhein-Erft-Kreis",
        "phone": "",
        "email": "wirth@neuland-hambach.de",
        "color": "#ff007f",
        "id": "a228_mravpp3j"
      }
    },
    {
      "type": "Feature",
      "id": "excel_229",
      "geometry": {
        "type": "Point",
        "coordinates": [
          6.693821003374508,
          51.197065996525254
        ]
      },
      "properties": {
        "name": "Joshua Bühler (Stadt Neuss)",
        "group": "Gebietskörperschaft",
        "description": "Verteiler ZRR (K. Werken)",
        "phone": "",
        "email": "joshua.buehler@stadt.neuss.de",
        "color": "#fbbf24",
        "id": "a229_mravpp3j"
      }
    },
    {
      "type": "Feature",
      "id": "excel_230",
      "geometry": {
        "type": "Point",
        "coordinates": [
          6.390173993404847,
          51.26058200050656
        ]
      },
      "properties": {
        "name": "Katharina Greven (NEW NiederrheinWasser GmbH)",
        "group": "Ver-/ Entsorger",
        "description": "Tochtergesellschaft der NEW AG,\nVersorgungsgebiet: Städte Mönchengladbach, Viersen, Korschenbroich,\nTW-Verteilung über NEW Netz GmbH,\nkennengelernt bei Neueröffnung TW-Werk MG-Rasseln",
        "phone": "",
        "email": "katharina.greven@new.de",
        "color": "#ff7300",
        "id": "a230_mravpp3j"
      }
    },
    {
      "type": "Feature",
      "id": "excel_231",
      "geometry": {
        "type": "Point",
        "coordinates": [
          6.390173993404847,
          51.26058200050656
        ]
      },
      "properties": {
        "name": "Detlef Schumacher (NEW NiederrheinWasser GmbH)",
        "group": "Ver-/ Entsorger",
        "description": "Tochtergesellschaft der NEW AG,\nVersorgungsgebiet: Städte Mönchengladbach, Viersen, Korschenbroich,\nTW-Verteilung über NEW Netz GmbH",
        "phone": "",
        "email": "detlef.schumacher@new.de",
        "color": "#ff7300",
        "id": "a231_mravpp3j"
      }
    },
    {
      "type": "Feature",
      "id": "excel_232",
      "geometry": {
        "type": "Point",
        "coordinates": [
          6.481903003796331,
          50.68967100474714
        ]
      },
      "properties": {
        "name": "Wiebke Ehrlich (Stadt Nideggen)",
        "group": "Gebietskörperschaft",
        "description": "Verteiler ZRR (K. Werken)",
        "phone": "",
        "email": "w.ehrlich@nideggen.de",
        "color": "#fbbf24",
        "id": "a232_mravpp3j"
      }
    },
    {
      "type": "Feature",
      "id": "excel_233",
      "geometry": {
        "type": "Point",
        "coordinates": [
          6.165451994165743,
          51.21248599764797
        ]
      },
      "properties": {
        "name": "Thomas Ricker (Gemeinde Niederkrüchten)",
        "group": "Gebietskörperschaft",
        "description": "Mitglied beim WVER",
        "phone": "",
        "email": "info@niederkruechten.de",
        "color": "#fbbf24",
        "id": "a233_mravpp3j"
      }
    },
    {
      "type": "Feature",
      "id": "excel_234",
      "geometry": {
        "type": "Point",
        "coordinates": [
          6.46165999620356,
          50.885029004182925
        ]
      },
      "properties": {
        "name": "Jonas Hamacher (Gemeinde Niederzier)",
        "group": "Gebietskörperschaft",
        "description": "Verteiler ZRR (K. Werken)",
        "phone": "",
        "email": "jhamacher@niederzier.de",
        "color": "#fbbf24",
        "id": "a234_mravpp3j"
      }
    },
    {
      "type": "Feature",
      "id": "excel_235",
      "geometry": {
        "type": "Point",
        "coordinates": [
          6.46165999620356,
          50.885029004182925
        ]
      },
      "properties": {
        "name": "Cornelia Neunzig (Gemeinde Niederzier)",
        "group": "Gebietskörperschaft",
        "description": "Verteiler ZRR (K. Werken)",
        "phone": "",
        "email": "cneunzig@niederzier.de",
        "color": "#fbbf24",
        "id": "a235_mravpp3j"
      }
    },
    {
      "type": "Feature",
      "id": "excel_236",
      "geometry": {
        "type": "Point",
        "coordinates": [
          6.46165999620356,
          50.885029004182925
        ]
      },
      "properties": {
        "name": "José Schroeder (Gemeinde Niederzier)",
        "group": "Gebietskörperschaft",
        "description": "Verteiler ZRR (K. Werken)",
        "phone": "",
        "email": "jschroeder@niederzier.de",
        "color": "#fbbf24",
        "id": "a236_mravpp3j"
      }
    },
    {
      "type": "Feature",
      "id": "excel_237",
      "geometry": {
        "type": "Point",
        "coordinates": [
          6.495611343391177,
          50.55929032437896
        ]
      },
      "properties": {
        "name": "Martin Uhlmann (Pappenfabrik Nierfeld Josef Piront GmbH & Co. KG)",
        "group": "Gewerbe/ Industrie",
        "description": "Mitglied beim WVER",
        "phone": "",
        "email": "info@nierfeld-pappe.de",
        "color": "#d946ef",
        "id": "a237_mravpp3j"
      }
    },
    {
      "type": "Feature",
      "id": "excel_238",
      "geometry": {
        "type": "Point",
        "coordinates": [
          6.642038993688657,
          50.808964997111616
        ]
      },
      "properties": {
        "name": "Judith Rohde (Gemeinde Nörvenich)",
        "group": "Gebietskörperschaft",
        "description": "",
        "phone": "",
        "email": "j.rohde@noervenich.de",
        "color": "#fbbf24",
        "id": "a238_mravpp3j"
      }
    },
    {
      "type": "Feature",
      "id": "excel_239",
      "geometry": {
        "type": "Point",
        "coordinates": [
          6.642038993688657,
          50.808964997111616
        ]
      },
      "properties": {
        "name": "Samara Gomes Gnech (Gemeinde Nörvenich)",
        "group": "Gebietskörperschaft",
        "description": "Verteiler ZRR (K. Werken)",
        "phone": "",
        "email": "strukturwandel@noervenich.de",
        "color": "#fbbf24",
        "id": "a239_mravpp3j"
      }
    },
    {
      "type": "Feature",
      "id": "excel_240",
      "geometry": {
        "type": "Point",
        "coordinates": [
          6.642038993688657,
          50.808964997111616
        ]
      },
      "properties": {
        "name": "Judith Krieger (Gemeinde Nörvenich)",
        "group": "Gebietskörperschaft",
        "description": "Verteiler ZRR (K. Werken)",
        "phone": "",
        "email": "strukturwandel@noervenich.de",
        "color": "#fbbf24",
        "id": "a240_mravpp3j"
      }
    },
    {
      "type": "Feature",
      "id": "excel_241",
      "geometry": {
        "type": "Point",
        "coordinates": [
          6.642038993688657,
          50.808964997111616
        ]
      },
      "properties": {
        "name": "Lars Richter (Gemeinde Nörvenich)",
        "group": "Gebietskörperschaft",
        "description": "Verteiler ZRR (K. Werken)",
        "phone": "",
        "email": "l.richter@noervenich.de",
        "color": "#fbbf24",
        "id": "a241_mravpp3j"
      }
    },
    {
      "type": "Feature",
      "id": "excel_242",
      "geometry": {
        "type": "Point",
        "coordinates": [
          6.762565996394015,
          51.212903997402556
        ]
      },
      "properties": {
        "name": "Lena Mählen (NRW.Global Business GmbH)",
        "group": "Netzwerk/ Multiplikator",
        "description": "Verteiler ZRR (K. Werken)",
        "phone": "",
        "email": "maehlen@nrwglobalbusiness.com",
        "color": "#ff007f",
        "id": "a242_mravpp3j"
      }
    },
    {
      "type": "Feature",
      "id": "excel_243",
      "geometry": {
        "type": "Point",
        "coordinates": [
          6.645743653440136,
          50.65815396011936
        ]
      },
      "properties": {
        "name": "Hans-Josef Hellwich (Fa. Katharina Tillmann Papier- und Wellpappenfabrik e.K.)",
        "group": "Gewerbe/ Industrie",
        "description": "Assoziierter Partner\n(LoI liegt vor)\nim EZG des Erftverbands,\nFührung (MBo, NOt, FAc, HRi, MDu) am 21.08.2025 durch die Papierfabrik erfolgt (H-JHe)",
        "phone": "",
        "email": "Hans-Josef.Hellwich@Papierfabrik-Tillmann.de",
        "color": "#d946ef",
        "id": "a243_mravpp3j"
      }
    },
    {
      "type": "Feature",
      "id": "excel_244",
      "geometry": {
        "type": "Point",
        "coordinates": [
          6.4861408972778,
          50.74343562638902
        ]
      },
      "properties": {
        "name": "Markus Körner (Papierfabrik Niederauer Mühle GmbH)",
        "group": "Gewerbe/ Industrie",
        "description": "Mitglied beim WVER",
        "phone": "",
        "email": "mail@niederauer-muehle.de",
        "color": "#d946ef",
        "id": "a244_mravpp3j"
      }
    },
    {
      "type": "Feature",
      "id": "excel_245",
      "geometry": {
        "type": "Point",
        "coordinates": [
          6.307440005833304,
          50.902710002234016
        ]
      },
      "properties": {
        "name": "Frank Féron (Papierfabrik Zerkall GmbH - Werk Aldenhoven)",
        "group": "Gewerbe/ Industrie",
        "description": "Im EZG des WVER,\nAnhang 28, AbwVO",
        "phone": "",
        "email": "info@zerkall.com",
        "color": "#d946ef",
        "id": "a245_mravpp3j"
      }
    },
    {
      "type": "Feature",
      "id": "excel_246",
      "geometry": {
        "type": "Point",
        "coordinates": [
          6.447741997349302,
          50.689314998428905
        ]
      },
      "properties": {
        "name": "Frank Féron (Papierfabrik Zerkall GmbH - Werk Zerkall)",
        "group": "Gewerbe/ Industrie",
        "description": "Im EZG des WVER,\nAnhang 28, AbwVO",
        "phone": "",
        "email": "info@zerkall.com",
        "color": "#d946ef",
        "id": "a246_mravpp3j"
      }
    },
    {
      "type": "Feature",
      "id": "excel_247",
      "geometry": {
        "type": "Point",
        "coordinates": [
          6.373073895626992,
          50.91659859776186
        ]
      },
      "properties": {
        "name": "Heike Becker (Pfeifer & Langen GmbH & Co. KG - Werk Jülich)",
        "group": "Gewerbe/ Industrie",
        "description": "Mitglied beim WVER",
        "phone": "",
        "email": "juelich@pfeifer-langen.com",
        "color": "#d946ef",
        "id": "a247_mravpp3j"
      }
    },
    {
      "type": "Feature",
      "id": "excel_248",
      "geometry": {
        "type": "Point",
        "coordinates": [
          6.07659100562632,
          50.77930399639156
        ]
      },
      "properties": {
        "name": "Erik Richter (RWTH Aachen University - Lehr- und Forschungsgebiet Physische Geographie und Klimatologie (PGK))",
        "group": "Konsortium",
        "description": "",
        "phone": "",
        "email": "erik.richter@geo.rwth-aachen.de",
        "color": "#8b5cf6",
        "id": "a248_mravpp3j"
      }
    },
    {
      "type": "Feature",
      "id": "excel_249",
      "geometry": {
        "type": "Point",
        "coordinates": [
          6.07659100562632,
          50.77930399639156
        ]
      },
      "properties": {
        "name": "Michael Leuchner (RWTH Aachen University - Lehr- und Forschungsgebiet Physische Geographie und Klimatologie (PGK))",
        "group": "Konsortium",
        "description": "",
        "phone": "",
        "email": "michael.leuchner@geo.rwth-aachen.de",
        "color": "#8b5cf6",
        "id": "a249_mravpp3j"
      }
    },
    {
      "type": "Feature",
      "id": "excel_250",
      "geometry": {
        "type": "Point",
        "coordinates": [
          6.800351001919644,
          50.99764000464636
        ]
      },
      "properties": {
        "name": "Elisa Haefele (Stadt Pulheim)",
        "group": "Gebietskörperschaft",
        "description": "Erweiterter Verteiler blau-grüne Infrastruktur R. Hausmann",
        "phone": "",
        "email": "elisa.haefele@pulheim.de",
        "color": "#fbbf24",
        "id": "a250_mravpp3j"
      }
    },
    {
      "type": "Feature",
      "id": "excel_251",
      "geometry": {
        "type": "Point",
        "coordinates": [
          6.127031993688151,
          50.779147000451694
        ]
      },
      "properties": {
        "name": "Nico Hermanns (Region Aachen Zweckverband)",
        "group": "Netzwerk/ Multiplikator",
        "description": "haben sich bei uns gemeldet",
        "phone": "",
        "email": "hermanns@regionaachen.de",
        "color": "#ff007f",
        "id": "a251_mravpp3j"
      }
    },
    {
      "type": "Feature",
      "id": "excel_252",
      "geometry": {
        "type": "Point",
        "coordinates": [
          6.468844004321795,
          50.81600900513741
        ]
      },
      "properties": {
        "name": "Karsten Beisert (Reflex GmbH & Co. KG)",
        "group": "Gewerbe/ Industrie",
        "description": "",
        "phone": "",
        "email": "karsten.beisert@reflex-paper.com",
        "color": "#d946ef",
        "id": "a252_mravpp3j"
      }
    },
    {
      "type": "Feature",
      "id": "excel_253",
      "geometry": {
        "type": "Point",
        "coordinates": [
          6.468844004321795,
          50.81600900513741
        ]
      },
      "properties": {
        "name": "Frank Pütz (Reflex GmbH & Co. KG)",
        "group": "Gewerbe/ Industrie",
        "description": "im EZG des WVER",
        "phone": "",
        "email": "Frank.puetz@reflex-paper.com",
        "color": "#d946ef",
        "id": "a253_mravpp3j"
      }
    },
    {
      "type": "Feature",
      "id": "excel_254",
      "geometry": {
        "type": "Point",
        "coordinates": [
          6.9610019961502445,
          50.93456199746558
        ]
      },
      "properties": {
        "name": "Rebecca Grunert (Region Köln/Bonn e.V.)",
        "group": "Netzwerk/ Multiplikator",
        "description": "Kennengelernt beim Netzwerktreffen zu KOMM.RHEIN.REVIER",
        "phone": "",
        "email": "grunert@region-koeln-bonn.de",
        "color": "#ff007f",
        "id": "a254_mravpp3j"
      }
    },
    {
      "type": "Feature",
      "id": "excel_255",
      "geometry": {
        "type": "Point",
        "coordinates": [
          6.9610019961502445,
          50.93456199746558
        ]
      },
      "properties": {
        "name": "Marlon Müller (Region Köln/Bonn e.V.)",
        "group": "Netzwerk/ Multiplikator",
        "description": "",
        "phone": "",
        "email": "Mueller@region-koeln-bonn.de",
        "color": "#ff007f",
        "id": "a255_mravpp3j"
      }
    },
    {
      "type": "Feature",
      "id": "excel_256",
      "geometry": {
        "type": "Point",
        "coordinates": [
          6.9610019961502445,
          50.93456199746558
        ]
      },
      "properties": {
        "name": "Jana Peters (Region Köln/Bonn e.V.)",
        "group": "Netzwerk/ Multiplikator",
        "description": "",
        "phone": "",
        "email": "peters@region-koeln-bonn.de",
        "color": "#ff007f",
        "id": "a256_mravpp3j"
      }
    },
    {
      "type": "Feature",
      "id": "excel_257",
      "geometry": {
        "type": "Point",
        "coordinates": [
          7.0598280029215195,
          50.72117800411567
        ]
      },
      "properties": {
        "name": "Bernd Lüttgens (Rheinischer Landwirtschafts-Verband e.V.)",
        "group": "Landwirtschaft",
        "description": "",
        "phone": "",
        "email": "bernd.luettgens@rlv.de",
        "color": "#10b981",
        "id": "a257_mravpp3j"
      }
    },
    {
      "type": "Feature",
      "id": "excel_258",
      "geometry": {
        "type": "Point",
        "coordinates": [
          7.0598280029215195,
          50.72117800411567
        ]
      },
      "properties": {
        "name": "Wolfgang Patzlaff (Rheinischer Landwirtschafts-Verband e.V.)",
        "group": "Landwirtschaft",
        "description": "",
        "phone": "",
        "email": "wolfgang.patzlaff@rlv.de",
        "color": "#10b981",
        "id": "a258_mravpp3j"
      }
    },
    {
      "type": "Feature",
      "id": "excel_259",
      "geometry": {
        "type": "Point",
        "coordinates": [
          7.0598280029215195,
          50.72117800411567
        ]
      },
      "properties": {
        "name": "Petra Casper (Rheinischer Landwirtschafts-Verband e.V.)",
        "group": "Landwirtschaft",
        "description": "",
        "phone": "",
        "email": "Petra.Casper@rlv.de",
        "color": "#10b981",
        "id": "a259_mravpp3j"
      }
    },
    {
      "type": "Feature",
      "id": "excel_260",
      "geometry": {
        "type": "Point",
        "coordinates": [
          7.0598280029215195,
          50.72117800411567
        ]
      },
      "properties": {
        "name": "Heinz-Jürgen Zens (Rheinischer Landwirtschafts-Verband e.V.)",
        "group": "Landwirtschaft",
        "description": "Erweiterter Verteiler blau-grüne Infrastruktur R. Hausmann",
        "phone": "",
        "email": "Heinz-juergen.zens@rlv.de",
        "color": "#10b981",
        "id": "a260_mravpp3j"
      }
    },
    {
      "type": "Feature",
      "id": "excel_261",
      "geometry": {
        "type": "Point",
        "coordinates": [
          6.195044005462653,
          50.64761000458117
        ]
      },
      "properties": {
        "name": "Rainer Nießen (Gemeinde Roetgen)",
        "group": "Gebietskörperschaft",
        "description": "Mitglied beim WVER",
        "phone": "",
        "email": "info@roetgen.de",
        "color": "#fbbf24",
        "id": "a261_mravpp3j"
      }
    },
    {
      "type": "Feature",
      "id": "excel_262",
      "geometry": {
        "type": "Point",
        "coordinates": [
          6.695884006084197,
          51.03600399854141
        ]
      },
      "properties": {
        "name": "Pauline Backes (Gemeinde Rommerskirchen)",
        "group": "Gebietskörperschaft",
        "description": "Verteiler ZRR (K. Werken)",
        "phone": "",
        "email": "pauline.backes@rommerskirchen.de",
        "color": "#fbbf24",
        "id": "a262_mravpp3j"
      }
    },
    {
      "type": "Feature",
      "id": "excel_263",
      "geometry": {
        "type": "Point",
        "coordinates": [
          6.695884006084197,
          51.03600399854141
        ]
      },
      "properties": {
        "name": "Karolin Gathen (Gemeinde Rommerskirchen)",
        "group": "Gebietskörperschaft",
        "description": "Verteiler ZRR (K. Werken)",
        "phone": "",
        "email": "karolin.gathen@rommerskirchen.de",
        "color": "#fbbf24",
        "id": "a263_mravpp3j"
      }
    },
    {
      "type": "Feature",
      "id": "excel_264",
      "geometry": {
        "type": "Point",
        "coordinates": [
          6.695884006084197,
          51.03600399854141
        ]
      },
      "properties": {
        "name": "Felix Hemmer (Gemeinde Rommerskirchen)",
        "group": "Gebietskörperschaft",
        "description": "Verteiler ZRR (K. Werken)",
        "phone": "",
        "email": "felix.hemmer@rommerskirchen.de",
        "color": "#fbbf24",
        "id": "a264_mravpp3j"
      }
    },
    {
      "type": "Feature",
      "id": "excel_265",
      "geometry": {
        "type": "Point",
        "coordinates": [
          6.695884006084197,
          51.03600399854141
        ]
      },
      "properties": {
        "name": "Ulrike Neumann (Gemeinde Rommerskirchen)",
        "group": "Gebietskörperschaft",
        "description": "Verteiler ZRR (K. Werken)",
        "phone": "",
        "email": "ulrike.neumann@rommerskirchen.de",
        "color": "#fbbf24",
        "id": "a265_mravpp3j"
      }
    },
    {
      "type": "Feature",
      "id": "excel_266",
      "geometry": {
        "type": "Point",
        "coordinates": [
          6.695884006084197,
          51.03600399854141
        ]
      },
      "properties": {
        "name": "Florian Plück (Gemeinde Rommerskirchen)",
        "group": "Gebietskörperschaft",
        "description": "Verteiler ZRR (K. Werken)",
        "phone": "",
        "email": "florian.plueck@rommerskirchen.de",
        "color": "#fbbf24",
        "id": "a266_mravpp3j"
      }
    },
    {
      "type": "Feature",
      "id": "excel_267",
      "geometry": {
        "type": "Point",
        "coordinates": [
          6.695884006084197,
          51.03600399854141
        ]
      },
      "properties": {
        "name": "Joachim Tiefenthal (Gemeinde Rommerskirchen)",
        "group": "Gebietskörperschaft",
        "description": "Verteiler ZRR (K. Werken)",
        "phone": "",
        "email": "joachim.tiefenthal@rommerskirchen.de",
        "color": "#fbbf24",
        "id": "a267_mravpp3j"
      }
    },
    {
      "type": "Feature",
      "id": "excel_268",
      "geometry": {
        "type": "Point",
        "coordinates": [
          6.123006997244525,
          50.79781200459343
        ]
      },
      "properties": {
        "name": "Meike Jungbluth (Roskopf Vulkanisation GmbH)",
        "group": "Gewerbe/ Industrie",
        "description": "",
        "phone": "",
        "email": "meike.jungbluth@roskopf-gmbH.com",
        "color": "#d946ef",
        "id": "a268_mravpp3j"
      }
    },
    {
      "type": "Feature",
      "id": "excel_269",
      "geometry": {
        "type": "Point",
        "coordinates": [
          6.874167995406817,
          51.42627700197096
        ]
      },
      "properties": {
        "name": "Leif Frederik Blum (RWW Rheinisch-Westfälische Wasserwerksgesellschaft mbH)",
        "group": "Ver-/ Entsorger",
        "description": "haben sich bei uns gemeldet",
        "phone": "",
        "email": "leif.blum@rww.de",
        "color": "#ff7300",
        "id": "a269_mravpp3j"
      }
    },
    {
      "type": "Feature",
      "id": "excel_270",
      "geometry": {
        "type": "Point",
        "coordinates": [
          6.874167995406817,
          51.42627700197096
        ]
      },
      "properties": {
        "name": "Jennifer Budgereit (RWW Rheinisch-Westfälische Wasserwerksgesellschaft mbH)",
        "group": "Ver-/ Entsorger",
        "description": "",
        "phone": "",
        "email": "Jennifer.Budgereit@rww.de",
        "color": "#ff7300",
        "id": "a270_mravpp3j"
      }
    },
    {
      "type": "Feature",
      "id": "excel_271",
      "geometry": {
        "type": "Point",
        "coordinates": [
          6.874167995406817,
          51.42627700197096
        ]
      },
      "properties": {
        "name": "Sabine Killmann (RWW Rheinisch-Westfälische Wasserwerksgesellschaft mbH)",
        "group": "Ver-/ Entsorger",
        "description": "",
        "phone": "",
        "email": "Sabine.Killmann@rww.de",
        "color": "#ff7300",
        "id": "a271_mravpp3j"
      }
    },
    {
      "type": "Feature",
      "id": "excel_272",
      "geometry": {
        "type": "Point",
        "coordinates": [
          6.4795580000750395,
          50.528956002401095
        ]
      },
      "properties": {
        "name": "Frederik Link (Stadt Schleiden)",
        "group": "Gebietskörperschaft",
        "description": "Mitglied beim WVER",
        "phone": "",
        "email": "frederik.link@schleiden.de",
        "color": "#fbbf24",
        "id": "a272_mravpp3j"
      }
    },
    {
      "type": "Feature",
      "id": "excel_273",
      "geometry": {
        "type": "Point",
        "coordinates": [
          6.487426998603715,
          50.77701599992516
        ]
      },
      "properties": {
        "name": "Christoph Nahrath (SCHOELLERSHAMMER GmbH)",
        "group": "Gewerbe/ Industrie",
        "description": "Mitglied beim WVER,\nAssoziierter Partner\n(LoI vom 03.03.2022 liegt vor)",
        "phone": "",
        "email": "CNahrath@schoellershammer.de",
        "color": "#d946ef",
        "id": "a273_mravpp3j"
      }
    },
    {
      "type": "Feature",
      "id": "excel_274",
      "geometry": {
        "type": "Point",
        "coordinates": [
          6.487426998603715,
          50.77701599992516
        ]
      },
      "properties": {
        "name": "Armin Vetter (SCHOELLERSHAMMER GmbH)",
        "group": "Gewerbe/ Industrie",
        "description": "Mitglied beim WVER,\nAssoziierter Partner\n(LoI vom 03.03.2022 liegt vor)",
        "phone": "",
        "email": "avetter@schoellershammer.de",
        "color": "#d946ef",
        "id": "a274_mravpp3j"
      }
    },
    {
      "type": "Feature",
      "id": "excel_275",
      "geometry": {
        "type": "Point",
        "coordinates": [
          6.487426998603715,
          50.77701599992516
        ]
      },
      "properties": {
        "name": "Maren Wolf (SCHOELLERSHAMMER GmbH)",
        "group": "Gewerbe/ Industrie",
        "description": "Mitglied beim WVER,\nAssoziierter Partner\n(LoI vom 03.03.2022 liegt vor)\nim Rahmen der Führung durch die Papierfabrik kennengelernt",
        "phone": "",
        "email": "mwolf@schoellershammer.de",
        "color": "#d946ef",
        "id": "a275_mravpp3j"
      }
    },
    {
      "type": "Feature",
      "id": "excel_276",
      "geometry": {
        "type": "Point",
        "coordinates": [
          6.271954998565629,
          50.81796900385408
        ]
      },
      "properties": {
        "name": "Michael Mathar (Stadt Eschweiler)",
        "group": "Konsortium",
        "description": "",
        "phone": "",
        "email": "michael.mathar@eschweiler.de",
        "color": "#8b5cf6",
        "id": "a276_mravpp3j"
      }
    },
    {
      "type": "Feature",
      "id": "excel_277",
      "geometry": {
        "type": "Point",
        "coordinates": [
          6.271954998565629,
          50.81796900385408
        ]
      },
      "properties": {
        "name": "jens Daub (Stadt Eschweiler)",
        "group": "Konsortium",
        "description": "",
        "phone": "",
        "email": "jens.daub@eschweiler.de",
        "color": "#8b5cf6",
        "id": "a277_mravpp3j"
      }
    },
    {
      "type": "Feature",
      "id": "excel_278",
      "geometry": {
        "type": "Point",
        "coordinates": [
          6.271954998565629,
          50.81796900385408
        ]
      },
      "properties": {
        "name": "Christoph Guth (Stadt Eschweiler)",
        "group": "Konsortium",
        "description": "",
        "phone": "",
        "email": "Christoph.Guth@eschweiler.de",
        "color": "#8b5cf6",
        "id": "a278_mravpp3j"
      }
    },
    {
      "type": "Feature",
      "id": "excel_279",
      "geometry": {
        "type": "Point",
        "coordinates": [
          6.271954998565629,
          50.81796900385408
        ]
      },
      "properties": {
        "name": "Achim Vogelheim (Stadt Eschweiler)",
        "group": "Konsortium",
        "description": "",
        "phone": "",
        "email": "achim.vogelheim@eschweiler.de",
        "color": "#8b5cf6",
        "id": "a279_mravpp3j"
      }
    },
    {
      "type": "Feature",
      "id": "excel_280",
      "geometry": {
        "type": "Point",
        "coordinates": [
          6.271954998565629,
          50.81796900385408
        ]
      },
      "properties": {
        "name": "Ute Bennerscheidt (Stadt Eschweiler)",
        "group": "Konsortium",
        "description": "Verteiler ZRR (K. Werken)",
        "phone": "",
        "email": "ute.bennerscheidt@eschweiler.de",
        "color": "#8b5cf6",
        "id": "a280_mravpp3j"
      }
    },
    {
      "type": "Feature",
      "id": "excel_281",
      "geometry": {
        "type": "Point",
        "coordinates": [
          6.271954998565629,
          50.81796900385408
        ]
      },
      "properties": {
        "name": "Nikolas Bongard (Stadt Eschweiler)",
        "group": "Konsortium",
        "description": "Verteiler ZRR (K. Werken)",
        "phone": "",
        "email": "nikolas.bongard@eschweiler.de",
        "color": "#8b5cf6",
        "id": "a281_mravpp3j"
      }
    },
    {
      "type": "Feature",
      "id": "excel_282",
      "geometry": {
        "type": "Point",
        "coordinates": [
          6.271954998565629,
          50.81796900385408
        ]
      },
      "properties": {
        "name": "Kristina Jacquorie (Stadt Eschweiler)",
        "group": "Konsortium",
        "description": "Verteiler ZRR (K. Werken)",
        "phone": "",
        "email": "kristina.jacquorie@eschweiler.de",
        "color": "#8b5cf6",
        "id": "a282_mravpp3j"
      }
    },
    {
      "type": "Feature",
      "id": "excel_283",
      "geometry": {
        "type": "Point",
        "coordinates": [
          6.271954998565629,
          50.81796900385408
        ]
      },
      "properties": {
        "name": "Raphael Kamp (Stadt Eschweiler)",
        "group": "Konsortium",
        "description": "Verteiler ZRR (K. Werken)",
        "phone": "",
        "email": "raphael.kamp@eschweiler.de",
        "color": "#8b5cf6",
        "id": "a283_mravpp3j"
      }
    },
    {
      "type": "Feature",
      "id": "excel_284",
      "geometry": {
        "type": "Point",
        "coordinates": [
          5.902081000240392,
          51.0157030064224
        ]
      },
      "properties": {
        "name": "Gerard Küsters (Gemeinde Selfkant)",
        "group": "Gebietskörperschaft",
        "description": "Mitglied beim WVER",
        "phone": "",
        "email": "info@selfkant.de",
        "color": "#fbbf24",
        "id": "a284_mravpp3j"
      }
    },
    {
      "type": "Feature",
      "id": "excel_285",
      "geometry": {
        "type": "Point",
        "coordinates": [
          6.275603190783867,
          50.981336887409256
        ]
      },
      "properties": {
        "name": "Erich Kremp (SIG Combibloc GmbH)",
        "group": "Gewerbe/ Industrie",
        "description": "Mitglied beim WVER",
        "phone": "",
        "email": "erich.kremp@sig.biz",
        "color": "#d946ef",
        "id": "a285_mravpp3j"
      }
    },
    {
      "type": "Feature",
      "id": "excel_286",
      "geometry": {
        "type": "Point",
        "coordinates": [
          6.303847994927506,
          50.606602998018374
        ]
      },
      "properties": {
        "name": "Bernd\nSander Goffart\nLutterbach (Gemeinde Simmerath)",
        "group": "Gebietskörperschaft",
        "description": "Mitglied beim WVER",
        "phone": "",
        "email": "gemeinde@simmerath.de",
        "color": "#fbbf24",
        "id": "a286_mravpp3j"
      }
    },
    {
      "type": "Feature",
      "id": "excel_287",
      "geometry": {
        "type": "Point",
        "coordinates": [
          6.652299994739826,
          50.705773001400665
        ]
      },
      "properties": {
        "name": "Jürgen Groth (Smurfit Westrock Zülpich Paper GmbH)",
        "group": "Gewerbe/ Industrie",
        "description": "Assoziierter Partner\n(LoI liegt vor)",
        "phone": "",
        "email": "Juergen.groth@smurfitwestrock.de",
        "color": "#d946ef",
        "id": "a287_mravpp3j"
      }
    },
    {
      "type": "Feature",
      "id": "excel_288",
      "geometry": {
        "type": "Point",
        "coordinates": [
          6.652299994739826,
          50.705773001400665
        ]
      },
      "properties": {
        "name": "Patrick Offer (Smurfit Westrock Zülpich Paper GmbH)",
        "group": "Gewerbe/ Industrie",
        "description": "Assoziierter Partner\n(LoI liegt vor)\nNachfolger von Herrn Dr. Heberz",
        "phone": "",
        "email": "Patrick.offer@smurfitwestrock.de",
        "color": "#d946ef",
        "id": "a288_mravpp3j"
      }
    },
    {
      "type": "Feature",
      "id": "excel_289",
      "geometry": {
        "type": "Point",
        "coordinates": [
          6.25539899857828,
          50.75203699927471
        ]
      },
      "properties": {
        "name": "Arndt Bleimann (Stadt Stolberg)",
        "group": "Gebietskörperschaft",
        "description": "Termin über KAHR Projekt",
        "phone": "",
        "email": "Arndt.Bleimann@stolberg.de",
        "color": "#fbbf24",
        "id": "a289_mravpp3j"
      }
    },
    {
      "type": "Feature",
      "id": "excel_290",
      "geometry": {
        "type": "Point",
        "coordinates": [
          6.25539899857828,
          50.75203699927471
        ]
      },
      "properties": {
        "name": "Sophie Große-Oetringhaus (Stadt Stolberg)",
        "group": "Gebietskörperschaft",
        "description": "Zusammenarbeitim KAHR-Projekt, gemeinsame interdisziplinäre Studierendenarbeiten mit iPE",
        "phone": "",
        "email": "Sophie.Grosse-Oetringhaus@stolberg.de",
        "color": "#fbbf24",
        "id": "a290_mravpp3j"
      }
    },
    {
      "type": "Feature",
      "id": "excel_291",
      "geometry": {
        "type": "Point",
        "coordinates": [
          6.25539899857828,
          50.75203699927471
        ]
      },
      "properties": {
        "name": "Anette Kliems (Stadt Stolberg)",
        "group": "Gebietskörperschaft",
        "description": "",
        "phone": "",
        "email": "Annette.Kliems@stolberg.de",
        "color": "#fbbf24",
        "id": "a291_mravpp3j"
      }
    },
    {
      "type": "Feature",
      "id": "excel_292",
      "geometry": {
        "type": "Point",
        "coordinates": [
          6.25539899857828,
          50.75203699927471
        ]
      },
      "properties": {
        "name": "Jörg Veltrup (Stadt Stolberg)",
        "group": "Gebietskörperschaft",
        "description": "",
        "phone": "",
        "email": "Joerg.Veltrup@stolberg.de",
        "color": "#fbbf24",
        "id": "a292_mravpp3j"
      }
    },
    {
      "type": "Feature",
      "id": "excel_293",
      "geometry": {
        "type": "Point",
        "coordinates": [
          6.25539899857828,
          50.75203699927471
        ]
      },
      "properties": {
        "name": "Yannik Zohren (Stadt Stolberg)",
        "group": "Gebietskörperschaft",
        "description": "Verteiler ZRR (K. Werken)",
        "phone": "",
        "email": "yannick.zohren@stolberg.de",
        "color": "#fbbf24",
        "id": "a293_mravpp3j"
      }
    },
    {
      "type": "Feature",
      "id": "excel_294",
      "geometry": {
        "type": "Point",
        "coordinates": [
          6.4249719960304486,
          51.00299400124807
        ]
      },
      "properties": {
        "name": "Hans-Peter Luksch (Gemeinde Titz)",
        "group": "Gebietskörperschaft",
        "description": "",
        "phone": "",
        "email": "Hans-Peter.Luksch@titz.de",
        "color": "#fbbf24",
        "id": "a294_mravpp3j"
      }
    },
    {
      "type": "Feature",
      "id": "excel_295",
      "geometry": {
        "type": "Point",
        "coordinates": [
          6.4249719960304486,
          51.00299400124807
        ]
      },
      "properties": {
        "name": "Lucia Blender (Gemeinde Titz)",
        "group": "Gebietskörperschaft",
        "description": "Verteiler ZRR (K. Werken)",
        "phone": "",
        "email": "lucia.blender@titz.de",
        "color": "#fbbf24",
        "id": "a295_mravpp3j"
      }
    },
    {
      "type": "Feature",
      "id": "excel_296",
      "geometry": {
        "type": "Point",
        "coordinates": [
          6.4249719960304486,
          51.00299400124807
        ]
      },
      "properties": {
        "name": "Jens Simon (Gemeinde Titz)",
        "group": "Gebietskörperschaft",
        "description": "Verteiler ZRR (K. Werken)",
        "phone": "",
        "email": "jens.simon@titz.de",
        "color": "#fbbf24",
        "id": "a296_mravpp3j"
      }
    },
    {
      "type": "Feature",
      "id": "excel_297",
      "geometry": {
        "type": "Point",
        "coordinates": [
          6.4249719960304486,
          51.00299400124807
        ]
      },
      "properties": {
        "name": "Yasmin Hucko (Gemeinde Titz)",
        "group": "Gebietskörperschaft",
        "description": "Erweiterter Verteiler blau-grüne Infrastruktur R. Hausmann",
        "phone": "",
        "email": "yasmin.hucko@titz.de",
        "color": "#fbbf24",
        "id": "a297_mravpp3j"
      }
    },
    {
      "type": "Feature",
      "id": "excel_298",
      "geometry": {
        "type": "Point",
        "coordinates": [
          8.658797001420176,
          49.8752769976867
        ]
      },
      "properties": {
        "name": "Antje Kersten (TU Darmstadt - Papierfabrikation und Mechanische Verfahrenstechnik)",
        "group": "Forschung",
        "description": "über Rosario Othen vermittelt",
        "phone": "",
        "email": "antje.kersten@tu-darmstadt.de",
        "color": "#3b82f6",
        "id": "a298_mravpp3j"
      }
    },
    {
      "type": "Feature",
      "id": "excel_299",
      "geometry": {
        "type": "Point",
        "coordinates": [
          6.118750996918522,
          50.91913899704941
        ]
      },
      "properties": {
        "name": "R. Mittelstaedt (Stadt Übach-Palenberg)",
        "group": "Gebietskörperschaft",
        "description": "Mitglied beim WVER",
        "phone": "",
        "email": "r.mittelstaedt@uebach-palenberg.de",
        "color": "#fbbf24",
        "id": "a299_mravpp3j"
      }
    },
    {
      "type": "Feature",
      "id": "excel_300",
      "geometry": {
        "type": "Point",
        "coordinates": [
          6.132031471214872,
          51.05999297723656
        ]
      },
      "properties": {
        "name": "Dirk Cichy (Veolia Industriepark Deutschland GmbH)",
        "group": "Ver-/ Entsorger",
        "description": "Mitglied beim WVER",
        "phone": "",
        "email": "dirk.cichy@veolia.com",
        "color": "#ff7300",
        "id": "a300_mravpp3j"
      }
    },
    {
      "type": "Feature",
      "id": "excel_301",
      "geometry": {
        "type": "Point",
        "coordinates": [
          6.132031471214872,
          51.05999297723656
        ]
      },
      "properties": {
        "name": "Anna Garipova (Veolia Industriepark Deutschland GmbH)",
        "group": "Ver-/ Entsorger",
        "description": "Mitglied beim WVER",
        "phone": "",
        "email": "anna.garipova@veolia.com",
        "color": "#ff7300",
        "id": "a301_mravpp3j"
      }
    },
    {
      "type": "Feature",
      "id": "excel_302",
      "geometry": {
        "type": "Point",
        "coordinates": [
          6.132031471214872,
          51.05999297723656
        ]
      },
      "properties": {
        "name": "Stefan Langer (Veolia Industriepark Deutschland GmbH)",
        "group": "Ver-/ Entsorger",
        "description": "Mit glied beim WVER;\nErste Kontaktaufnahme durch T. Wintgens  (ISA) im Februar 2022;\ndie Veolia Industriepark Deutschland GmbH ist Eigentümer/Betreiber des Industrieparks HS-Oberbruch sowie Betreiber des IPD",
        "phone": "",
        "email": "stefan.langer@veolia.com",
        "color": "#ff7300",
        "id": "a302_mravpp3j"
      }
    },
    {
      "type": "Feature",
      "id": "excel_303",
      "geometry": {
        "type": "Point",
        "coordinates": [
          6.60121700442202,
          50.74250400481001
        ]
      },
      "properties": {
        "name": "Joachim Kunth (Gemeinde Vettweiß)",
        "group": "Gebietskörperschaft",
        "description": "Mitglied beim WVER",
        "phone": "",
        "email": "buergermeister@vettweiss.de",
        "color": "#fbbf24",
        "id": "a303_mravpp3j"
      }
    },
    {
      "type": "Feature",
      "id": "excel_304",
      "geometry": {
        "type": "Point",
        "coordinates": [
          6.206135992885357,
          50.66072700129587
        ]
      },
      "properties": {
        "name": "Walter Dautzenberg (Wassergewinnungs- u. -aufbereitungsgesellschaft Nordeifel mbH)",
        "group": "Ver-/ Entsorger",
        "description": "Mitglied beim WVER",
        "phone": "",
        "email": "Walter.Dautzenberg@wag-nordeifel.de",
        "color": "#ff7300",
        "id": "a304_mravpp3j"
      }
    },
    {
      "type": "Feature",
      "id": "excel_305",
      "geometry": {
        "type": "Point",
        "coordinates": [
          5.988712002979444,
          51.06823300761833
        ]
      },
      "properties": {
        "name": "Marcell Breuer (Gemeinde Waldfeucht)",
        "group": "Gebietskörperschaft",
        "description": "",
        "phone": "",
        "email": "gemeinde@waldfeucht.de",
        "color": "#fbbf24",
        "id": "a305_mravpp3j"
      }
    },
    {
      "type": "Feature",
      "id": "excel_306",
      "geometry": {
        "type": "Point",
        "coordinates": [
          6.102748993108804,
          50.778876004942724
        ]
      },
      "properties": {
        "name": "Janine Möller (Wasserhub Aachen)",
        "group": "Forschung",
        "description": "",
        "phone": "",
        "email": "janine.moeller@rwth-aachen.de",
        "color": "#3b82f6",
        "id": "a306_mravpp3j"
      }
    },
    {
      "type": "Feature",
      "id": "excel_307",
      "geometry": {
        "type": "Point",
        "coordinates": [
          5.99562200040498,
          51.191179002049445
        ]
      },
      "properties": {
        "name": "Jens Reuber (Wasserbehörde Limburg (Waterschap Limburg))",
        "group": "Behörde",
        "description": "haben sich bei uns gemeldet",
        "phone": "",
        "email": "j.reuber@waterschaplimburg.nl",
        "color": "#f43f5e",
        "id": "a307_mravpp3j"
      }
    },
    {
      "type": "Feature",
      "id": "excel_308",
      "geometry": {
        "type": "Point",
        "coordinates": [
          5.99562200040498,
          51.191179002049445
        ]
      },
      "properties": {
        "name": "Sophie Verstraelen (Wasserbehörde Limburg (Waterschap Limburg))",
        "group": "Behörde",
        "description": "haben sich bei uns gemeldet",
        "phone": "",
        "email": "s.verstraelen@waterschaplimburg.nl",
        "color": "#f43f5e",
        "id": "a308_mravpp3j"
      }
    },
    {
      "type": "Feature",
      "id": "excel_309",
      "geometry": {
        "type": "Point",
        "coordinates": [
          6.277196003850308,
          51.14148500123546
        ]
      },
      "properties": {
        "name": "Jörg Krapoll (Stadt Wegberg)",
        "group": "Gebietskörperschaft",
        "description": "Erweiterter Verteiler blau-grüne Infrastruktur R. Hausmann",
        "phone": "",
        "email": "joerg.krapoll@stadt.wegberg.de",
        "color": "#fbbf24",
        "id": "a309_mravpp3j"
      }
    },
    {
      "type": "Feature",
      "id": "excel_310",
      "geometry": {
        "type": "Point",
        "coordinates": [
          6.845121993726548,
          50.75249599772255
        ]
      },
      "properties": {
        "name": "Anna-Katharina Horst (Gemeinde Weilerswist)",
        "group": "Gebietskörperschaft",
        "description": "",
        "phone": "",
        "email": "Gemeinde@weilerswist.de",
        "color": "#fbbf24",
        "id": "a310_mravpp3j"
      }
    },
    {
      "type": "Feature",
      "id": "excel_311",
      "geometry": {
        "type": "Point",
        "coordinates": [
          6.981757003048151,
          50.82781499652073
        ]
      },
      "properties": {
        "name": "A. Bedronka (Stadt Wesseling)",
        "group": "Gebietskörperschaft",
        "description": "",
        "phone": "",
        "email": "Abedronka@wesseling.de",
        "color": "#fbbf24",
        "id": "a311_mravpp3j"
      }
    },
    {
      "type": "Feature",
      "id": "excel_312",
      "geometry": {
        "type": "Point",
        "coordinates": [
          6.981757003048151,
          50.82781499652073
        ]
      },
      "properties": {
        "name": "J. Forstner (Stadt Wesseling)",
        "group": "Gebietskörperschaft",
        "description": "",
        "phone": "",
        "email": "Jforstner@wesseling.de",
        "color": "#fbbf24",
        "id": "a312_mravpp3j"
      }
    },
    {
      "type": "Feature",
      "id": "excel_313",
      "geometry": {
        "type": "Point",
        "coordinates": [
          6.094212996370038,
          51.0629089982431
        ]
      },
      "properties": {
        "name": "Matthias Pusch (Wirtschaftsfördergesellschaft für den Kreis Heinsberg mbH)",
        "group": "Netzwerk/ Multiplikator",
        "description": "Verteiler ZRR (K. Werken)",
        "phone": "",
        "email": "pusch@wfg-kreis-heinsberg.de",
        "color": "#ff007f",
        "id": "a313_mravpp3j"
      }
    },
    {
      "type": "Feature",
      "id": "excel_314",
      "geometry": {
        "type": "Point",
        "coordinates": [
          6.470921005233685,
          50.83133699707422
        ]
      },
      "properties": {
        "name": "Hannah Ruyters (WIN.DN GmbH - Wirtschafts- und Innovationsnetzwerk Düren)",
        "group": "Netzwerk/ Multiplikator",
        "description": "Verteiler ZRR (K. Werken)",
        "phone": "",
        "email": "h.ruyters@windn.de",
        "color": "#ff007f",
        "id": "a314_mravpp3j"
      }
    },
    {
      "type": "Feature",
      "id": "excel_315",
      "geometry": {
        "type": "Point",
        "coordinates": [
          6.470921005233685,
          50.83133699707422
        ]
      },
      "properties": {
        "name": "Julia Simons (WIN.DN GmbH - Wirtschafts- und Innovationsnetzwerk Düren)",
        "group": "Netzwerk/ Multiplikator",
        "description": "Verteiler ZRR (K. Werken)",
        "phone": "",
        "email": "j.simons@windn.de",
        "color": "#ff007f",
        "id": "a315_mravpp3j"
      }
    },
    {
      "type": "Feature",
      "id": "excel_316",
      "geometry": {
        "type": "Point",
        "coordinates": [
          6.12998500695204,
          50.81958099907437
        ]
      },
      "properties": {
        "name": "Heike Ohlmann (Stadt Würselen)",
        "group": "Gebietskörperschaft",
        "description": "Mitglied beim WVER",
        "phone": "",
        "email": "heike.ohlmann@wuerselen.de",
        "color": "#fbbf24",
        "id": "a316_mravpp3j"
      }
    },
    {
      "type": "Feature",
      "id": "excel_317",
      "geometry": {
        "type": "Point",
        "coordinates": [
          6.480183994931681,
          50.80981099764889
        ]
      },
      "properties": {
        "name": "Martin Kaleß (Wasserverband Eifel-Rur)",
        "group": "Konsortium",
        "description": "",
        "phone": "",
        "email": "Martin.Kaless@wver.de",
        "color": "#8b5cf6",
        "id": "a317_mravpp3j"
      }
    },
    {
      "type": "Feature",
      "id": "excel_318",
      "geometry": {
        "type": "Point",
        "coordinates": [
          6.480183994931681,
          50.80981099764889
        ]
      },
      "properties": {
        "name": "Christof Homann (Wasserverband Eifel-Rur)",
        "group": "Konsortium",
        "description": "",
        "phone": "",
        "email": "Christof.Homann@wver.de",
        "color": "#8b5cf6",
        "id": "a318_mravpp3j"
      }
    },
    {
      "type": "Feature",
      "id": "excel_319",
      "geometry": {
        "type": "Point",
        "coordinates": [
          6.480183994931681,
          50.80981099764889
        ]
      },
      "properties": {
        "name": "Felix Steudtner (Wasserverband Eifel-Rur)",
        "group": "Konsortium",
        "description": "",
        "phone": "",
        "email": "Felix.Steudtner@wver.de",
        "color": "#8b5cf6",
        "id": "a319_mravpp3j"
      }
    },
    {
      "type": "Feature",
      "id": "excel_320",
      "geometry": {
        "type": "Point",
        "coordinates": [
          6.480183994931681,
          50.80981099764889
        ]
      },
      "properties": {
        "name": "Gerd Demny (Wasserverband Eifel-Rur)",
        "group": "Konsortium",
        "description": "",
        "phone": "",
        "email": "Gerd.Demny@wver.de",
        "color": "#8b5cf6",
        "id": "a320_mravpp3j"
      }
    },
    {
      "type": "Feature",
      "id": "excel_321",
      "geometry": {
        "type": "Point",
        "coordinates": [
          6.480183994931681,
          50.80981099764889
        ]
      },
      "properties": {
        "name": "Susanne Kozerke (Wasserverband Eifel-Rur)",
        "group": "Konsortium",
        "description": "",
        "phone": "",
        "email": "Susanne.Kozerke@wver.de",
        "color": "#8b5cf6",
        "id": "a321_mravpp3j"
      }
    },
    {
      "type": "Feature",
      "id": "excel_322",
      "geometry": {
        "type": "Point",
        "coordinates": [
          6.480183994931681,
          50.80981099764889
        ]
      },
      "properties": {
        "name": "Frank Jörrens (Wasserverband Eifel-Rur)",
        "group": "Konsortium",
        "description": "Telefonat im Q22026 mit Fac über Industrie und Wasserbedarfe an der Rur",
        "phone": "",
        "email": "Frank.Joerrens@wver.de",
        "color": "#8b5cf6",
        "id": "a322_mravpp3j"
      }
    },
    {
      "type": "Feature",
      "id": "excel_323",
      "geometry": {
        "type": "Point",
        "coordinates": [
          6.480183994931681,
          50.80981099764889
        ]
      },
      "properties": {
        "name": "Torsten Rose (Wasserverband Eifel-Rur)",
        "group": "Konsortium",
        "description": "",
        "phone": "",
        "email": "Torsten.Rose@wver.de",
        "color": "#8b5cf6",
        "id": "a323_mravpp3j"
      }
    },
    {
      "type": "Feature",
      "id": "excel_324",
      "geometry": {
        "type": "Point",
        "coordinates": [
          6.480183994931681,
          50.80981099764889
        ]
      },
      "properties": {
        "name": "Andreas Wolf (Wasserverband Eifel-Rur)",
        "group": "Konsortium",
        "description": "",
        "phone": "",
        "email": "Andreas.Wolf@wver.de",
        "color": "#8b5cf6",
        "id": "a324_mravpp3j"
      }
    },
    {
      "type": "Feature",
      "id": "excel_325",
      "geometry": {
        "type": "Point",
        "coordinates": [
          6.267913998040347,
          50.582056000308775
        ]
      },
      "properties": {
        "name": "Gerhard Schmitz (Wasserversorgungszweckverband Perlenbach)",
        "group": "Ver-/ Entsorger",
        "description": "Mitglied beim WVER",
        "phone": "",
        "email": "gerhard.schmitz@wasserwerk-perlenbach.de",
        "color": "#ff7300",
        "id": "a325_mravpp3j"
      }
    },
    {
      "type": "Feature",
      "id": "excel_326",
      "geometry": {
        "type": "Point",
        "coordinates": [
          6.367215000063611,
          50.94337800227374
        ]
      },
      "properties": {
        "name": "Ruth Hausmann (Zukunftsagentur Rheinisches Revier GmbH)",
        "group": "Netzwerk/ Multiplikator",
        "description": "ZRR ist zentraler Akteur im RR; wird Keynote Speech halten",
        "phone": "",
        "email": "ruth.hausmann@rheinisches-revier.de",
        "color": "#ff007f",
        "id": "a326_mravpp3j"
      }
    },
    {
      "type": "Feature",
      "id": "excel_327",
      "geometry": {
        "type": "Point",
        "coordinates": [
          6.367215000063611,
          50.94337800227374
        ]
      },
      "properties": {
        "name": "Michelle Belkarim (Zukunftsagentur Rheinisches Revier GmbH)",
        "group": "Netzwerk/ Multiplikator",
        "description": "Verteiler ZRR (K. Werken)",
        "phone": "",
        "email": "michelle.belkarim@rheinisches-revier.de",
        "color": "#ff007f",
        "id": "a327_mravpp3j"
      }
    },
    {
      "type": "Feature",
      "id": "excel_328",
      "geometry": {
        "type": "Point",
        "coordinates": [
          6.367215000063611,
          50.94337800227374
        ]
      },
      "properties": {
        "name": "Annekatrin Dretzke (Zukunftsagentur Rheinisches Revier GmbH)",
        "group": "Netzwerk/ Multiplikator",
        "description": "Verteiler ZRR (K. Werken)",
        "phone": "",
        "email": "annekatrin.dretzke@rheinisches-revier.de",
        "color": "#ff007f",
        "id": "a328_mravpp3j"
      }
    },
    {
      "type": "Feature",
      "id": "excel_329",
      "geometry": {
        "type": "Point",
        "coordinates": [
          6.367215000063611,
          50.94337800227374
        ]
      },
      "properties": {
        "name": "Carola Gather (Zukunftsagentur Rheinisches Revier GmbH)",
        "group": "Netzwerk/ Multiplikator",
        "description": "Verteiler ZRR (K. Werken)",
        "phone": "",
        "email": "carola.gather@rheinisches-revier.de",
        "color": "#ff007f",
        "id": "a329_mravpp3j"
      }
    },
    {
      "type": "Feature",
      "id": "excel_330",
      "geometry": {
        "type": "Point",
        "coordinates": [
          6.367215000063611,
          50.94337800227374
        ]
      },
      "properties": {
        "name": "Susanne Hartig (Zukunftsagentur Rheinisches Revier GmbH)",
        "group": "Netzwerk/ Multiplikator",
        "description": "Verteiler ZRR (K. Werken)",
        "phone": "",
        "email": "susanne.hartig@rheinisches-revier.de",
        "color": "#ff007f",
        "id": "a330_mravpp3j"
      }
    },
    {
      "type": "Feature",
      "id": "excel_331",
      "geometry": {
        "type": "Point",
        "coordinates": [
          6.367215000063611,
          50.94337800227374
        ]
      },
      "properties": {
        "name": "Pascal Pierre Janssen (Zukunftsagentur Rheinisches Revier GmbH)",
        "group": "Netzwerk/ Multiplikator",
        "description": "Verteiler ZRR (K. Werken)",
        "phone": "",
        "email": "pascal.janssen@rheinisches-revier.de",
        "color": "#ff007f",
        "id": "a331_mravpp3j"
      }
    },
    {
      "type": "Feature",
      "id": "excel_332",
      "geometry": {
        "type": "Point",
        "coordinates": [
          6.367215000063611,
          50.94337800227374
        ]
      },
      "properties": {
        "name": "Julia Jungbluth (Zukunftsagentur Rheinisches Revier)",
        "group": "Netzwerk/ Multiplikator",
        "description": "Verteiler ZRR (K. Werken)",
        "phone": "",
        "email": "julia@hock-y.de",
        "color": "#ff007f",
        "id": "a332_mravpp3j"
      }
    },
    {
      "type": "Feature",
      "id": "excel_333",
      "geometry": {
        "type": "Point",
        "coordinates": [
          6.367215000063611,
          50.94337800227374
        ]
      },
      "properties": {
        "name": "Thomas Kirschmeier (Zukunftsagentur Rheinisches Revier GmbH)",
        "group": "Netzwerk/ Multiplikator",
        "description": "Orga-Team Workshop",
        "phone": "",
        "email": "thomas.kirschmeier@rheinisches-revier.de",
        "color": "#ff007f",
        "id": "a333_mravpp3j"
      }
    },
    {
      "type": "Feature",
      "id": "excel_334",
      "geometry": {
        "type": "Point",
        "coordinates": [
          6.367215000063611,
          50.94337800227374
        ]
      },
      "properties": {
        "name": "Nicole Krüttgen (Zukunftsagentur Rheinisches Revier GmbH)",
        "group": "Netzwerk/ Multiplikator",
        "description": "Verteiler ZRR (K. Werken)",
        "phone": "",
        "email": "nicole.kruettgen@rheinisches-revier.de",
        "color": "#ff007f",
        "id": "a334_mravpp3j"
      }
    },
    {
      "type": "Feature",
      "id": "excel_335",
      "geometry": {
        "type": "Point",
        "coordinates": [
          6.367215000063611,
          50.94337800227374
        ]
      },
      "properties": {
        "name": "Diane Lieken (Zukunftsagentur Rheinisches Revier GmbH)",
        "group": "Netzwerk/ Multiplikator",
        "description": "Orga-Team Workshop",
        "phone": "",
        "email": "diane.lieken@rheinisches-revier.de",
        "color": "#ff007f",
        "id": "a335_mravpp3j"
      }
    },
    {
      "type": "Feature",
      "id": "excel_336",
      "geometry": {
        "type": "Point",
        "coordinates": [
          6.367215000063611,
          50.94337800227374
        ]
      },
      "properties": {
        "name": "Ulrich Lingenberg (Zukunftsagentur Rheinisches Revier GmbH)",
        "group": "Netzwerk/ Multiplikator",
        "description": "Verteiler ZRR (K. Werken)",
        "phone": "",
        "email": "ulrich.lingenberg@rheinisches-revier.de",
        "color": "#ff007f",
        "id": "a336_mravpp3j"
      }
    },
    {
      "type": "Feature",
      "id": "excel_337",
      "geometry": {
        "type": "Point",
        "coordinates": [
          6.367215000063611,
          50.94337800227374
        ]
      },
      "properties": {
        "name": "Vera Petzold (Zukunftsagentur Rheinisches Revier GmbH)",
        "group": "Netzwerk/ Multiplikator",
        "description": "Verteiler ZRR (K. Werken)",
        "phone": "",
        "email": "vera.petzold@rheinisches-revier.de",
        "color": "#ff007f",
        "id": "a337_mravpp3j"
      }
    },
    {
      "type": "Feature",
      "id": "excel_338",
      "geometry": {
        "type": "Point",
        "coordinates": [
          6.367215000063611,
          50.94337800227374
        ]
      },
      "properties": {
        "name": "Nora Robertz-Peters (Zukunftsagentur Rheinisches Revier GmbH)",
        "group": "Netzwerk/ Multiplikator",
        "description": "Verteiler ZRR (K. Werken)",
        "phone": "",
        "email": "nora.robertz-peters@rheinisches-revier.de",
        "color": "#ff007f",
        "id": "a338_mravpp3j"
      }
    },
    {
      "type": "Feature",
      "id": "excel_339",
      "geometry": {
        "type": "Point",
        "coordinates": [
          6.367215000063611,
          50.94337800227374
        ]
      },
      "properties": {
        "name": "Tobias Sannig (Zukunftsagentur Rheinisches Revier GmbH)",
        "group": "Netzwerk/ Multiplikator",
        "description": "Verteiler ZRR (K. Werken)",
        "phone": "",
        "email": "tobias.sannig@rheinisches-revier.de",
        "color": "#ff007f",
        "id": "a339_mravpp3j"
      }
    },
    {
      "type": "Feature",
      "id": "excel_340",
      "geometry": {
        "type": "Point",
        "coordinates": [
          6.647691997856808,
          50.69245699743169
        ]
      },
      "properties": {
        "name": "Jürgen Kremer (Stadt Zülpich)",
        "group": "Gebietskörperschaft",
        "description": "",
        "phone": "",
        "email": "Jkremer@stadt-zuelpich.de",
        "color": "#fbbf24",
        "id": "a340_mravpp3j"
      }
    },
    {
      "type": "Feature",
      "id": "excel_341",
      "geometry": {
        "type": "Point",
        "coordinates": [
          6.390703994510381,
          51.083150002770715
        ]
      },
      "properties": {
        "name": "Andreas Bräuer (Zweckverband LANDFOLGE Garzweiler)",
        "group": "Netzwerk/ Multiplikator",
        "description": "Verteiler ZRR (K. Werken)",
        "phone": "",
        "email": "andreas.braeuer@landfolge.de",
        "color": "#ff007f",
        "id": "a341_mravpp3j"
      }
    },
    {
      "type": "Feature",
      "id": "excel_342",
      "geometry": {
        "type": "Point",
        "coordinates": [
          6.390703994510381,
          51.083150002770715
        ]
      },
      "properties": {
        "name": "Bianca Linden (Zweckverband LANDFOLGE Garzweiler)",
        "group": "Netzwerk/ Multiplikator",
        "description": "Verteiler ZRR (K. Werken)",
        "phone": "",
        "email": "bianca.linden@landfolge.de",
        "color": "#ff007f",
        "id": "a342_mravpp3j"
      }
    },
    {
      "type": "Feature",
      "id": "excel_343",
      "geometry": {
        "type": "Point",
        "coordinates": [
          6.390703994510381,
          51.083150002770715
        ]
      },
      "properties": {
        "name": "Jörg Meyer zu Altenschildesche (Zweckverband LANDFOLGE Garzweiler)",
        "group": "Netzwerk/ Multiplikator",
        "description": "Mündliche Ergänzung Dinale Lieken (ZRR)",
        "phone": "",
        "email": "joerg.meyer@landfolge.de",
        "color": "#ff007f",
        "id": "a343_mravpp3j"
      }
    },
    {
      "type": "Feature",
      "id": "excel_344",
      "geometry": {
        "type": "Point",
        "coordinates": [
          6.390703994510381,
          51.083150002770715
        ]
      },
      "properties": {
        "name": "Nicole Weber (Zweckverband LANDFOLGE Garzweiler)",
        "group": "Netzwerk/ Multiplikator",
        "description": "Verteiler ZRR (K. Werken)",
        "phone": "",
        "email": "nicole.weber@landfolge.de",
        "color": "#ff007f",
        "id": "a344_mravpp3j"
      }
    }
  ],
  "styleSettings": {
    "markerSize": 14,
    "markerBorder": 2,
    "markerTooltip": "all",
    "groupColors": {
      "Behörde": "#f43f5e",
      "Forschung": "#3b82f6",
      "Gebietskörperschaft": "#fbbf24",
      "Gewerbe/ Industrie": "#a855f7",
      "Landwirtschaft": "#10b981",
      "Netzwerk/ Multiplikator": "#ff007f",
      "Ver-/ Entsorger": "#ff7300",
      "Sonstige": "#8b5cf6",
      "Konsortium": "#1d4ed8",
      "Einzelakteure": "#00f5d4"
    },
    "groupNames": {
      "Behörde": "Behörde",
      "Einzelakteure": "Einzelakteure",
      "Forschung": "Forschung",
      "Gebietskörperschaft": "Gebietskörperschaft",
      "Gewerbe/ Industrie": "Gewerbe/ Industrie",
      "Landwirtschaft": "Landwirtschaft",
      "Netzwerk/ Multiplikator": "Netzwerk/ Multiplikator",
      "Ver-/ Entsorger": "Ver-/ Entsorger",
      "Sonstige": "Sonstige",
      "Konsortium": "Konsortium"
    },
    "boundaries": {
      "ugColor": "#000000",
      "ugFill": "#818cf8",
      "ugWeight": 1.8,
      "ugOpacity": 0.04,
      "krColor": "#000000",
      "krWeight": 2,
      "krDash": "20, 10",
      "caColor": "#1e3a8a",
      "caFill": "#3b82f6",
      "caWeight": 5,
      "caOpacity": 0.1
    }
  }
}