{
  "type": "FeatureCollection",
  "features": [
    {
      "type": "Feature",
      "properties": {
        "name": "Erft",
        "type": "Fluss"
      },
      "geometry": {
        "type": "LineString",
        "coordinates": [
          [
            6.6904358,
            51.1619567
          ],
          [
            6.695956,
            51.162955
          ],
          [
            6.6965674,
            51.1630656
          ],
          [
            6.6969875,
            51.163271
          ],
          [
            6.6971932,
            51.1634468
          ],
          [
            6.6973039,
            51.1635845
          ],
          [
            6.6973719,
            51.163791
          ],
          [
            6.6974767,
            51.1643158
          ],
          [
            6.6975999,
            51.1645264
          ],
          [
            6.6977602,
            51.1646777
          ],
          [
            6.6980541,
            51.1648198
          ],
          [
            6.6983336,
            51.1648934
          ],
          [
            6.6987013,
            51.1649902
          ],
          [
            6.6989093,
            51.1650588
          ],
          [
            6.6990181,
            51.1652029
          ],
          [
            6.6990462,
            51.165532
          ],
          [
            6.6991219,
            51.1657023
          ],
          [
            6.6992393,
            51.1658092
          ],
          [
            6.6994017,
            51.1658872
          ],
          [
            6.6998572,
            51.1659194
          ],
          [
            6.7001097,
            51.1659572
          ],
          [
            6.7003632,
            51.1660225
          ],
          [
            6.700561,
            51.1660612
          ],
          [
            6.700815,
            51.1661156
          ]
        ]
      }
    },
    {
      "type": "Feature",
      "properties": {
        "name": "Erft",
        "type": "Fluss"
      },
      "geometry": {
        "type": "LineString",
        "coordinates": [
          [
            6.700815,
            51.1661156
          ],
          [
            6.7009664,
            51.1661472
          ],
          [
            6.7011696,
            51.1661896
          ],
          [
            6.7025449,
            51.1664533
          ],
          [
            6.7036075,
            51.166642
          ],
          [
            6.7039991,
            51.1668458
          ],
          [
            6.7041713,
            51.1670473
          ],
          [
            6.7042174,
            51.167233
          ],
          [
            6.704138,
            51.1674382
          ],
          [
            6.7040377,
            51.1676629
          ],
          [
            6.7039369,
            51.1678479
          ],
          [
            6.7039868,
            51.1680419
          ],
          [
            6.704122,
            51.168164
          ],
          [
            6.7047431,
            51.168266
          ],
          [
            6.7050961,
            51.1684012
          ],
          [
            6.7052891,
            51.1685706
          ],
          [
            6.7053835,
            51.168805
          ],
          [
            6.7053803,
            51.1690743
          ],
          [
            6.7053921,
            51.1693091
          ],
          [
            6.7054962,
            51.1696032
          ],
          [
            6.7056313,
            51.1698301
          ],
          [
            6.7059239,
            51.1701522
          ],
          [
            6.7062188,
            51.1703692
          ],
          [
            6.7064775,
            51.1704742
          ],
          [
            6.7067261,
            51.1705145
          ]
        ]
      }
    },
    {
      "type": "Feature",
      "properties": {
        "name": "Erft",
        "type": "Fluss"
      },
      "geometry": {
        "type": "LineString",
        "coordinates": [
          [
            6.7257973,
            51.1756986
          ],
          [
            6.7256874,
            51.1757631
          ],
          [
            6.7255267,
            51.1757931
          ],
          [
            6.7250571,
            51.175827
          ],
          [
            6.7248175,
            51.1758078
          ],
          [
            6.7245944,
            51.1757348
          ],
          [
            6.7245126,
            51.1756201
          ],
          [
            6.7246547,
            51.1754368
          ],
          [
            6.7249203,
            51.1752317
          ],
          [
            6.7251188,
            51.1749425
          ],
          [
            6.7251268,
            51.1747305
          ],
          [
            6.7249874,
            51.1745557
          ],
          [
            6.7247326,
            51.1744598
          ],
          [
            6.7243677,
            51.1744615
          ],
          [
            6.7240834,
            51.1745607
          ],
          [
            6.7239895,
            51.1746936
          ],
          [
            6.7240271,
            51.1748449
          ],
          [
            6.7239976,
            51.1749929
          ],
          [
            6.7239332,
            51.1751392
          ],
          [
            6.7237562,
            51.1752031
          ],
          [
            6.7234702,
            51.175231
          ],
          [
            6.7232975,
            51.1753242
          ],
          [
            6.7232331,
            51.1754789
          ],
          [
            6.7232546,
            51.1755613
          ],
          [
            6.7235024,
            51.1758462
          ],
          [
            6.7235067,
            51.1759413
          ],
          [
            6.7234285,
            51.176127
          ],
          [
            6.7234422,
            51.1761868
          ],
          [
            6.7235081,
            51.1762397
          ],
          [
            6.7237602,
            51.1763306
          ],
          [
            6.7242886,
            51.1764954
          ],
          [
            6.7243892,
            51.1765959
          ],
          [
            6.7243941,
            51.1767073
          ],
          [
            6.7245193,
            51.1767981
          ],
          [
            6.7247003,
            51.1767913
          ],
          [
            6.724876,
            51.1767367
          ],
          [
            6.7250141,
            51.1766584
          ],
          [
            6.7251586,
            51.1764287
          ],
          [
            6.7252611,
            51.1763754
          ],
          [
            6.7254125,
            51.1763657
          ],
          [
            6.7255725,
            51.1764004
          ],
          [
            6.7257344,
            51.1764621
          ],
          [
            6.7258573,
            51.1765019
          ],
          [
            6.7262158,
            51.176751
          ],
          [
            6.7263231,
            51.1768544
          ],
          [
            6.7263257,
            51.1769654
          ],
          [
            6.7262574,
            51.1770755
          ],
          [
            6.726079,
            51.1771554
          ],
          [
            6.7257906,
            51.1772185
          ],
          [
            6.725505,
            51.1771974
          ],
          [
            6.7252877,
            51.1772269
          ],
          [
            6.7251563,
            51.1772932
          ],
          [
            6.7251496,
            51.1774042
          ],
          [
            6.7252139,
            51.1775295
          ],
          [
            6.7252663,
            51.177675
          ],
          [
            6.7254433,
            51.1777708
          ],
          [
            6.725737,
            51.1778944
          ],
          [
            6.7258751,
            51.1779457
          ],
          [
            6.7259757,
            51.1780298
          ],
          [
            6.7260898,
            51.1781601
          ],
          [
            6.7262627,
            51.1782038
          ],
          [
            6.726425,
            51.1781921
          ],
          [
            6.7265819,
            51.1781332
          ],
          [
            6.7267119,
            51.1780432
          ],
          [
            6.7268166,
            51.1779087
          ],
          [
            6.7268273,
            51.1777557
          ],
          [
            6.7267334,
            51.1776027
          ],
          [
            6.7266315,
            51.1774883
          ],
          [
            6.7266154,
            51.1774042
          ],
          [
            6.7266556,
            51.1773437
          ],
          [
            6.7268058,
            51.1770713
          ],
          [
            6.7268676,
            51.1769755
          ],
          [
            6.7269587,
            51.1769032
          ],
          [
            6.7271385,
            51.1768342
          ],
          [
            6.7276414,
            51.1767375
          ],
          [
            6.7278171,
            51.176735
          ],
          [
            6.7279891,
            51.1767577
          ],
          [
            6.7280893,
            51.1768309
          ],
          [
            6.728159,
            51.1770352
          ],
          [
            6.7281443,
            51.1771184
          ],
          [
            6.7280906,
            51.1771941
          ],
          [
            6.7280866,
            51.1772521
          ],
          [
            6.7281443,
            51.1773033
          ],
          [
            6.7285641,
            51.1774068
          ],
          [
            6.7287129,
            51.1774631
          ],
          [
            6.7291689,
            51.1776901
          ],
          [
            6.729295,
            51.177738
          ],
          [
            6.7294425,
            51.1777422
          ],
          [
            6.7296463,
            51.1776666
          ],
          [
            6.7298395,
            51.1776195
          ],
          [
            6.729952,
            51.1776363
          ],
          [
            6.730038,
            51.1776767
          ],
          [
            6.7302659,
            51.177833
          ],
          [
            6.7304188,
            51.1778709
          ],
          [
            6.7306374,
            51.1778902
          ],
          [
            6.7308109,
            51.1778286
          ],
          [
            6.7309216,
            51.1776855
          ],
          [
            6.7311109,
            51.1776061
          ],
          [
            6.7312825,
            51.1776069
          ],
          [
            6.7314226,
            51.177635
          ]
        ]
      }
    },
    {
      "type": "Feature",
      "properties": {
        "name": "Erft",
        "type": "Fluss"
      },
      "geometry": {
        "type": "LineString",
        "coordinates": [
          [
            6.7047833,
            50.8996552
          ],
          [
            6.7014183,
            50.9029152
          ],
          [
            6.7009391,
            50.9045359
          ],
          [
            6.6998898,
            50.9080846
          ],
          [
            6.699285,
            50.909955
          ],
          [
            6.6955338,
            50.9137383
          ],
          [
            6.6955131,
            50.9137592
          ],
          [
            6.6953567,
            50.913902
          ],
          [
            6.6857154,
            50.9233923
          ],
          [
            6.6830665,
            50.9251175
          ],
          [
            6.6827043,
            50.9253916
          ],
          [
            6.6823271,
            50.9256312
          ]
        ]
      }
    },
    {
      "type": "Feature",
      "properties": {
        "name": "Erft",
        "type": "Fluss"
      },
      "geometry": {
        "type": "LineString",
        "coordinates": [
          [
            6.7388934,
            50.8593761
          ],
          [
            6.7386829,
            50.8595309
          ],
          [
            6.7373405,
            50.8605122
          ],
          [
            6.7370762,
            50.8607196
          ],
          [
            6.7356852,
            50.861718
          ],
          [
            6.7354677,
            50.86188
          ],
          [
            6.735417,
            50.8619155
          ],
          [
            6.7347109,
            50.8624286
          ],
          [
            6.7340082,
            50.8629392
          ],
          [
            6.7321898,
            50.8642604
          ],
          [
            6.7310156,
            50.8651136
          ],
          [
            6.7284814,
            50.8669722
          ],
          [
            6.7279987,
            50.8673507
          ],
          [
            6.7268096,
            50.868348
          ],
          [
            6.7258191,
            50.8692977
          ],
          [
            6.7252499,
            50.8698864
          ],
          [
            6.7246316,
            50.8706036
          ],
          [
            6.7233048,
            50.8722225
          ],
          [
            6.7229706,
            50.8726287
          ],
          [
            6.7229534,
            50.8726496
          ],
          [
            6.7228087,
            50.8728255
          ],
          [
            6.7204754,
            50.8756876
          ],
          [
            6.7199618,
            50.8763176
          ],
          [
            6.7185694,
            50.8780253
          ],
          [
            6.7183836,
            50.8782515
          ],
          [
            6.7179735,
            50.8787508
          ],
          [
            6.7175303,
            50.8791675
          ],
          [
            6.7171563,
            50.8796822
          ],
          [
            6.7163079,
            50.8809207
          ],
          [
            6.7153089,
            50.8824058
          ],
          [
            6.7151855,
            50.882546
          ],
          [
            6.7148408,
            50.8829871
          ],
          [
            6.7145513,
            50.8835204
          ],
          [
            6.714462,
            50.8837596
          ],
          [
            6.7144514,
            50.8839929
          ],
          [
            6.7144767,
            50.8845186
          ],
          [
            6.7145982,
            50.8875342
          ],
          [
            6.7144985,
            50.8880659
          ],
          [
            6.714251,
            50.8883752
          ],
          [
            6.7141663,
            50.8884796
          ],
          [
            6.7140313,
            50.8886452
          ],
          [
            6.7118033,
            50.8913729
          ],
          [
            6.7116691,
            50.8915372
          ],
          [
            6.7115259,
            50.8917202
          ],
          [
            6.7113345,
            50.892133
          ],
          [
            6.7113187,
            50.8928036
          ],
          [
            6.711249,
            50.893446
          ],
          [
            6.711174,
            50.8938972
          ],
          [
            6.7103024,
            50.8950931
          ],
          [
            6.7097114,
            50.8955382
          ],
          [
            6.7080317,
            50.8968033
          ],
          [
            6.7077714,
            50.8970083
          ],
          [
            6.7071851,
            50.8974583
          ],
          [
            6.7066016,
            50.8979062
          ],
          [
            6.7055281,
            50.8989353
          ],
          [
            6.7050893,
            50.8993764
          ]
        ]
      }
    },
    {
      "type": "Feature",
      "properties": {
        "name": "Erft",
        "type": "Fluss"
      },
      "geometry": {
        "type": "LineString",
        "coordinates": [
          [
            6.6350567,
            51.1268707
          ],
          [
            6.6351815,
            51.1271906
          ],
          [
            6.6352516,
            51.1273685
          ],
          [
            6.635307,
            51.1274338
          ],
          [
            6.6354079,
            51.1275615
          ],
          [
            6.6355372,
            51.1276612
          ],
          [
            6.6361043,
            51.1280258
          ],
          [
            6.6362418,
            51.12819
          ],
          [
            6.6363217,
            51.1283452
          ],
          [
            6.6364352,
            51.1285658
          ],
          [
            6.6365757,
            51.1289311
          ],
          [
            6.6368321,
            51.1291888
          ],
          [
            6.6371493,
            51.1293882
          ],
          [
            6.6377356,
            51.1296282
          ],
          [
            6.6393395,
            51.1300846
          ],
          [
            6.6397177,
            51.130235
          ],
          [
            6.6400107,
            51.1303828
          ],
          [
            6.640244,
            51.1305504
          ],
          [
            6.6405111,
            51.1307892
          ],
          [
            6.6405312,
            51.1308159
          ],
          [
            6.6406084,
            51.130918
          ],
          [
            6.64071,
            51.1310524
          ],
          [
            6.6410755,
            51.1314666
          ],
          [
            6.6417546,
            51.1321884
          ],
          [
            6.6420704,
            51.1324424
          ],
          [
            6.6423388,
            51.13252
          ],
          [
            6.6428172,
            51.1326418
          ],
          [
            6.6430378,
            51.1326801
          ],
          [
            6.6434251,
            51.1327008
          ],
          [
            6.6438162,
            51.1326648
          ],
          [
            6.6449232,
            51.1324078
          ],
          [
            6.6463862,
            51.1321229
          ],
          [
            6.6469171,
            51.1320866
          ],
          [
            6.6474394,
            51.1320933
          ],
          [
            6.6484008,
            51.1322061
          ],
          [
            6.6500334,
            51.1324206
          ],
          [
            6.650389,
            51.1324927
          ],
          [
            6.6507354,
            51.1326248
          ],
          [
            6.6510754,
            51.1328174
          ],
          [
            6.6513516,
            51.1330313
          ],
          [
            6.6523315,
            51.1337539
          ],
          [
            6.6526008,
            51.1339525
          ],
          [
            6.6532946,
            51.1346639
          ],
          [
            6.6536416,
            51.1349593
          ],
          [
            6.654467,
            51.1355754
          ],
          [
            6.6545555,
            51.1356415
          ],
          [
            6.6548682,
            51.1360585
          ],
          [
            6.6550608,
            51.1362729
          ],
          [
            6.6553164,
            51.1364329
          ],
          [
            6.6558185,
            51.1366018
          ],
          [
            6.6562171,
            51.1367237
          ],
          [
            6.6564241,
            51.1368367
          ],
          [
            6.6575314,
            51.1377012
          ],
          [
            6.6577165,
            51.1379376
          ],
          [
            6.657774,
            51.1381083
          ],
          [
            6.6577814,
            51.1383202
          ],
          [
            6.6577171,
            51.138608
          ],
          [
            6.6575853,
            51.1388149
          ],
          [
            6.6572763,
            51.1389635
          ],
          [
            6.6568466,
            51.1390317
          ],
          [
            6.6560138,
            51.1391216
          ],
          [
            6.6557603,
            51.1392095
          ],
          [
            6.6555659,
            51.1393428
          ],
          [
            6.655418,
            51.1396214
          ],
          [
            6.6554726,
            51.1400304
          ],
          [
            6.6555869,
            51.1403913
          ],
          [
            6.6558076,
            51.1407029
          ],
          [
            6.6560782,
            51.1410006
          ],
          [
            6.6563743,
            51.1412185
          ],
          [
            6.6566596,
            51.1413432
          ],
          [
            6.6570298,
            51.141505
          ],
          [
            6.6575644,
            51.1416363
          ],
          [
            6.6579719,
            51.1416768
          ],
          [
            6.6585343,
            51.1416062
          ],
          [
            6.6588373,
            51.141618
          ],
          [
            6.6589889,
            51.1416685
          ],
          [
            6.6592504,
            51.1418259
          ],
          [
            6.6597267,
            51.1421675
          ],
          [
            6.6601283,
            51.1425929
          ],
          [
            6.6602179,
            51.1427114
          ],
          [
            6.660271,
            51.142814
          ],
          [
            6.6603205,
            51.1429691
          ],
          [
            6.6603832,
            51.143457
          ],
          [
            6.6604056,
            51.1435568
          ],
          [
            6.6604699,
            51.1436471
          ],
          [
            6.6605317,
            51.1437125
          ],
          [
            6.6606146,
            51.1437651
          ],
          [
            6.661215,
            51.1440022
          ],
          [
            6.6612996,
            51.1440536
          ]
        ]
      }
    },
    {
      "type": "Feature",
      "properties": {
        "name": "Erft",
        "type": "Fluss"
      },
      "geometry": {
        "type": "LineString",
        "coordinates": [
          [
            6.6238939,
            50.9608535
          ],
          [
            6.6236709,
            50.9609931
          ],
          [
            6.6229381,
            50.9615154
          ],
          [
            6.6223918,
            50.9618734
          ],
          [
            6.6212936,
            50.962451
          ],
          [
            6.6199438,
            50.9629458
          ],
          [
            6.6185039,
            50.9634571
          ],
          [
            6.6174736,
            50.9638374
          ],
          [
            6.6165492,
            50.9643079
          ],
          [
            6.616197,
            50.9645384
          ],
          [
            6.6159807,
            50.9646817
          ],
          [
            6.6158809,
            50.9647357
          ],
          [
            6.6143407,
            50.9656839
          ],
          [
            6.6129372,
            50.9665574
          ],
          [
            6.6125645,
            50.9667467
          ],
          [
            6.6120481,
            50.9669166
          ],
          [
            6.6115271,
            50.9669859
          ],
          [
            6.6111314,
            50.9669681
          ],
          [
            6.6109393,
            50.9669356
          ],
          [
            6.6100709,
            50.9667889
          ],
          [
            6.6096642,
            50.9667515
          ],
          [
            6.6088474,
            50.9667254
          ],
          [
            6.6080556,
            50.9668454
          ],
          [
            6.6070943,
            50.9671537
          ],
          [
            6.6064038,
            50.9675985
          ],
          [
            6.605895,
            50.9678711
          ],
          [
            6.6052459,
            50.9681826
          ],
          [
            6.6043497,
            50.9684887
          ],
          [
            6.6035894,
            50.9687168
          ],
          [
            6.6034258,
            50.9687749
          ],
          [
            6.6032723,
            50.968848
          ],
          [
            6.6030053,
            50.9690034
          ],
          [
            6.6028324,
            50.9691515
          ],
          [
            6.6026847,
            50.9692995
          ],
          [
            6.6026237,
            50.9694223
          ],
          [
            6.6025728,
            50.9695513
          ],
          [
            6.6025041,
            50.9699566
          ],
          [
            6.6024354,
            50.9702174
          ],
          [
            6.6023826,
            50.9703551
          ],
          [
            6.6022833,
            50.9705021
          ],
          [
            6.6021641,
            50.9706467
          ],
          [
            6.6019168,
            50.9709292
          ],
          [
            6.6017193,
            50.9710441
          ],
          [
            6.6015057,
            50.9711479
          ],
          [
            6.6011898,
            50.9712722
          ],
          [
            6.6009745,
            50.971376
          ],
          [
            6.6007823,
            50.9714742
          ],
          [
            6.6005626,
            50.971596
          ],
          [
            6.6003681,
            50.9717272
          ],
          [
            6.6000963,
            50.9719948
          ],
          [
            6.5998769,
            50.9722656
          ],
          [
            6.5995556,
            50.9727487
          ],
          [
            6.5992447,
            50.9730582
          ],
          [
            6.5989865,
            50.9732348
          ],
          [
            6.5982981,
            50.9735244
          ],
          [
            6.5975909,
            50.9738114
          ],
          [
            6.5972749,
            50.9739056
          ],
          [
            6.5952795,
            50.9744703
          ],
          [
            6.5945497,
            50.9746753
          ],
          [
            6.5941679,
            50.9748073
          ],
          [
            6.5938451,
            50.974963
          ],
          [
            6.5935517,
            50.9751908
          ],
          [
            6.593341,
            50.9753995
          ],
          [
            6.592994,
            50.9758882
          ],
          [
            6.5927553,
            50.9761249
          ],
          [
            6.5926008,
            50.9762361
          ],
          [
            6.5924371,
            50.9763435
          ],
          [
            6.5922831,
            50.9764221
          ],
          [
            6.5921116,
            50.9764969
          ],
          [
            6.5919267,
            50.9765557
          ],
          [
            6.5917351,
            50.9766096
          ],
          [
            6.5914009,
            50.9766861
          ],
          [
            6.5910624,
            50.9767397
          ],
          [
            6.5903088,
            50.9767638
          ],
          [
            6.5897887,
            50.9767529
          ],
          [
            6.5892782,
            50.9767941
          ],
          [
            6.588197,
            50.9770368
          ],
          [
            6.5874705,
            50.9773546
          ],
          [
            6.5865731,
            50.9779621
          ],
          [
            6.5859882,
            50.9788662
          ],
          [
            6.5854857,
            50.9794157
          ],
          [
            6.5847745,
            50.9799653
          ],
          [
            6.5832234,
            50.980676
          ],
          [
            6.5815512,
            50.9809807
          ],
          [
            6.5807398,
            50.9812497
          ],
          [
            6.5803193,
            50.9814758
          ],
          [
            6.5801089,
            50.9816467
          ],
          [
            6.5795729,
            50.9822042
          ],
          [
            6.5792969,
            50.9828068
          ],
          [
            6.5793086,
            50.9830381
          ],
          [
            6.5793957,
            50.9836091
          ],
          [
            6.5793923,
            50.9839535
          ],
          [
            6.5792585,
            50.984284
          ],
          [
            6.5790048,
            50.9847095
          ],
          [
            6.5787701,
            50.9849142
          ],
          [
            6.5779412,
            50.985392
          ],
          [
            6.5775949,
            50.9856261
          ],
          [
            6.5774559,
            50.9858741
          ],
          [
            6.5772687,
            50.9872529
          ],
          [
            6.5768811,
            50.9886211
          ],
          [
            6.5767278,
            50.9888998
          ],
          [
            6.576061,
            50.989841
          ],
          [
            6.575839,
            50.9899625
          ],
          [
            6.5749413,
            50.9904534
          ],
          [
            6.5748422,
            50.9905764
          ],
          [
            6.574844,
            50.9907512
          ],
          [
            6.5749163,
            50.9914173
          ],
          [
            6.5748009,
            50.9924702
          ],
          [
            6.5747338,
            50.9930827
          ],
          [
            6.5739184,
            50.9941538
          ],
          [
            6.5736846,
            50.9949448
          ],
          [
            6.5736515,
            50.99573
          ],
          [
            6.5740428,
            50.99706
          ],
          [
            6.5742302,
            50.9977301
          ],
          [
            6.5742751,
            50.9979067
          ],
          [
            6.5742871,
            50.9984001
          ],
          [
            6.5739122,
            50.9986551
          ],
          [
            6.5735451,
            50.9990819
          ],
          [
            6.5732843,
            50.9993811
          ],
          [
            6.5731258,
            50.99952
          ],
          [
            6.5727387,
            50.9998306
          ],
          [
            6.5726289,
            50.9999935
          ],
          [
            6.5725875,
            51.0000853
          ],
          [
            6.5724332,
            51.0006618
          ],
          [
            6.5722987,
            51.0012149
          ],
          [
            6.5723278,
            51.0017574
          ],
          [
            6.5723726,
            51.0019901
          ],
          [
            6.5724477,
            51.0022216
          ],
          [
            6.572555,
            51.0024461
          ],
          [
            6.5726759,
            51.0026702
          ],
          [
            6.5728637,
            51.002922
          ],
          [
            6.5730388,
            51.0031205
          ],
          [
            6.5732185,
            51.0033153
          ],
          [
            6.5733042,
            51.0034051
          ],
          [
            6.5738067,
            51.0037924
          ],
          [
            6.5740732,
            51.0039636
          ],
          [
            6.5750526,
            51.0044842
          ],
          [
            6.5766941,
            51.0052586
          ],
          [
            6.5783737,
            51.0061907
          ],
          [
            6.5793713,
            51.0069024
          ],
          [
            6.5803409,
            51.0076946
          ],
          [
            6.5818888,
            51.0091601
          ],
          [
            6.5829909,
            51.0107845
          ],
          [
            6.583434,
            51.0118403
          ],
          [
            6.5836914,
            51.0125948
          ]
        ]
      }
    },
    {
      "type": "Feature",
      "properties": {
        "name": "Erft",
        "type": "Fluss"
      },
      "geometry": {
        "type": "LineString",
        "coordinates": [
          [
            6.8088926,
            50.6332049
          ],
          [
            6.8091153,
            50.6334966
          ],
          [
            6.8091859,
            50.6335938
          ],
          [
            6.8092221,
            50.6336588
          ],
          [
            6.8092543,
            50.6337333
          ],
          [
            6.8092937,
            50.6338525
          ],
          [
            6.8093193,
            50.6339481
          ],
          [
            6.8093299,
            50.6340183
          ],
          [
            6.8093244,
            50.6340911
          ],
          [
            6.8093106,
            50.6341828
          ],
          [
            6.8092853,
            50.6342749
          ],
          [
            6.8092534,
            50.6343538
          ],
          [
            6.809222,
            50.6344101
          ],
          [
            6.8091463,
            50.6345244
          ],
          [
            6.8090872,
            50.6345947
          ],
          [
            6.8090791,
            50.6346044
          ],
          [
            6.8089605,
            50.6347401
          ],
          [
            6.8087031,
            50.635036
          ],
          [
            6.8086467,
            50.6351126
          ],
          [
            6.808571,
            50.6352218
          ],
          [
            6.8084999,
            50.6353431
          ],
          [
            6.8084483,
            50.635443
          ],
          [
            6.808402,
            50.6355428
          ],
          [
            6.8083692,
            50.6356351
          ],
          [
            6.8083276,
            50.6357577
          ],
          [
            6.8082632,
            50.6359546
          ],
          [
            6.8081696,
            50.636196
          ],
          [
            6.8081394,
            50.6362872
          ],
          [
            6.8080534,
            50.636477
          ],
          [
            6.8079561,
            50.6366368
          ],
          [
            6.8077966,
            50.6369196
          ],
          [
            6.8075632,
            50.6372377
          ],
          [
            6.8074465,
            50.6374109
          ],
          [
            6.8073831,
            50.6375288
          ],
          [
            6.8073586,
            50.6376158
          ],
          [
            6.8073477,
            50.6376595
          ],
          [
            6.8072978,
            50.6377305
          ],
          [
            6.8072473,
            50.637834
          ],
          [
            6.807183,
            50.637916
          ],
          [
            6.8070527,
            50.6381116
          ],
          [
            6.80698,
            50.6382357
          ],
          [
            6.8069045,
            50.6384012
          ],
          [
            6.8068806,
            50.6385102
          ],
          [
            6.8068711,
            50.6386173
          ],
          [
            6.8068933,
            50.6387398
          ],
          [
            6.8069891,
            50.6389489
          ],
          [
            6.8070025,
            50.6390353
          ],
          [
            6.8069888,
            50.6391195
          ],
          [
            6.8069451,
            50.6391867
          ],
          [
            6.8068838,
            50.6392475
          ],
          [
            6.8067616,
            50.6393543
          ],
          [
            6.8066125,
            50.6395112
          ],
          [
            6.806498,
            50.639641
          ],
          [
            6.8063785,
            50.6397765
          ],
          [
            6.80626,
            50.6398863
          ],
          [
            6.8059513,
            50.6401831
          ],
          [
            6.8056615,
            50.640548
          ],
          [
            6.8055287,
            50.6406662
          ],
          [
            6.8054083,
            50.6407709
          ],
          [
            6.8052909,
            50.6409483
          ],
          [
            6.8051999,
            50.6410465
          ],
          [
            6.8050653,
            50.6411612
          ],
          [
            6.8049346,
            50.6412731
          ],
          [
            6.8048548,
            50.6413254
          ],
          [
            6.8047307,
            50.6413854
          ],
          [
            6.8045692,
            50.6414552
          ],
          [
            6.8044424,
            50.6415065
          ],
          [
            6.8043492,
            50.6415218
          ],
          [
            6.8042883,
            50.6415541
          ],
          [
            6.8042306,
            50.6416092
          ],
          [
            6.8041192,
            50.6417308
          ],
          [
            6.8040295,
            50.6418369
          ],
          [
            6.804016,
            50.6418992
          ],
          [
            6.804033,
            50.6419654
          ],
          [
            6.8040659,
            50.6420073
          ],
          [
            6.8041434,
            50.6420719
          ],
          [
            6.8042079,
            50.6421325
          ],
          [
            6.8044001,
            50.6423122
          ],
          [
            6.8046372,
            50.642546
          ],
          [
            6.8048004,
            50.6426909
          ],
          [
            6.8048611,
            50.642747
          ],
          [
            6.8049488,
            50.6428006
          ],
          [
            6.8050191,
            50.6428344
          ],
          [
            6.8051613,
            50.6428663
          ],
          [
            6.8052572,
            50.6428777
          ],
          [
            6.8053455,
            50.6428753
          ],
          [
            6.8056146,
            50.6428416
          ],
          [
            6.8060544,
            50.6427857
          ],
          [
            6.8061835,
            50.6427875
          ],
          [
            6.8063587,
            50.6428066
          ],
          [
            6.8064769,
            50.642828
          ],
          [
            6.8065783,
            50.6428536
          ],
          [
            6.8066258,
            50.6428773
          ],
          [
            6.8066937,
            50.6429234
          ],
          [
            6.8067458,
            50.642983
          ],
          [
            6.8067899,
            50.6430418
          ],
          [
            6.8068443,
            50.6431718
          ],
          [
            6.8069013,
            50.6433219
          ],
          [
            6.806988,
            50.6436002
          ],
          [
            6.8071536,
            50.6441303
          ],
          [
            6.807237,
            50.6443874
          ],
          [
            6.8072607,
            50.64447
          ],
          [
            6.8072761,
            50.6445534
          ],
          [
            6.8072809,
            50.6446035
          ],
          [
            6.8072802,
            50.6446622
          ],
          [
            6.8072681,
            50.6447228
          ],
          [
            6.8072554,
            50.6447731
          ],
          [
            6.8072161,
            50.6448438
          ],
          [
            6.8071803,
            50.6449071
          ],
          [
            6.8070146,
            50.6451499
          ],
          [
            6.8069543,
            50.6453089
          ],
          [
            6.8069436,
            50.6453808
          ],
          [
            6.8069429,
            50.645448
          ],
          [
            6.8069651,
            50.6454861
          ],
          [
            6.8070106,
            50.6455436
          ],
          [
            6.8070817,
            50.6456151
          ],
          [
            6.807187,
            50.6457163
          ],
          [
            6.8073788,
            50.6459323
          ],
          [
            6.8074699,
            50.6460347
          ],
          [
            6.8075471,
            50.6461308
          ],
          [
            6.807652,
            50.6462727
          ],
          [
            6.8077609,
            50.646405
          ],
          [
            6.8078307,
            50.6464676
          ],
          [
            6.8078964,
            50.6465173
          ],
          [
            6.8079554,
            50.6465607
          ],
          [
            6.8080042,
            50.6466028
          ],
          [
            6.8080741,
            50.6466721
          ],
          [
            6.8081289,
            50.6467451
          ],
          [
            6.8082234,
            50.6468859
          ],
          [
            6.8083202,
            50.6470054
          ],
          [
            6.8087261,
            50.6475613
          ],
          [
            6.8093156,
            50.6483424
          ]
        ]
      }
    },
    {
      "type": "Feature",
      "properties": {
        "name": "Erft",
        "type": "Fluss"
      },
      "geometry": {
        "type": "LineString",
        "coordinates": [
          [
            6.5836914,
            51.0125948
          ],
          [
            6.5838606,
            51.01335
          ],
          [
            6.5839304,
            51.0146079
          ],
          [
            6.5838863,
            51.0154989
          ],
          [
            6.583771,
            51.0164332
          ],
          [
            6.5837353,
            51.0168202
          ],
          [
            6.5837697,
            51.0170567
          ],
          [
            6.5841124,
            51.0175189
          ],
          [
            6.5844772,
            51.0180434
          ],
          [
            6.585037,
            51.0188024
          ],
          [
            6.5851112,
            51.0190623
          ],
          [
            6.5851205,
            51.019095
          ],
          [
            6.5851277,
            51.0192228
          ],
          [
            6.5851145,
            51.019358
          ],
          [
            6.5850394,
            51.0194719
          ],
          [
            6.584952,
            51.0195859
          ],
          [
            6.5848094,
            51.0197226
          ],
          [
            6.5844229,
            51.0199676
          ],
          [
            6.5842995,
            51.0200654
          ],
          [
            6.5841937,
            51.0201691
          ],
          [
            6.5841108,
            51.0203089
          ],
          [
            6.5840515,
            51.020448
          ],
          [
            6.5840347,
            51.020569
          ],
          [
            6.5840343,
            51.0206937
          ],
          [
            6.5841023,
            51.0209711
          ],
          [
            6.5846197,
            51.0223455
          ],
          [
            6.5847897,
            51.023091
          ],
          [
            6.5848131,
            51.0235867
          ],
          [
            6.5847083,
            51.0240837
          ],
          [
            6.5845611,
            51.0244987
          ],
          [
            6.5842548,
            51.0250488
          ],
          [
            6.5837684,
            51.0256646
          ],
          [
            6.5833158,
            51.0260946
          ],
          [
            6.5827768,
            51.0264848
          ],
          [
            6.582099,
            51.0268788
          ],
          [
            6.578688,
            51.0284223
          ],
          [
            6.5776536,
            51.0290948
          ],
          [
            6.5767804,
            51.0298236
          ],
          [
            6.575865,
            51.0307003
          ],
          [
            6.5751859,
            51.0314265
          ],
          [
            6.5746487,
            51.0320018
          ],
          [
            6.573962,
            51.0324984
          ],
          [
            6.5708365,
            51.0341143
          ],
          [
            6.5700756,
            51.0346415
          ],
          [
            6.5697073,
            51.0349356
          ],
          [
            6.5693923,
            51.0352437
          ],
          [
            6.5690279,
            51.035713
          ],
          [
            6.5687327,
            51.0361918
          ],
          [
            6.5685618,
            51.0364646
          ],
          [
            6.5684817,
            51.0366693
          ],
          [
            6.5683179,
            51.0371648
          ],
          [
            6.5677971,
            51.0395474
          ],
          [
            6.5676901,
            51.0405587
          ],
          [
            6.5676567,
            51.0412399
          ],
          [
            6.5676423,
            51.0422273
          ],
          [
            6.5676686,
            51.0429302
          ],
          [
            6.5677128,
            51.0431922
          ],
          [
            6.5677905,
            51.0434174
          ],
          [
            6.5678656,
            51.0436421
          ],
          [
            6.5680921,
            51.044014
          ],
          [
            6.5685126,
            51.0445415
          ],
          [
            6.5690658,
            51.0452081
          ],
          [
            6.5696791,
            51.0457773
          ],
          [
            6.5700922,
            51.0462948
          ],
          [
            6.5702854,
            51.0469127
          ],
          [
            6.5702707,
            51.0472019
          ],
          [
            6.5701418,
            51.0474032
          ],
          [
            6.5698891,
            51.0476481
          ],
          [
            6.5687602,
            51.0480764
          ],
          [
            6.5681357,
            51.0484361
          ],
          [
            6.5677914,
            51.0486633
          ],
          [
            6.5675242,
            51.0488804
          ],
          [
            6.5672582,
            51.0491682
          ],
          [
            6.5671516,
            51.0495802
          ],
          [
            6.5672036,
            51.0499764
          ],
          [
            6.5673696,
            51.0503516
          ],
          [
            6.5676338,
            51.0507091
          ],
          [
            6.567902,
            51.0509889
          ],
          [
            6.5682078,
            51.051308
          ],
          [
            6.5683116,
            51.0514163
          ],
          [
            6.56886,
            51.0520199
          ],
          [
            6.5693284,
            51.052664
          ],
          [
            6.5695627,
            51.0529582
          ],
          [
            6.5699105,
            51.0531908
          ],
          [
            6.570514,
            51.053581
          ],
          [
            6.5708764,
            51.0539106
          ],
          [
            6.5714165,
            51.054663
          ],
          [
            6.5720238,
            51.0555192
          ],
          [
            6.5724769,
            51.0563125
          ],
          [
            6.5728509,
            51.0571326
          ],
          [
            6.5743627,
            51.0600551
          ],
          [
            6.5744537,
            51.0602531
          ],
          [
            6.5745853,
            51.0604429
          ],
          [
            6.5748671,
            51.0607037
          ],
          [
            6.5756182,
            51.0611761
          ],
          [
            6.5761303,
            51.0615152
          ],
          [
            6.5764637,
            51.0618517
          ],
          [
            6.5765576,
            51.0620786
          ],
          [
            6.5765738,
            51.0621177
          ],
          [
            6.5766202,
            51.062377
          ],
          [
            6.576676,
            51.0627749
          ],
          [
            6.5766916,
            51.0630617
          ],
          [
            6.5766285,
            51.0635045
          ],
          [
            6.5765577,
            51.0638075
          ],
          [
            6.5764522,
            51.0642102
          ],
          [
            6.5764405,
            51.0642584
          ],
          [
            6.5764482,
            51.0643924
          ],
          [
            6.5763943,
            51.0645845
          ],
          [
            6.5763436,
            51.0646079
          ],
          [
            6.576232,
            51.0648661
          ],
          [
            6.575767,
            51.0651918
          ],
          [
            6.5752789,
            51.0655059
          ],
          [
            6.5749893,
            51.0658705
          ],
          [
            6.5749905,
            51.0660618
          ],
          [
            6.5752354,
            51.0668016
          ],
          [
            6.5753348,
            51.0670042
          ],
          [
            6.5754832,
            51.067131
          ],
          [
            6.575831,
            51.0671635
          ],
          [
            6.576111,
            51.0671571
          ],
          [
            6.5768403,
            51.0670949
          ],
          [
            6.5772754,
            51.0671517
          ],
          [
            6.5776456,
            51.0673173
          ],
          [
            6.5776669,
            51.0673232
          ],
          [
            6.5778918,
            51.0674751
          ],
          [
            6.5787338,
            51.068009
          ],
          [
            6.5788396,
            51.0680761
          ],
          [
            6.5788824,
            51.068104
          ],
          [
            6.5794896,
            51.0684985
          ],
          [
            6.5805173,
            51.069175
          ],
          [
            6.5817718,
            51.0701476
          ],
          [
            6.5830467,
            51.0713497
          ],
          [
            6.5841646,
            51.0724453
          ]
        ]
      }
    },
    {
      "type": "Feature",
      "properties": {
        "name": "Erft",
        "type": "Fluss"
      },
      "geometry": {
        "type": "LineString",
        "coordinates": [
          [
            6.5865498,
            51.0878563
          ],
          [
            6.5869828,
            51.0880271
          ],
          [
            6.587214,
            51.0881511
          ],
          [
            6.5872747,
            51.0882552
          ],
          [
            6.5873282,
            51.0884116
          ],
          [
            6.5873471,
            51.0885984
          ],
          [
            6.5873677,
            51.0888367
          ],
          [
            6.5873349,
            51.0890998
          ],
          [
            6.5873348,
            51.0893322
          ],
          [
            6.5872967,
            51.0895396
          ],
          [
            6.5872405,
            51.089739
          ],
          [
            6.5871863,
            51.0898516
          ],
          [
            6.5871185,
            51.0899249
          ]
        ]
      }
    },
    {
      "type": "Feature",
      "properties": {
        "name": "Erft",
        "type": "Fluss"
      },
      "geometry": {
        "type": "LineString",
        "coordinates": [
          [
            6.5879396,
            51.0929051
          ],
          [
            6.5880565,
            51.0930046
          ],
          [
            6.5882041,
            51.093168
          ],
          [
            6.5884441,
            51.0934449
          ],
          [
            6.5888749,
            51.0937247
          ],
          [
            6.5890258,
            51.0938511
          ],
          [
            6.5889698,
            51.0940473
          ],
          [
            6.5889027,
            51.0942931
          ],
          [
            6.5887491,
            51.094407
          ],
          [
            6.5886693,
            51.0945151
          ],
          [
            6.5887172,
            51.0947046
          ],
          [
            6.5888628,
            51.0948899
          ],
          [
            6.5890583,
            51.0951254
          ],
          [
            6.5892552,
            51.0953388
          ],
          [
            6.5896642,
            51.0956488
          ],
          [
            6.5904876,
            51.0961448
          ]
        ]
      }
    },
    {
      "type": "Feature",
      "properties": {
        "name": "Erft",
        "type": "Fluss"
      },
      "geometry": {
        "type": "LineString",
        "coordinates": [
          [
            6.5881803,
            51.0868871
          ],
          [
            6.5880673,
            51.0870795
          ],
          [
            6.587964,
            51.0871766
          ],
          [
            6.5878922,
            51.087244
          ],
          [
            6.5874236,
            51.087471
          ],
          [
            6.5872962,
            51.0876277
          ],
          [
            6.5872425,
            51.0877763
          ],
          [
            6.5872417,
            51.0879052
          ],
          [
            6.5872425,
            51.0880483
          ],
          [
            6.587214,
            51.0881511
          ]
        ]
      }
    },
    {
      "type": "Feature",
      "properties": {
        "name": "Erft",
        "type": "Fluss"
      },
      "geometry": {
        "type": "LineString",
        "coordinates": [
          [
            6.5764522,
            51.0642102
          ],
          [
            6.5763286,
            51.0642887
          ],
          [
            6.5761858,
            51.0643157
          ],
          [
            6.5749946,
            51.0642127
          ],
          [
            6.5748963,
            51.0642339
          ],
          [
            6.5748073,
            51.0642916
          ],
          [
            6.5747434,
            51.064523
          ],
          [
            6.5748117,
            51.0646038
          ],
          [
            6.5749293,
            51.064786
          ],
          [
            6.575534,
            51.0649681
          ],
          [
            6.575767,
            51.0651918
          ]
        ]
      }
    },
    {
      "type": "Feature",
      "properties": {
        "name": "Erft",
        "type": "Fluss"
      },
      "geometry": {
        "type": "LineString",
        "coordinates": [
          [
            6.7945807,
            50.6711581
          ],
          [
            6.7945826,
            50.6712153
          ],
          [
            6.7945981,
            50.6713408
          ],
          [
            6.7946188,
            50.671424
          ],
          [
            6.7946409,
            50.6714869
          ],
          [
            6.7946602,
            50.6715354
          ],
          [
            6.7946932,
            50.6715974
          ],
          [
            6.7947297,
            50.6716485
          ],
          [
            6.794773,
            50.6716985
          ],
          [
            6.794841,
            50.6717566
          ],
          [
            6.7949957,
            50.6718622
          ],
          [
            6.7950989,
            50.6719302
          ],
          [
            6.7951598,
            50.6719763
          ],
          [
            6.7952404,
            50.6720394
          ],
          [
            6.7952831,
            50.6720796
          ],
          [
            6.7953457,
            50.6721477
          ],
          [
            6.7953904,
            50.6722022
          ],
          [
            6.7954309,
            50.6722667
          ],
          [
            6.7954684,
            50.6723377
          ],
          [
            6.7955126,
            50.6724449
          ],
          [
            6.7955325,
            50.6725204
          ],
          [
            6.7955396,
            50.6725955
          ],
          [
            6.7955326,
            50.6727078
          ],
          [
            6.7954897,
            50.6732154
          ],
          [
            6.7954718,
            50.6734167
          ],
          [
            6.7954522,
            50.6735696
          ],
          [
            6.7954277,
            50.673802
          ],
          [
            6.7953884,
            50.674317
          ],
          [
            6.7953744,
            50.6744532
          ],
          [
            6.7953706,
            50.6745632
          ],
          [
            6.7953672,
            50.6746839
          ],
          [
            6.7953745,
            50.6747948
          ],
          [
            6.7953812,
            50.6748788
          ],
          [
            6.7953926,
            50.6750935
          ],
          [
            6.7954076,
            50.6752935
          ],
          [
            6.7954382,
            50.6755784
          ],
          [
            6.795473,
            50.6759657
          ],
          [
            6.7955321,
            50.6764988
          ],
          [
            6.7955489,
            50.6766301
          ],
          [
            6.7955652,
            50.6768389
          ],
          [
            6.795571,
            50.6769127
          ],
          [
            6.7955951,
            50.6771432
          ],
          [
            6.7956382,
            50.6775687
          ],
          [
            6.7956982,
            50.6782312
          ],
          [
            6.7957748,
            50.6788571
          ],
          [
            6.7958097,
            50.6791919
          ],
          [
            6.7958371,
            50.6793929
          ],
          [
            6.7958647,
            50.6795293
          ],
          [
            6.7959086,
            50.6796693
          ],
          [
            6.7959532,
            50.6797817
          ],
          [
            6.7960143,
            50.6799033
          ],
          [
            6.7960605,
            50.6799941
          ],
          [
            6.7961392,
            50.6801298
          ],
          [
            6.7962342,
            50.6802648
          ],
          [
            6.7963341,
            50.6803871
          ],
          [
            6.7964879,
            50.6805523
          ],
          [
            6.796584,
            50.6806345
          ],
          [
            6.7967518,
            50.6807789
          ],
          [
            6.7968504,
            50.6808566
          ],
          [
            6.797,
            50.6809553
          ],
          [
            6.7971817,
            50.6810674
          ],
          [
            6.7973908,
            50.6811846
          ],
          [
            6.7976578,
            50.6813385
          ],
          [
            6.7978469,
            50.6814583
          ],
          [
            6.7980172,
            50.6815653
          ],
          [
            6.7981489,
            50.6816527
          ],
          [
            6.7983645,
            50.6818101
          ],
          [
            6.7985858,
            50.6819758
          ],
          [
            6.7988768,
            50.682201
          ],
          [
            6.7990929,
            50.6823696
          ],
          [
            6.7991933,
            50.6824576
          ],
          [
            6.7992684,
            50.6825349
          ],
          [
            6.7993469,
            50.6826256
          ],
          [
            6.7994146,
            50.6827193
          ],
          [
            6.7994613,
            50.6827957
          ],
          [
            6.7995125,
            50.6829249
          ],
          [
            6.799556,
            50.6830321
          ],
          [
            6.7995809,
            50.6831263
          ],
          [
            6.7996022,
            50.6832125
          ],
          [
            6.7996119,
            50.6833034
          ],
          [
            6.7996077,
            50.683428
          ],
          [
            6.799603,
            50.6834838
          ],
          [
            6.7996003,
            50.6835157
          ],
          [
            6.7995755,
            50.6836175
          ],
          [
            6.7995211,
            50.6837981
          ],
          [
            6.7994723,
            50.6839455
          ],
          [
            6.7994695,
            50.6839585
          ],
          [
            6.7994481,
            50.6840576
          ],
          [
            6.7994173,
            50.6842157
          ],
          [
            6.79938,
            50.68443
          ],
          [
            6.7993623,
            50.6846465
          ],
          [
            6.7993491,
            50.6848601
          ],
          [
            6.7993408,
            50.6849864
          ],
          [
            6.7993435,
            50.6851172
          ],
          [
            6.7993568,
            50.6852448
          ],
          [
            6.7993677,
            50.6853653
          ],
          [
            6.7993905,
            50.6854877
          ],
          [
            6.7994224,
            50.6856152
          ],
          [
            6.7994901,
            50.6859109
          ],
          [
            6.7995511,
            50.6861061
          ],
          [
            6.7996064,
            50.6862626
          ],
          [
            6.7996731,
            50.6864252
          ],
          [
            6.7997901,
            50.6866611
          ],
          [
            6.7998864,
            50.686847
          ],
          [
            6.7999645,
            50.686984
          ],
          [
            6.8000583,
            50.6871199
          ],
          [
            6.8001398,
            50.6872445
          ],
          [
            6.8002434,
            50.6873842
          ],
          [
            6.8003695,
            50.6875405
          ],
          [
            6.8004794,
            50.6876696
          ],
          [
            6.8005908,
            50.6877954
          ],
          [
            6.8007074,
            50.6879169
          ],
          [
            6.8008464,
            50.6880503
          ],
          [
            6.8009877,
            50.6881777
          ],
          [
            6.8011178,
            50.6882924
          ],
          [
            6.8012506,
            50.6884037
          ],
          [
            6.8013604,
            50.6884883
          ],
          [
            6.8014933,
            50.6885847
          ],
          [
            6.8016516,
            50.688685
          ],
          [
            6.8017334,
            50.6887461
          ],
          [
            6.8018745,
            50.6888568
          ],
          [
            6.8020941,
            50.6890244
          ],
          [
            6.8023201,
            50.689195
          ],
          [
            6.8023864,
            50.6892485
          ],
          [
            6.8025273,
            50.6893732
          ],
          [
            6.8026137,
            50.6894628
          ],
          [
            6.8027553,
            50.6896034
          ],
          [
            6.8029122,
            50.689775
          ],
          [
            6.8031697,
            50.6900648
          ],
          [
            6.8032958,
            50.6902058
          ],
          [
            6.803399,
            50.6903383
          ],
          [
            6.8034661,
            50.6904403
          ],
          [
            6.8035214,
            50.6905307
          ],
          [
            6.8035653,
            50.6906306
          ],
          [
            6.8036056,
            50.6907444
          ],
          [
            6.8036324,
            50.6908515
          ],
          [
            6.8036402,
            50.6909299
          ],
          [
            6.8036431,
            50.6910605
          ],
          [
            6.8036297,
            50.6911726
          ],
          [
            6.8036097,
            50.6912956
          ],
          [
            6.8035787,
            50.6914131
          ],
          [
            6.8035382,
            50.6915115
          ],
          [
            6.8034406,
            50.6916858
          ],
          [
            6.803387,
            50.6917707
          ],
          [
            6.8033515,
            50.6918334
          ],
          [
            6.8032681,
            50.6921499
          ],
          [
            6.8032998,
            50.6924054
          ],
          [
            6.8034043,
            50.6926589
          ],
          [
            6.8038068,
            50.6931472
          ],
          [
            6.8039118,
            50.6933757
          ],
          [
            6.8041478,
            50.6939353
          ],
          [
            6.8041721,
            50.6939764
          ],
          [
            6.8044136,
            50.6946435
          ],
          [
            6.8044526,
            50.6949162
          ],
          [
            6.8044714,
            50.6961646
          ],
          [
            6.8044723,
            50.6963415
          ],
          [
            6.8044786,
            50.6975593
          ],
          [
            6.8045301,
            50.6979739
          ],
          [
            6.8047431,
            50.6984558
          ],
          [
            6.8052995,
            50.6994373
          ],
          [
            6.8054648,
            50.6996561
          ],
          [
            6.8056586,
            50.6998692
          ],
          [
            6.8059133,
            50.7000174
          ]
        ]
      }
    },
    {
      "type": "Feature",
      "properties": {
        "name": "Erft",
        "type": "Fluss"
      },
      "geometry": {
        "type": "LineString",
        "coordinates": [
          [
            6.5877275,
            51.0768537
          ],
          [
            6.5880316,
            51.0772495
          ]
        ]
      }
    },
    {
      "type": "Feature",
      "properties": {
        "name": "Erft",
        "type": "Fluss"
      },
      "geometry": {
        "type": "LineString",
        "coordinates": [
          [
            6.5880316,
            51.0772495
          ],
          [
            6.5882214,
            51.077488
          ],
          [
            6.5883946,
            51.0776414
          ],
          [
            6.5884592,
            51.0777475
          ],
          [
            6.5885544,
            51.0778522
          ],
          [
            6.5887248,
            51.0779393
          ],
          [
            6.5888721,
            51.0779907
          ],
          [
            6.5890189,
            51.0780147
          ],
          [
            6.5891647,
            51.0780128
          ],
          [
            6.5896572,
            51.0779278
          ],
          [
            6.589933,
            51.0778517
          ],
          [
            6.5901699,
            51.0778284
          ],
          [
            6.5903856,
            51.0778372
          ],
          [
            6.5906505,
            51.0779565
          ],
          [
            6.5908059,
            51.0780294
          ],
          [
            6.590866,
            51.0781268
          ],
          [
            6.590902,
            51.078236
          ],
          [
            6.5909578,
            51.0783917
          ],
          [
            6.5908088,
            51.0786186
          ],
          [
            6.5907876,
            51.0787846
          ],
          [
            6.5908932,
            51.07896
          ],
          [
            6.5910389,
            51.0790984
          ],
          [
            6.5912716,
            51.0792265
          ],
          [
            6.5914868,
            51.0793024
          ],
          [
            6.5917067,
            51.0793568
          ],
          [
            6.5919222,
            51.0794861
          ],
          [
            6.5920155,
            51.0796822
          ],
          [
            6.5919079,
            51.0798741
          ],
          [
            6.5916871,
            51.0799614
          ],
          [
            6.5913999,
            51.080133
          ],
          [
            6.591264,
            51.0802829
          ],
          [
            6.5912259,
            51.0804321
          ],
          [
            6.5912883,
            51.0807249
          ],
          [
            6.5914811,
            51.0810669
          ],
          [
            6.5914997,
            51.0812866
          ],
          [
            6.5914503,
            51.0813683
          ],
          [
            6.5914001,
            51.0814271
          ],
          [
            6.59135,
            51.0814534
          ],
          [
            6.5913011,
            51.0814561
          ],
          [
            6.5908902,
            51.0813906
          ],
          [
            6.5907179,
            51.0813326
          ],
          [
            6.590584,
            51.0813252
          ],
          [
            6.590432,
            51.0813297
          ],
          [
            6.5903264,
            51.0813473
          ],
          [
            6.5902266,
            51.0813973
          ],
          [
            6.5901725,
            51.0814891
          ],
          [
            6.5901544,
            51.0815761
          ],
          [
            6.5901166,
            51.0819182
          ],
          [
            6.590306,
            51.0822366
          ],
          [
            6.5905971,
            51.0825434
          ],
          [
            6.5907739,
            51.0827738
          ],
          [
            6.590827,
            51.0829348
          ],
          [
            6.5908124,
            51.0831372
          ],
          [
            6.5908095,
            51.0832646
          ],
          [
            6.5906966,
            51.083581
          ],
          [
            6.5905482,
            51.0840428
          ]
        ]
      }
    },
    {
      "type": "Feature",
      "properties": {
        "name": "Erft",
        "type": "Fluss"
      },
      "geometry": {
        "type": "LineString",
        "coordinates": [
          [
            6.6726494,
            51.1499256
          ],
          [
            6.6733207,
            51.1505547
          ],
          [
            6.6740182,
            51.1513037
          ],
          [
            6.674392,
            51.1516444
          ],
          [
            6.6748364,
            51.1519219
          ],
          [
            6.6754555,
            51.1522744
          ],
          [
            6.6760469,
            51.1527298
          ],
          [
            6.6764728,
            51.1530067
          ],
          [
            6.6769332,
            51.1532307
          ],
          [
            6.6777053,
            51.1535448
          ],
          [
            6.6779859,
            51.1536064
          ],
          [
            6.6784625,
            51.1535898
          ],
          [
            6.6788209,
            51.1536227
          ],
          [
            6.6791115,
            51.1537583
          ],
          [
            6.679285,
            51.1538825
          ],
          [
            6.6795025,
            51.1539514
          ],
          [
            6.6796113,
            51.1539548
          ],
          [
            6.6797787,
            51.1539367
          ],
          [
            6.6799977,
            51.153913
          ],
          [
            6.680417,
            51.1539512
          ],
          [
            6.6805524,
            51.1541776
          ],
          [
            6.6807308,
            51.1545703
          ],
          [
            6.6809588,
            51.1547886
          ],
          [
            6.6813193,
            51.1550038
          ],
          [
            6.6816031,
            51.1551731
          ],
          [
            6.6822748,
            51.1555523
          ],
          [
            6.6823933,
            51.1556192
          ],
          [
            6.6830023,
            51.155946
          ],
          [
            6.6850308,
            51.1571132
          ],
          [
            6.6851873,
            51.1572033
          ],
          [
            6.6858905,
            51.1577356
          ],
          [
            6.6871257,
            51.1587675
          ],
          [
            6.6875812,
            51.1593705
          ],
          [
            6.6877282,
            51.1595423
          ],
          [
            6.6880922,
            51.1599166
          ],
          [
            6.6883242,
            51.1601731
          ],
          [
            6.6885172,
            51.1604471
          ],
          [
            6.6885628,
            51.1604935
          ],
          [
            6.6887696,
            51.1606084
          ],
          [
            6.6888151,
            51.1606814
          ],
          [
            6.6888608,
            51.1607547
          ]
        ]
      }
    },
    {
      "type": "Feature",
      "properties": {
        "name": "Erft",
        "type": "Fluss"
      },
      "geometry": {
        "type": "LineString",
        "coordinates": [
          [
            6.6612996,
            51.1440536
          ],
          [
            6.6613739,
            51.1441117
          ],
          [
            6.6614243,
            51.1441602
          ],
          [
            6.6614628,
            51.1442271
          ],
          [
            6.6615082,
            51.144332
          ],
          [
            6.6616037,
            51.1448098
          ],
          [
            6.6616913,
            51.1450983
          ],
          [
            6.6618351,
            51.14534
          ],
          [
            6.6621371,
            51.1455985
          ],
          [
            6.6623752,
            51.1457665
          ],
          [
            6.6628642,
            51.1459709
          ],
          [
            6.6634165,
            51.146174
          ],
          [
            6.6639868,
            51.1463824
          ],
          [
            6.6645767,
            51.1465712
          ],
          [
            6.6650352,
            51.146686
          ],
          [
            6.6653352,
            51.1467033
          ],
          [
            6.6658577,
            51.1466497
          ],
          [
            6.6661929,
            51.1466587
          ],
          [
            6.6666529,
            51.1467369
          ],
          [
            6.6669654,
            51.1467676
          ],
          [
            6.6674303,
            51.1467624
          ],
          [
            6.6677785,
            51.1467745
          ],
          [
            6.6680416,
            51.1468217
          ],
          [
            6.668265,
            51.1469027
          ],
          [
            6.6683794,
            51.1469642
          ],
          [
            6.6684761,
            51.1470561
          ],
          [
            6.6687226,
            51.1474252
          ],
          [
            6.6688847,
            51.1476493
          ],
          [
            6.6690764,
            51.1477597
          ],
          [
            6.669371,
            51.14782
          ],
          [
            6.6701202,
            51.1479099
          ],
          [
            6.670321,
            51.1479535
          ],
          [
            6.6705528,
            51.1480234
          ],
          [
            6.670705,
            51.1481611
          ],
          [
            6.670733,
            51.1483409
          ],
          [
            6.6706834,
            51.1486053
          ],
          [
            6.6705966,
            51.1488541
          ],
          [
            6.6706028,
            51.1490602
          ],
          [
            6.6707301,
            51.1492251
          ],
          [
            6.6709685,
            51.1493324
          ],
          [
            6.671297,
            51.1494063
          ],
          [
            6.6716627,
            51.1493985
          ],
          [
            6.6719419,
            51.1494105
          ],
          [
            6.672171,
            51.1494724
          ],
          [
            6.6724066,
            51.1496084
          ],
          [
            6.6726494,
            51.1499256
          ]
        ]
      }
    },
    {
      "type": "Feature",
      "properties": {
        "name": "Erft",
        "type": "Fluss"
      },
      "geometry": {
        "type": "LineString",
        "coordinates": [
          [
            6.5904876,
            51.0961448
          ],
          [
            6.5909942,
            51.0964401
          ],
          [
            6.5913896,
            51.0966223
          ],
          [
            6.5917781,
            51.0967678
          ],
          [
            6.5920624,
            51.0968217
          ],
          [
            6.5923601,
            51.0968761
          ],
          [
            6.5927866,
            51.0969228
          ],
          [
            6.5930428,
            51.096943
          ],
          [
            6.5932897,
            51.0969755
          ],
          [
            6.594189,
            51.0971829
          ],
          [
            6.5946917,
            51.0974176
          ],
          [
            6.5954315,
            51.097949
          ],
          [
            6.5957975,
            51.0979937
          ],
          [
            6.5968051,
            51.0978831
          ],
          [
            6.5980154,
            51.0978009
          ],
          [
            6.5988678,
            51.0973907
          ],
          [
            6.5993262,
            51.0972871
          ],
          [
            6.5996749,
            51.0973688
          ],
          [
            6.599921,
            51.0976401
          ],
          [
            6.6007933,
            51.0983143
          ],
          [
            6.6013193,
            51.0985475
          ],
          [
            6.6027453,
            51.0991036
          ],
          [
            6.6028442,
            51.0991052
          ],
          [
            6.6029457,
            51.0990702
          ],
          [
            6.6029965,
            51.0990224
          ],
          [
            6.6030244,
            51.0989395
          ],
          [
            6.6030548,
            51.0988088
          ],
          [
            6.6031386,
            51.0985109
          ],
          [
            6.6032113,
            51.0983349
          ],
          [
            6.6032883,
            51.0982081
          ],
          [
            6.603405,
            51.0980775
          ],
          [
            6.6035369,
            51.0980143
          ],
          [
            6.6036739,
            51.0979803
          ],
          [
            6.6038695,
            51.0979587
          ],
          [
            6.6040523,
            51.0979565
          ],
          [
            6.6042504,
            51.0980025
          ],
          [
            6.6044021,
            51.0980807
          ],
          [
            6.6045669,
            51.0982585
          ],
          [
            6.6048427,
            51.0988529
          ],
          [
            6.6049908,
            51.0989775
          ],
          [
            6.6053294,
            51.099153
          ],
          [
            6.6055397,
            51.099273
          ],
          [
            6.6059337,
            51.0994295
          ],
          [
            6.60665,
            51.0996099
          ],
          [
            6.607108,
            51.099764
          ],
          [
            6.6071977,
            51.099806
          ],
          [
            6.6074825,
            51.0999392
          ],
          [
            6.6082241,
            51.100268
          ],
          [
            6.6082905,
            51.1003229
          ],
          [
            6.6084467,
            51.1003955
          ],
          [
            6.6085648,
            51.1004157
          ],
          [
            6.6092525,
            51.1006445
          ],
          [
            6.6097115,
            51.1007972
          ],
          [
            6.6100549,
            51.1010051
          ],
          [
            6.6104622,
            51.1013577
          ],
          [
            6.6110201,
            51.1018967
          ],
          [
            6.6112173,
            51.1022098
          ],
          [
            6.6113844,
            51.1026196
          ],
          [
            6.6114863,
            51.1030561
          ],
          [
            6.6114874,
            51.1032598
          ],
          [
            6.6114445,
            51.1034419
          ],
          [
            6.6113961,
            51.103629
          ],
          [
            6.6113706,
            51.1037187
          ],
          [
            6.6113746,
            51.1038084
          ],
          [
            6.61157,
            51.1041566
          ],
          [
            6.6117296,
            51.1044037
          ],
          [
            6.6119643,
            51.1045914
          ],
          [
            6.6139815,
            51.1054007
          ],
          [
            6.6142352,
            51.1058392
          ],
          [
            6.6143477,
            51.1059563
          ],
          [
            6.6147914,
            51.1061625
          ],
          [
            6.6152872,
            51.1063177
          ],
          [
            6.6156292,
            51.1064003
          ],
          [
            6.6161321,
            51.1064405
          ],
          [
            6.6164888,
            51.1064399
          ],
          [
            6.616967,
            51.1065103
          ],
          [
            6.6179295,
            51.106801
          ],
          [
            6.618342,
            51.1069231
          ],
          [
            6.6191453,
            51.1074863
          ],
          [
            6.6193781,
            51.1076859
          ],
          [
            6.6195603,
            51.107877
          ],
          [
            6.6196179,
            51.108113
          ],
          [
            6.6195944,
            51.10843
          ],
          [
            6.6195778,
            51.1085988
          ],
          [
            6.6196435,
            51.108755
          ],
          [
            6.6199932,
            51.1090032
          ],
          [
            6.6209175,
            51.1095116
          ],
          [
            6.6212525,
            51.1096496
          ],
          [
            6.6221481,
            51.1099344
          ],
          [
            6.6228953,
            51.1101623
          ],
          [
            6.623982,
            51.1104666
          ],
          [
            6.6247126,
            51.1106668
          ],
          [
            6.6248913,
            51.1106923
          ],
          [
            6.6250442,
            51.1107335
          ],
          [
            6.6252045,
            51.110831
          ],
          [
            6.6254677,
            51.111064
          ],
          [
            6.6264131,
            51.1120397
          ],
          [
            6.6265493,
            51.1122325
          ],
          [
            6.6264866,
            51.1123499
          ],
          [
            6.6264196,
            51.1126236
          ],
          [
            6.6264562,
            51.1128713
          ],
          [
            6.6273921,
            51.1135303
          ],
          [
            6.6276849,
            51.1139261
          ],
          [
            6.6279084,
            51.1143884
          ],
          [
            6.6278787,
            51.1145867
          ],
          [
            6.6278174,
            51.1148052
          ],
          [
            6.627369,
            51.1155487
          ],
          [
            6.6272327,
            51.1158025
          ],
          [
            6.6271562,
            51.1159877
          ],
          [
            6.6271439,
            51.11612
          ],
          [
            6.6271394,
            51.1162713
          ],
          [
            6.6271625,
            51.1164226
          ],
          [
            6.6273064,
            51.1165945
          ],
          [
            6.6275706,
            51.1168586
          ],
          [
            6.6281477,
            51.1173856
          ],
          [
            6.6284209,
            51.1175706
          ],
          [
            6.62861,
            51.1176707
          ],
          [
            6.6291325,
            51.1178558
          ],
          [
            6.6309902,
            51.1183102
          ],
          [
            6.6319171,
            51.1186003
          ],
          [
            6.6324841,
            51.1188595
          ],
          [
            6.6331322,
            51.119233
          ],
          [
            6.6335375,
            51.1196024
          ],
          [
            6.6340194,
            51.1202391
          ],
          [
            6.6347027,
            51.1226231
          ],
          [
            6.6350175,
            51.123464
          ],
          [
            6.635227,
            51.1242721
          ],
          [
            6.6352761,
            51.1252638
          ],
          [
            6.6351585,
            51.126323
          ],
          [
            6.6350567,
            51.1268707
          ]
        ]
      }
    },
    {
      "type": "Feature",
      "properties": {
        "name": "Erft",
        "type": "Fluss"
      },
      "geometry": {
        "type": "LineString",
        "coordinates": [
          [
            6.6247126,
            51.1106668
          ],
          [
            6.6248933,
            51.1107445
          ],
          [
            6.624951,
            51.1108156
          ],
          [
            6.6249786,
            51.1109407
          ],
          [
            6.6249993,
            51.1111461
          ],
          [
            6.6249509,
            51.1112016
          ]
        ]
      }
    },
    {
      "type": "Feature",
      "properties": {
        "name": "Erft",
        "type": "Fluss"
      },
      "geometry": {
        "type": "LineString",
        "coordinates": [
          [
            6.5879396,
            51.0929051
          ],
          [
            6.5877816,
            51.0930484
          ],
          [
            6.5877213,
            51.0931882
          ],
          [
            6.5876276,
            51.0933446
          ]
        ]
      }
    },
    {
      "type": "Feature",
      "properties": {
        "name": "Erft",
        "type": "Fluss"
      },
      "geometry": {
        "type": "LineString",
        "coordinates": [
          [
            6.5871185,
            51.0899249
          ],
          [
            6.5870081,
            51.0901066
          ],
          [
            6.5868555,
            51.0902921
          ],
          [
            6.5865797,
            51.0903522
          ],
          [
            6.5860824,
            51.0903142
          ],
          [
            6.5856766,
            51.0904133
          ],
          [
            6.5855259,
            51.0906436
          ],
          [
            6.5855751,
            51.0908343
          ],
          [
            6.5856228,
            51.090996
          ],
          [
            6.5857283,
            51.091252
          ],
          [
            6.5857637,
            51.0912738
          ],
          [
            6.5858155,
            51.0912857
          ],
          [
            6.585862,
            51.0912858
          ],
          [
            6.5861489,
            51.0912495
          ],
          [
            6.5866482,
            51.0911737
          ],
          [
            6.5867629,
            51.091162
          ],
          [
            6.586882,
            51.0911844
          ],
          [
            6.5873512,
            51.0913049
          ],
          [
            6.5877465,
            51.0913061
          ],
          [
            6.5878621,
            51.0912956
          ],
          [
            6.5881234,
            51.0913009
          ],
          [
            6.588493,
            51.0914005
          ],
          [
            6.5887505,
            51.0915568
          ],
          [
            6.5888878,
            51.0918156
          ],
          [
            6.5889136,
            51.0919881
          ],
          [
            6.5887333,
            51.0921713
          ],
          [
            6.5883986,
            51.0923331
          ],
          [
            6.5881839,
            51.092479
          ],
          [
            6.5880242,
            51.092633
          ],
          [
            6.587964,
            51.0927578
          ],
          [
            6.5879396,
            51.0929051
          ]
        ]
      }
    },
    {
      "type": "Feature",
      "properties": {
        "name": "Erft",
        "type": "Fluss"
      },
      "geometry": {
        "type": "LineString",
        "coordinates": [
          [
            6.5841646,
            51.0724453
          ],
          [
            6.5847701,
            51.0730469
          ],
          [
            6.5849749,
            51.0733855
          ],
          [
            6.5850586,
            51.0736711
          ],
          [
            6.5851422,
            51.0738289
          ],
          [
            6.5852327,
            51.074015
          ],
          [
            6.5852791,
            51.0741621
          ],
          [
            6.5854344,
            51.0743472
          ],
          [
            6.5856063,
            51.0745168
          ],
          [
            6.5858504,
            51.0746468
          ],
          [
            6.5865288,
            51.0749196
          ],
          [
            6.5869696,
            51.0751572
          ],
          [
            6.5872625,
            51.0754194
          ],
          [
            6.5874195,
            51.0756282
          ],
          [
            6.5875299,
            51.0758458
          ],
          [
            6.5875965,
            51.0764498
          ],
          [
            6.5876368,
            51.0766908
          ],
          [
            6.5877275,
            51.0768537
          ]
        ]
      }
    },
    {
      "type": "Feature",
      "properties": {
        "name": "Erft",
        "type": "Fluss"
      },
      "geometry": {
        "type": "LineString",
        "coordinates": [
          [
            6.61157,
            51.1041566
          ],
          [
            6.612762,
            51.1042723
          ],
          [
            6.6132217,
            51.1042512
          ],
          [
            6.6143302,
            51.1039407
          ],
          [
            6.6144885,
            51.1039613
          ],
          [
            6.6146055,
            51.1040251
          ],
          [
            6.6146706,
            51.1041141
          ],
          [
            6.6146474,
            51.1042594
          ],
          [
            6.6145947,
            51.1044117
          ],
          [
            6.6144302,
            51.1045598
          ],
          [
            6.6140388,
            51.1052091
          ],
          [
            6.6139815,
            51.1054007
          ]
        ]
      }
    },
    {
      "type": "Feature",
      "properties": {
        "name": "Erft",
        "type": "Fluss"
      },
      "geometry": {
        "type": "LineString",
        "coordinates": [
          [
            6.6788209,
            51.1536227
          ],
          [
            6.6790895,
            51.1536341
          ],
          [
            6.679316,
            51.1536112
          ],
          [
            6.6794714,
            51.1535955
          ],
          [
            6.6798328,
            51.1536317
          ],
          [
            6.6800288,
            51.1536687
          ],
          [
            6.6802278,
            51.1537623
          ],
          [
            6.680417,
            51.1539512
          ]
        ]
      }
    },
    {
      "type": "Feature",
      "properties": {
        "name": "Erft",
        "type": "Fluss"
      },
      "geometry": {
        "type": "LineString",
        "coordinates": [
          [
            6.8065984,
            50.7082279
          ],
          [
            6.8061767,
            50.7083827
          ],
          [
            6.8060016,
            50.7085847
          ],
          [
            6.8059639,
            50.7087671
          ],
          [
            6.8060119,
            50.7089748
          ],
          [
            6.8062962,
            50.7094446
          ],
          [
            6.806842,
            50.7102683
          ],
          [
            6.8074654,
            50.7115719
          ],
          [
            6.8079462,
            50.7124248
          ],
          [
            6.8085772,
            50.7132812
          ],
          [
            6.8088715,
            50.7136601
          ],
          [
            6.8091804,
            50.7139493
          ],
          [
            6.8095932,
            50.7142103
          ],
          [
            6.8100714,
            50.7144525
          ],
          [
            6.8112321,
            50.7149303
          ],
          [
            6.811559,
            50.7151773
          ],
          [
            6.8117254,
            50.7153854
          ],
          [
            6.8118346,
            50.7156231
          ],
          [
            6.811919,
            50.7162135
          ],
          [
            6.8121722,
            50.7165908
          ],
          [
            6.8127028,
            50.7170343
          ],
          [
            6.8131297,
            50.7174515
          ],
          [
            6.8132315,
            50.7177205
          ],
          [
            6.8132902,
            50.7183552
          ],
          [
            6.8133894,
            50.7185835
          ],
          [
            6.8135676,
            50.7187897
          ],
          [
            6.8138837,
            50.7189732
          ],
          [
            6.8145714,
            50.7193123
          ],
          [
            6.8147703,
            50.7194673
          ],
          [
            6.8149081,
            50.7196843
          ],
          [
            6.8149688,
            50.7199194
          ],
          [
            6.814972,
            50.7206231
          ],
          [
            6.815052,
            50.7208843
          ],
          [
            6.8151953,
            50.7211261
          ],
          [
            6.8156222,
            50.7216411
          ],
          [
            6.8159162,
            50.7221113
          ],
          [
            6.8160836,
            50.7224641
          ],
          [
            6.8162575,
            50.7231367
          ],
          [
            6.8162912,
            50.7236211
          ],
          [
            6.8162347,
            50.724139
          ],
          [
            6.8162975,
            50.7245339
          ],
          [
            6.8165558,
            50.7248408
          ],
          [
            6.8169597,
            50.7251
          ],
          [
            6.8174126,
            50.7252245
          ],
          [
            6.8177728,
            50.7252658
          ],
          [
            6.8180821,
            50.7252528
          ],
          [
            6.8185028,
            50.725215
          ],
          [
            6.8188853,
            50.7252263
          ],
          [
            6.819179,
            50.7252807
          ],
          [
            6.8194626,
            50.7254033
          ],
          [
            6.8196836,
            50.7255418
          ],
          [
            6.8200164,
            50.7260782
          ],
          [
            6.820946,
            50.7273987
          ],
          [
            6.8209942,
            50.727546
          ]
        ]
      }
    },
    {
      "type": "Feature",
      "properties": {
        "name": "Erft",
        "type": "Fluss"
      },
      "geometry": {
        "type": "LineString",
        "coordinates": [
          [
            6.8059133,
            50.7000174
          ],
          [
            6.806487,
            50.700185
          ],
          [
            6.807273,
            50.7002484
          ],
          [
            6.8079247,
            50.7004367
          ],
          [
            6.8084873,
            50.7007999
          ],
          [
            6.8086642,
            50.7010214
          ],
          [
            6.8087806,
            50.7014527
          ],
          [
            6.8088197,
            50.7018823
          ],
          [
            6.8087523,
            50.7021237
          ],
          [
            6.8085976,
            50.702441
          ],
          [
            6.8086456,
            50.7025775
          ],
          [
            6.8087756,
            50.702678
          ],
          [
            6.809021,
            50.7027534
          ],
          [
            6.8095314,
            50.70279
          ],
          [
            6.809999,
            50.7029678
          ],
          [
            6.8102101,
            50.7031514
          ],
          [
            6.8103251,
            50.7034103
          ],
          [
            6.8102768,
            50.7039264
          ],
          [
            6.8103259,
            50.7043531
          ],
          [
            6.8104651,
            50.7047768
          ],
          [
            6.810763,
            50.7052517
          ],
          [
            6.8109094,
            50.7056577
          ],
          [
            6.8109237,
            50.7060569
          ],
          [
            6.8108457,
            50.706457
          ],
          [
            6.8107083,
            50.706744
          ],
          [
            6.8105189,
            50.707027
          ],
          [
            6.8102004,
            50.7073051
          ],
          [
            6.8096042,
            50.7076957
          ],
          [
            6.8089722,
            50.7079449
          ],
          [
            6.8084012,
            50.7080935
          ],
          [
            6.8077476,
            50.7081884
          ],
          [
            6.8065984,
            50.7082279
          ]
        ]
      }
    },
    {
      "type": "Feature",
      "properties": {
        "name": "Erft",
        "type": "Fluss"
      },
      "geometry": {
        "type": "LineString",
        "coordinates": [
          [
            6.7644859,
            50.5684843
          ],
          [
            6.764467,
            50.5686118
          ],
          [
            6.7645639,
            50.5689914
          ],
          [
            6.7647139,
            50.5694035
          ],
          [
            6.7649057,
            50.5697548
          ],
          [
            6.7649976,
            50.570043
          ],
          [
            6.7649273,
            50.5704147
          ],
          [
            6.7648348,
            50.5706509
          ],
          [
            6.7647753,
            50.5707598
          ],
          [
            6.7646968,
            50.570913
          ],
          [
            6.7645628,
            50.5710555
          ],
          [
            6.7643218,
            50.5712348
          ],
          [
            6.7641012,
            50.5713519
          ],
          [
            6.7638855,
            50.5714561
          ]
        ]
      }
    },
    {
      "type": "Feature",
      "properties": {
        "name": "Erft",
        "type": "Fluss"
      },
      "geometry": {
        "type": "LineString",
        "coordinates": [
          [
            6.6071977,
            51.099806
          ],
          [
            6.6076522,
            51.099784
          ],
          [
            6.6080324,
            51.0997214
          ],
          [
            6.6085688,
            51.0995425
          ],
          [
            6.6088377,
            51.0995483
          ],
          [
            6.6091721,
            51.09962
          ],
          [
            6.6094454,
            51.0997043
          ],
          [
            6.6095908,
            51.099809
          ],
          [
            6.6097684,
            51.1003018
          ],
          [
            6.6097983,
            51.1003847
          ],
          [
            6.6097574,
            51.1006793
          ],
          [
            6.6097115,
            51.1007972
          ]
        ]
      }
    },
    {
      "type": "Feature",
      "properties": {
        "name": "Erft",
        "type": "Fluss"
      },
      "geometry": {
        "type": "LineString",
        "coordinates": [
          [
            6.6350567,
            51.1268707
          ],
          [
            6.6349313,
            51.1272775
          ],
          [
            6.6349198,
            51.1273149
          ],
          [
            6.6348693,
            51.1274556
          ],
          [
            6.6345639,
            51.1282931
          ],
          [
            6.6345446,
            51.1286421
          ],
          [
            6.6344581,
            51.1288348
          ],
          [
            6.6342822,
            51.1291939
          ],
          [
            6.6342183,
            51.1293089
          ],
          [
            6.6341494,
            51.1295494
          ],
          [
            6.634129,
            51.1298638
          ],
          [
            6.6341996,
            51.130269
          ],
          [
            6.6342559,
            51.1304245
          ],
          [
            6.6343148,
            51.1305025
          ],
          [
            6.634396,
            51.1305721
          ],
          [
            6.6346405,
            51.1306744
          ],
          [
            6.6351415,
            51.1308354
          ],
          [
            6.6353578,
            51.1309174
          ],
          [
            6.6355235,
            51.1310534
          ],
          [
            6.6355621,
            51.131208
          ],
          [
            6.6354404,
            51.1318982
          ],
          [
            6.6354753,
            51.132131
          ],
          [
            6.6355913,
            51.1323478
          ],
          [
            6.6357584,
            51.1325332
          ],
          [
            6.6360176,
            51.1327284
          ],
          [
            6.6362824,
            51.1328764
          ],
          [
            6.6366295,
            51.1329797
          ],
          [
            6.6368928,
            51.1330315
          ],
          [
            6.6371425,
            51.1330363
          ],
          [
            6.637502,
            51.1329674
          ],
          [
            6.637928,
            51.1328509
          ],
          [
            6.639383,
            51.1324531
          ],
          [
            6.6401229,
            51.132218
          ],
          [
            6.6402123,
            51.1321986
          ],
          [
            6.6403017,
            51.1321849
          ],
          [
            6.6403895,
            51.1321791
          ],
          [
            6.6404743,
            51.1321791
          ],
          [
            6.6410597,
            51.1322661
          ],
          [
            6.6420704,
            51.1324424
          ]
        ]
      }
    },
    {
      "type": "Feature",
      "properties": {
        "name": "Erft",
        "type": "Fluss"
      },
      "geometry": {
        "type": "LineString",
        "coordinates": [
          [
            6.7815593,
            50.526631
          ],
          [
            6.7811124,
            50.5274424
          ]
        ]
      }
    },
    {
      "type": "Feature",
      "properties": {
        "name": "Erft",
        "type": "Fluss"
      },
      "geometry": {
        "type": "LineString",
        "coordinates": [
          [
            6.7653256,
            50.5439737
          ],
          [
            6.7658802,
            50.544297
          ],
          [
            6.7660511,
            50.544354
          ],
          [
            6.7661061,
            50.5443844
          ],
          [
            6.7665143,
            50.5446101
          ],
          [
            6.7665089,
            50.5447427
          ],
          [
            6.7664594,
            50.5448616
          ]
        ]
      }
    },
    {
      "type": "Feature",
      "properties": {
        "name": "Erft",
        "type": "Fluss"
      },
      "geometry": {
        "type": "LineString",
        "coordinates": [
          [
            6.7664594,
            50.5448616
          ],
          [
            6.7663783,
            50.5449641
          ],
          [
            6.7661232,
            50.5452941
          ],
          [
            6.7660136,
            50.5453599
          ],
          [
            6.7658183,
            50.5455281
          ],
          [
            6.7651837,
            50.5462565
          ],
          [
            6.7648884,
            50.5466014
          ],
          [
            6.7647601,
            50.5467706
          ],
          [
            6.7646314,
            50.5468723
          ],
          [
            6.7641392,
            50.5471004
          ],
          [
            6.7638615,
            50.5472296
          ],
          [
            6.7637104,
            50.54733
          ],
          [
            6.7630275,
            50.5478781
          ],
          [
            6.7628782,
            50.54802
          ],
          [
            6.7627054,
            50.5482479
          ],
          [
            6.7626453,
            50.5484642
          ],
          [
            6.7626268,
            50.5485331
          ],
          [
            6.7625754,
            50.5489546
          ],
          [
            6.7623641,
            50.5491279
          ],
          [
            6.7618541,
            50.5496221
          ],
          [
            6.7619689,
            50.5499115
          ],
          [
            6.762033,
            50.5502041
          ],
          [
            6.7616821,
            50.5506677
          ],
          [
            6.7613774,
            50.5508928
          ],
          [
            6.761116,
            50.5510716
          ],
          [
            6.7606867,
            50.5514868
          ],
          [
            6.7606256,
            50.5516453
          ],
          [
            6.7606626,
            50.5517706
          ],
          [
            6.7608439,
            50.5520057
          ],
          [
            6.7609417,
            50.5520727
          ],
          [
            6.7609733,
            50.5521195
          ],
          [
            6.7610229,
            50.552364
          ],
          [
            6.7610114,
            50.5525724
          ],
          [
            6.7610134,
            50.5526765
          ],
          [
            6.7610413,
            50.5527276
          ],
          [
            6.7611157,
            50.5527903
          ],
          [
            6.7611995,
            50.5529088
          ],
          [
            6.7612591,
            50.5530033
          ],
          [
            6.7613549,
            50.5531504
          ],
          [
            6.7614193,
            50.553213
          ]
        ]
      }
    },
    {
      "type": "Feature",
      "properties": {
        "name": "Erft",
        "type": "Fluss"
      },
      "geometry": {
        "type": "LineString",
        "coordinates": [
          [
            6.7691492,
            50.5800591
          ],
          [
            6.7692973,
            50.5802646
          ],
          [
            6.7693669,
            50.5803831
          ],
          [
            6.7694155,
            50.5804451
          ],
          [
            6.7695445,
            50.5805611
          ],
          [
            6.7698709,
            50.5807467
          ],
          [
            6.7699593,
            50.5807755
          ],
          [
            6.7704356,
            50.5809404
          ],
          [
            6.7705009,
            50.5809723
          ],
          [
            6.7705536,
            50.5809981
          ],
          [
            6.7708415,
            50.5811274
          ],
          [
            6.7711133,
            50.5812601
          ],
          [
            6.7712834,
            50.5813413
          ],
          [
            6.7714584,
            50.5814619
          ],
          [
            6.7715482,
            50.5815398
          ],
          [
            6.771636,
            50.5816718
          ],
          [
            6.7716698,
            50.5818038
          ],
          [
            6.7716533,
            50.5820361
          ],
          [
            6.7716297,
            50.5824421
          ],
          [
            6.7716208,
            50.582654
          ],
          [
            6.7716562,
            50.5828135
          ],
          [
            6.7716652,
            50.5828671
          ],
          [
            6.7717403,
            50.5830169
          ],
          [
            6.7718365,
            50.5831472
          ],
          [
            6.7719564,
            50.5832625
          ],
          [
            6.7720234,
            50.5833255
          ],
          [
            6.7721264,
            50.5833845
          ],
          [
            6.7721606,
            50.5834041
          ],
          [
            6.7724289,
            50.5835381
          ],
          [
            6.7724818,
            50.5835645
          ],
          [
            6.7726335,
            50.5836402
          ],
          [
            6.7727159,
            50.5836814
          ],
          [
            6.7729863,
            50.5838336
          ],
          [
            6.7731442,
            50.583971
          ],
          [
            6.7733241,
            50.5840397
          ],
          [
            6.7734673,
            50.5840696
          ],
          [
            6.7737186,
            50.5841047
          ],
          [
            6.7738138,
            50.5841633
          ],
          [
            6.7739154,
            50.5842249
          ],
          [
            6.7740057,
            50.5843048
          ],
          [
            6.7740396,
            50.5843334
          ],
          [
            6.7741809,
            50.5845094
          ],
          [
            6.7743576,
            50.584648
          ],
          [
            6.7745675,
            50.5847871
          ],
          [
            6.7748496,
            50.5850177
          ],
          [
            6.7751681,
            50.5853392
          ],
          [
            6.775373,
            50.5855687
          ],
          [
            6.7756721,
            50.5859102
          ],
          [
            6.7757465,
            50.586363
          ],
          [
            6.7758388,
            50.5864979
          ],
          [
            6.7761092,
            50.5867036
          ],
          [
            6.7765808,
            50.5871542
          ],
          [
            6.7767587,
            50.5873093
          ],
          [
            6.7767861,
            50.5873332
          ],
          [
            6.7768246,
            50.5873554
          ],
          [
            6.7770252,
            50.5874714
          ],
          [
            6.7771404,
            50.5876103
          ],
          [
            6.7772095,
            50.5877304
          ],
          [
            6.7772713,
            50.5878504
          ],
          [
            6.7772793,
            50.5880063
          ],
          [
            6.7773364,
            50.5885024
          ],
          [
            6.777551,
            50.5887622
          ],
          [
            6.7776831,
            50.5889678
          ],
          [
            6.7778776,
            50.5892945
          ],
          [
            6.7781265,
            50.5894917
          ],
          [
            6.778346,
            50.5896139
          ],
          [
            6.7795824,
            50.5898707
          ],
          [
            6.7801401,
            50.5899153
          ],
          [
            6.7806955,
            50.5899405
          ],
          [
            6.7810625,
            50.5900387
          ],
          [
            6.7813415,
            50.5902173
          ],
          [
            6.7816252,
            50.5903082
          ],
          [
            6.7819732,
            50.5903096
          ],
          [
            6.7822195,
            50.5902041
          ],
          [
            6.7825195,
            50.5898759
          ],
          [
            6.7825837,
            50.5898056
          ],
          [
            6.782724,
            50.5897728
          ],
          [
            6.7829186,
            50.5897251
          ],
          [
            6.7833091,
            50.5897627
          ],
          [
            6.7836846,
            50.5898665
          ],
          [
            6.7839536,
            50.5900682
          ],
          [
            6.7840357,
            50.5902588
          ],
          [
            6.7841668,
            50.5903532
          ],
          [
            6.7843626,
            50.5904709
          ],
          [
            6.7848277,
            50.5906245
          ],
          [
            6.7850883,
            50.590783
          ],
          [
            6.7855708,
            50.5913574
          ],
          [
            6.7859056,
            50.5915589
          ],
          [
            6.7864672,
            50.5917685
          ],
          [
            6.7869952,
            50.5920113
          ],
          [
            6.7875971,
            50.5922897
          ],
          [
            6.7883628,
            50.5926308
          ],
          [
            6.7885219,
            50.592709
          ],
          [
            6.7886171,
            50.5927555
          ],
          [
            6.7888865,
            50.5928686
          ],
          [
            6.789015,
            50.592899
          ],
          [
            6.7891353,
            50.5929424
          ],
          [
            6.7892975,
            50.5930106
          ],
          [
            6.7893424,
            50.5930248
          ],
          [
            6.7894816,
            50.5930734
          ],
          [
            6.7898547,
            50.5932361
          ],
          [
            6.7903188,
            50.5935411
          ],
          [
            6.7909311,
            50.5939994
          ],
          [
            6.7913431,
            50.59439
          ],
          [
            6.7916594,
            50.5948011
          ],
          [
            6.7921223,
            50.5954138
          ],
          [
            6.7925193,
            50.5959126
          ],
          [
            6.7925276,
            50.5959246
          ],
          [
            6.7925396,
            50.5959418
          ],
          [
            6.7925763,
            50.595994
          ],
          [
            6.7926325,
            50.5960684
          ],
          [
            6.7927277,
            50.5962026
          ],
          [
            6.7929483,
            50.5964699
          ],
          [
            6.7929586,
            50.5964795
          ],
          [
            6.7931287,
            50.5966393
          ],
          [
            6.7931533,
            50.5966625
          ],
          [
            6.7932796,
            50.5967811
          ],
          [
            6.7933831,
            50.5968783
          ],
          [
            6.7934136,
            50.5968994
          ],
          [
            6.7934584,
            50.5969306
          ],
          [
            6.793638,
            50.5970553
          ],
          [
            6.7936784,
            50.5970779
          ],
          [
            6.7937283,
            50.5971162
          ],
          [
            6.7939123,
            50.5972389
          ],
          [
            6.7944906,
            50.5975757
          ],
          [
            6.7945914,
            50.5977246
          ],
          [
            6.7946379,
            50.5978179
          ],
          [
            6.7946692,
            50.5979744
          ],
          [
            6.7947008,
            50.5980971
          ],
          [
            6.7954131,
            50.5991046
          ],
          [
            6.795698,
            50.5993518
          ],
          [
            6.7959124,
            50.5994967
          ],
          [
            6.7961658,
            50.5996074
          ],
          [
            6.796366,
            50.5997687
          ],
          [
            6.7964278,
            50.5998417
          ],
          [
            6.79648,
            50.5999032
          ],
          [
            6.7964623,
            50.6000243
          ],
          [
            6.7962789,
            50.6005188
          ],
          [
            6.7962672,
            50.6008756
          ],
          [
            6.7963421,
            50.6011029
          ],
          [
            6.7964467,
            50.6012331
          ],
          [
            6.7967498,
            50.6014936
          ],
          [
            6.7968409,
            50.6018102
          ],
          [
            6.7967436,
            50.6020753
          ],
          [
            6.7963222,
            50.6023065
          ],
          [
            6.7960719,
            50.602455
          ],
          [
            6.7959898,
            50.6025207
          ],
          [
            6.7959397,
            50.6025763
          ],
          [
            6.7958222,
            50.602747
          ],
          [
            6.7957198,
            50.6028827
          ],
          [
            6.7956685,
            50.6029561
          ],
          [
            6.7955676,
            50.6030389
          ],
          [
            6.7954607,
            50.6031275
          ],
          [
            6.7953737,
            50.6031933
          ],
          [
            6.7952742,
            50.6032385
          ],
          [
            6.7951236,
            50.6033018
          ],
          [
            6.7949219,
            50.6033653
          ],
          [
            6.794728,
            50.6034592
          ],
          [
            6.794526,
            50.603553
          ],
          [
            6.794411,
            50.6036354
          ],
          [
            6.7943617,
            50.6037136
          ],
          [
            6.7943535,
            50.6037907
          ],
          [
            6.7943567,
            50.6039044
          ],
          [
            6.7943951,
            50.6043129
          ],
          [
            6.7943758,
            50.6044754
          ],
          [
            6.7943389,
            50.6045781
          ],
          [
            6.794272,
            50.6046659
          ],
          [
            6.794205,
            50.6047223
          ],
          [
            6.7940384,
            50.6047976
          ],
          [
            6.7938409,
            50.6048398
          ],
          [
            6.7935033,
            50.6049216
          ],
          [
            6.7933837,
            50.6049669
          ],
          [
            6.7933097,
            50.6050122
          ],
          [
            6.7932609,
            50.6050798
          ],
          [
            6.7932517,
            50.6051963
          ],
          [
            6.7932749,
            50.6053475
          ],
          [
            6.7933191,
            50.60547
          ],
          [
            6.7934249,
            50.6056303
          ],
          [
            6.7935788,
            50.6058115
          ],
          [
            6.7938122,
            50.6060853
          ],
          [
            6.7938318,
            50.6061389
          ],
          [
            6.793845,
            50.6062139
          ],
          [
            6.7938253,
            50.6063224
          ],
          [
            6.7937399,
            50.6067526
          ],
          [
            6.7937365,
            50.6070168
          ],
          [
            6.7937991,
            50.6072593
          ],
          [
            6.7938516,
            50.6073963
          ],
          [
            6.7939764,
            50.6075444
          ],
          [
            6.7941276,
            50.6076799
          ],
          [
            6.7942229,
            50.6078724
          ],
          [
            6.7943327,
            50.6082983
          ],
          [
            6.7943084,
            50.6084974
          ],
          [
            6.7941844,
            50.6086154
          ],
          [
            6.7940018,
            50.6086919
          ],
          [
            6.7937331,
            50.6087553
          ],
          [
            6.7933604,
            50.6088664
          ],
          [
            6.7932418,
            50.608954
          ],
          [
            6.7931843,
            50.6090401
          ],
          [
            6.7931549,
            50.6091911
          ],
          [
            6.7931504,
            50.6093923
          ],
          [
            6.7932004,
            50.6096027
          ],
          [
            6.7932698,
            50.6097681
          ],
          [
            6.7933076,
            50.6099168
          ],
          [
            6.7933354,
            50.6101214
          ],
          [
            6.7933171,
            50.6104079
          ],
          [
            6.79328,
            50.6106438
          ],
          [
            6.7932162,
            50.6107566
          ],
          [
            6.7931687,
            50.6108942
          ],
          [
            6.7931916,
            50.6109998
          ],
          [
            6.7932501,
            50.6111103
          ],
          [
            6.7934989,
            50.6114807
          ],
          [
            6.7938444,
            50.6118582
          ],
          [
            6.7940316,
            50.612076
          ],
          [
            6.7941026,
            50.6121552
          ],
          [
            6.7941394,
            50.6122066
          ],
          [
            6.7941664,
            50.6122544
          ],
          [
            6.7941789,
            50.6122968
          ],
          [
            6.7941774,
            50.6123475
          ],
          [
            6.7941655,
            50.6124061
          ],
          [
            6.7941434,
            50.6124647
          ],
          [
            6.7940998,
            50.6125393
          ],
          [
            6.7940492,
            50.6126183
          ],
          [
            6.7940006,
            50.6126789
          ],
          [
            6.7939603,
            50.6127227
          ],
          [
            6.7939059,
            50.6127737
          ],
          [
            6.7938314,
            50.6128374
          ],
          [
            6.7937719,
            50.6128904
          ],
          [
            6.793739,
            50.6129259
          ],
          [
            6.7937082,
            50.6129772
          ],
          [
            6.7936349,
            50.6131561
          ],
          [
            6.7936076,
            50.6132542
          ],
          [
            6.7935983,
            50.613313
          ],
          [
            6.7935883,
            50.6133689
          ],
          [
            6.7935741,
            50.6134099
          ],
          [
            6.7935627,
            50.6134444
          ],
          [
            6.7935591,
            50.6135038
          ],
          [
            6.7935674,
            50.6135541
          ],
          [
            6.7935781,
            50.613595
          ],
          [
            6.7935808,
            50.6136516
          ],
          [
            6.7935895,
            50.6137188
          ],
          [
            6.7936106,
            50.6138192
          ],
          [
            6.7936344,
            50.6138941
          ],
          [
            6.7936562,
            50.6139407
          ],
          [
            6.7936854,
            50.6139801
          ],
          [
            6.7937237,
            50.6140251
          ],
          [
            6.7937934,
            50.614089
          ],
          [
            6.7939698,
            50.614209
          ],
          [
            6.7943723,
            50.6144814
          ],
          [
            6.7946883,
            50.6146822
          ],
          [
            6.7950028,
            50.6148145
          ],
          [
            6.7953311,
            50.6149582
          ],
          [
            6.7958985,
            50.6152088
          ],
          [
            6.7961303,
            50.6153227
          ],
          [
            6.7964305,
            50.6155197
          ],
          [
            6.7966153,
            50.6155991
          ],
          [
            6.7968377,
            50.615659
          ],
          [
            6.7970633,
            50.6156753
          ],
          [
            6.7974873,
            50.6156876
          ],
          [
            6.7977808,
            50.6157751
          ],
          [
            6.7979256,
            50.6158118
          ],
          [
            6.7981046,
            50.6158227
          ],
          [
            6.7985554,
            50.6158195
          ],
          [
            6.7987304,
            50.6158584
          ],
          [
            6.7987543,
            50.6158663
          ],
          [
            6.7989907,
            50.6159449
          ],
          [
            6.7991933,
            50.6160386
          ],
          [
            6.7993526,
            50.6161975
          ],
          [
            6.7994506,
            50.6163209
          ],
          [
            6.7994728,
            50.6163787
          ],
          [
            6.7994804,
            50.6164931
          ],
          [
            6.7993904,
            50.616609
          ],
          [
            6.7991251,
            50.6169268
          ],
          [
            6.799046,
            50.6170849
          ],
          [
            6.7990059,
            50.6172327
          ],
          [
            6.7989984,
            50.6173375
          ],
          [
            6.7989959,
            50.6175072
          ],
          [
            6.7990134,
            50.6177562
          ],
          [
            6.7990208,
            50.6180577
          ],
          [
            6.7991355,
            50.6183149
          ],
          [
            6.7992308,
            50.6185065
          ],
          [
            6.7992658,
            50.6185588
          ],
          [
            6.7993158,
            50.6185874
          ],
          [
            6.7993683,
            50.6186064
          ],
          [
            6.7994632,
            50.6186167
          ],
          [
            6.7995534,
            50.6186203
          ],
          [
            6.7996359,
            50.6186127
          ],
          [
            6.7997244,
            50.6186058
          ],
          [
            6.7997968,
            50.6185981
          ],
          [
            6.7998438,
            50.6186032
          ],
          [
            6.7999251,
            50.6186206
          ],
          [
            6.8000289,
            50.6186534
          ],
          [
            6.800172,
            50.6187003
          ],
          [
            6.8002427,
            50.6187339
          ],
          [
            6.8003077,
            50.6187827
          ],
          [
            6.8003798,
            50.6188387
          ],
          [
            6.800405,
            50.6188768
          ],
          [
            6.8004078,
            50.6189104
          ],
          [
            6.8003979,
            50.6189605
          ],
          [
            6.8003695,
            50.6190168
          ],
          [
            6.8003315,
            50.6190687
          ],
          [
            6.8002915,
            50.6191152
          ],
          [
            6.8002389,
            50.6191587
          ],
          [
            6.8001789,
            50.619197
          ],
          [
            6.8001066,
            50.6192295
          ],
          [
            6.8000005,
            50.6192573
          ],
          [
            6.7998786,
            50.6192901
          ],
          [
            6.7997579,
            50.6193197
          ],
          [
            6.7996692,
            50.619351
          ],
          [
            6.7995835,
            50.6194064
          ],
          [
            6.7995071,
            50.6194695
          ],
          [
            6.7994491,
            50.6195222
          ],
          [
            6.7994032,
            50.6195745
          ],
          [
            6.7993871,
            50.6196124
          ],
          [
            6.7993889,
            50.6196577
          ],
          [
            6.7993999,
            50.6197
          ],
          [
            6.7994939,
            50.6198897
          ],
          [
            6.7995869,
            50.6200778
          ],
          [
            6.7996631,
            50.6201967
          ],
          [
            6.799764,
            50.620326
          ],
          [
            6.7998095,
            50.620388
          ],
          [
            6.7998471,
            50.6204292
          ],
          [
            6.7998881,
            50.6204507
          ],
          [
            6.7999282,
            50.620462
          ],
          [
            6.7999926,
            50.6204709
          ],
          [
            6.8000416,
            50.6204718
          ],
          [
            6.8001203,
            50.620449
          ],
          [
            6.8002756,
            50.6204141
          ],
          [
            6.8004996,
            50.6203612
          ],
          [
            6.8006129,
            50.620345
          ],
          [
            6.8006989,
            50.6203386
          ],
          [
            6.8007812,
            50.6203403
          ],
          [
            6.8008525,
            50.6203471
          ],
          [
            6.8009535,
            50.6203616
          ],
          [
            6.8010797,
            50.6203875
          ],
          [
            6.8014799,
            50.6205028
          ],
          [
            6.8016123,
            50.6205518
          ],
          [
            6.8016952,
            50.6206072
          ]
        ]
      }
    },
    {
      "type": "Feature",
      "properties": {
        "name": "Erft",
        "type": "Fluss"
      },
      "geometry": {
        "type": "LineString",
        "coordinates": [
          [
            6.7638855,
            50.5714561
          ],
          [
            6.763797,
            50.5715092
          ]
        ]
      }
    },
    {
      "type": "Feature",
      "properties": {
        "name": "Erft",
        "type": "Fluss"
      },
      "geometry": {
        "type": "LineString",
        "coordinates": [
          [
            6.7690077,
            50.5798176
          ],
          [
            6.7691492,
            50.5800591
          ]
        ]
      }
    },
    {
      "type": "Feature",
      "properties": {
        "name": "Erft",
        "type": "Fluss"
      },
      "geometry": {
        "type": "LineString",
        "coordinates": [
          [
            6.763797,
            50.5715092
          ],
          [
            6.7637687,
            50.5715268
          ],
          [
            6.7636418,
            50.5715994
          ],
          [
            6.7635129,
            50.5716404
          ],
          [
            6.763264,
            50.5717185
          ],
          [
            6.7630436,
            50.5717404
          ],
          [
            6.7628428,
            50.5717842
          ],
          [
            6.7626666,
            50.5718289
          ],
          [
            6.7625281,
            50.5718553
          ],
          [
            6.7623838,
            50.5718976
          ],
          [
            6.7620715,
            50.572095
          ],
          [
            6.7620454,
            50.5721397
          ],
          [
            6.7619757,
            50.5722097
          ],
          [
            6.7618941,
            50.5723369
          ],
          [
            6.761721,
            50.5727087
          ],
          [
            6.7617112,
            50.5728919
          ],
          [
            6.7618782,
            50.5730258
          ],
          [
            6.7622509,
            50.5734182
          ],
          [
            6.7628531,
            50.5740166
          ],
          [
            6.76312,
            50.5743685
          ],
          [
            6.763431,
            50.5749033
          ],
          [
            6.7634766,
            50.5749655
          ],
          [
            6.763711,
            50.5752237
          ],
          [
            6.7638217,
            50.5753651
          ],
          [
            6.7640575,
            50.5755971
          ],
          [
            6.7641876,
            50.5757848
          ],
          [
            6.7642244,
            50.5758379
          ],
          [
            6.7642854,
            50.5759258
          ],
          [
            6.7643588,
            50.5760092
          ],
          [
            6.7644951,
            50.5761605
          ],
          [
            6.7645566,
            50.5762234
          ],
          [
            6.7646717,
            50.576284
          ],
          [
            6.764879,
            50.5764234
          ],
          [
            6.7651462,
            50.5765993
          ],
          [
            6.7653868,
            50.5767615
          ],
          [
            6.7655254,
            50.5768229
          ],
          [
            6.7660167,
            50.576989
          ],
          [
            6.7662156,
            50.5770522
          ],
          [
            6.7664933,
            50.5771603
          ],
          [
            6.766746,
            50.5772587
          ],
          [
            6.766894,
            50.5773071
          ],
          [
            6.7673403,
            50.5774683
          ],
          [
            6.7675094,
            50.5775314
          ],
          [
            6.7676606,
            50.5776218
          ],
          [
            6.7677834,
            50.5777511
          ],
          [
            6.7679169,
            50.5779657
          ],
          [
            6.7679292,
            50.5780491
          ],
          [
            6.7677665,
            50.5783215
          ],
          [
            6.7677366,
            50.5784279
          ],
          [
            6.7677992,
            50.5785468
          ],
          [
            6.7679059,
            50.5786412
          ],
          [
            6.7680038,
            50.5787038
          ],
          [
            6.7680814,
            50.5787565
          ],
          [
            6.7681473,
            50.5788191
          ],
          [
            6.7682713,
            50.5789487
          ],
          [
            6.7683444,
            50.5790473
          ],
          [
            6.7684104,
            50.5791361
          ],
          [
            6.7684509,
            50.5792992
          ],
          [
            6.7684723,
            50.5793722
          ],
          [
            6.7685182,
            50.5794593
          ],
          [
            6.7686879,
            50.5795977
          ],
          [
            6.7688227,
            50.5796639
          ],
          [
            6.7690077,
            50.5798176
          ]
        ]
      }
    },
    {
      "type": "Feature",
      "properties": {
        "name": "Erft",
        "type": "Fluss"
      },
      "geometry": {
        "type": "LineString",
        "coordinates": [
          [
            6.7811124,
            50.5274424
          ],
          [
            6.7810656,
            50.527545
          ],
          [
            6.7810757,
            50.5276134
          ],
          [
            6.7810757,
            50.5276522
          ],
          [
            6.7810716,
            50.5277033
          ],
          [
            6.7810519,
            50.5277569
          ],
          [
            6.7810384,
            50.5277978
          ],
          [
            6.7809893,
            50.527891
          ],
          [
            6.7798725,
            50.5286688
          ],
          [
            6.7797681,
            50.5287353
          ],
          [
            6.7796608,
            50.5287813
          ],
          [
            6.7795703,
            50.5288453
          ],
          [
            6.7794389,
            50.5289126
          ],
          [
            6.779296,
            50.5289484
          ],
          [
            6.779029,
            50.5289811
          ],
          [
            6.7787507,
            50.528963
          ],
          [
            6.778422,
            50.5289002
          ],
          [
            6.7781739,
            50.5289684
          ],
          [
            6.7778094,
            50.5294173
          ],
          [
            6.7771926,
            50.5299566
          ],
          [
            6.7769922,
            50.530025
          ],
          [
            6.7769727,
            50.5300716
          ],
          [
            6.7769508,
            50.5301241
          ],
          [
            6.7768195,
            50.5303551
          ],
          [
            6.7769093,
            50.5306254
          ],
          [
            6.776915,
            50.5307457
          ],
          [
            6.7768403,
            50.5308576
          ]
        ]
      }
    },
    {
      "type": "Feature",
      "properties": {
        "name": "Erft",
        "type": "Fluss"
      },
      "geometry": {
        "type": "LineString",
        "coordinates": [
          [
            6.8345419,
            50.7584226
          ],
          [
            6.8346549,
            50.7585709
          ],
          [
            6.8347701,
            50.7589577
          ],
          [
            6.8348476,
            50.7594997
          ],
          [
            6.8347784,
            50.7598439
          ],
          [
            6.8343078,
            50.7609727
          ],
          [
            6.834132,
            50.7615194
          ],
          [
            6.8337135,
            50.7624184
          ],
          [
            6.8336872,
            50.7626422
          ],
          [
            6.833924,
            50.7635091
          ],
          [
            6.8336941,
            50.7641282
          ],
          [
            6.8336158,
            50.7647071
          ],
          [
            6.8337041,
            50.765114
          ],
          [
            6.8338663,
            50.765552
          ],
          [
            6.8342721,
            50.7661379
          ],
          [
            6.8348864,
            50.7669286
          ],
          [
            6.8351895,
            50.767532
          ],
          [
            6.8353439,
            50.7683475
          ],
          [
            6.8352458,
            50.768843
          ],
          [
            6.8345408,
            50.770537
          ],
          [
            6.8339521,
            50.7714833
          ],
          [
            6.8330402,
            50.7728715
          ],
          [
            6.8323979,
            50.7740028
          ],
          [
            6.8323126,
            50.7742266
          ],
          [
            6.8323211,
            50.7744745
          ],
          [
            6.8325055,
            50.7749333
          ],
          [
            6.8325215,
            50.7751052
          ],
          [
            6.8324866,
            50.7752691
          ],
          [
            6.8322774,
            50.7755007
          ]
        ]
      }
    },
    {
      "type": "Feature",
      "properties": {
        "name": "Erft",
        "type": "Fluss"
      },
      "geometry": {
        "type": "LineString",
        "coordinates": [
          [
            6.8209942,
            50.727546
          ],
          [
            6.8210514,
            50.727639
          ]
        ]
      }
    },
    {
      "type": "Feature",
      "properties": {
        "name": "Erft",
        "type": "Fluss"
      },
      "geometry": {
        "type": "LineString",
        "coordinates": [
          [
            6.8210514,
            50.727639
          ],
          [
            6.8210927,
            50.7276934
          ]
        ]
      }
    },
    {
      "type": "Feature",
      "properties": {
        "name": "Erft",
        "type": "Fluss"
      },
      "geometry": {
        "type": "LineString",
        "coordinates": [
          [
            6.8212271,
            50.7278655
          ],
          [
            6.8212664,
            50.7279173
          ],
          [
            6.8214217,
            50.7280692
          ],
          [
            6.8215554,
            50.7282578
          ],
          [
            6.821977,
            50.7287728
          ],
          [
            6.822093,
            50.7290014
          ],
          [
            6.8221163,
            50.7292472
          ],
          [
            6.8220665,
            50.7294006
          ],
          [
            6.8218753,
            50.7296856
          ],
          [
            6.8218123,
            50.7298169
          ],
          [
            6.8217642,
            50.7299927
          ],
          [
            6.8218321,
            50.7302379
          ],
          [
            6.8220091,
            50.7304362
          ],
          [
            6.8223899,
            50.7306931
          ],
          [
            6.822689,
            50.7308969
          ],
          [
            6.8227894,
            50.7310521
          ],
          [
            6.8231098,
            50.7321687
          ],
          [
            6.8232593,
            50.7325734
          ],
          [
            6.8235025,
            50.7330782
          ],
          [
            6.823821,
            50.7335737
          ],
          [
            6.8242319,
            50.7340328
          ],
          [
            6.8246499,
            50.7344199
          ],
          [
            6.824847,
            50.7345724
          ],
          [
            6.8251789,
            50.7348265
          ],
          [
            6.8260848,
            50.7354162
          ],
          [
            6.8262233,
            50.7355949
          ],
          [
            6.8263092,
            50.7357809
          ],
          [
            6.8264969,
            50.7359886
          ],
          [
            6.8268221,
            50.7362096
          ],
          [
            6.827442,
            50.7364527
          ],
          [
            6.8277791,
            50.7366215
          ],
          [
            6.8280108,
            50.7368072
          ],
          [
            6.8283712,
            50.7371876
          ],
          [
            6.8288142,
            50.7375755
          ],
          [
            6.8302372,
            50.7385164
          ],
          [
            6.8307048,
            50.7389027
          ],
          [
            6.8308667,
            50.7390818
          ],
          [
            6.8309254,
            50.7392082
          ],
          [
            6.8309452,
            50.7393449
          ],
          [
            6.8309444,
            50.7394946
          ],
          [
            6.8309177,
            50.7396164
          ],
          [
            6.8307895,
            50.7398867
          ],
          [
            6.8307621,
            50.7399889
          ],
          [
            6.8307604,
            50.7400708
          ],
          [
            6.83079,
            50.740202
          ],
          [
            6.8309181,
            50.7404779
          ],
          [
            6.8313729,
            50.7410781
          ],
          [
            6.8318694,
            50.7418224
          ],
          [
            6.8321105,
            50.7426922
          ],
          [
            6.8322876,
            50.7431162
          ],
          [
            6.832557,
            50.743459
          ],
          [
            6.8325987,
            50.7435718
          ],
          [
            6.8326101,
            50.7436675
          ],
          [
            6.8325946,
            50.7438198
          ],
          [
            6.8325533,
            50.7439674
          ],
          [
            6.8324038,
            50.7441667
          ],
          [
            6.8318765,
            50.7445756
          ],
          [
            6.8317561,
            50.7446858
          ],
          [
            6.8314633,
            50.744983
          ],
          [
            6.831262,
            50.745304
          ],
          [
            6.8311863,
            50.7454676
          ],
          [
            6.8310178,
            50.745832
          ],
          [
            6.8310239,
            50.7464026
          ],
          [
            6.8311045,
            50.7467714
          ],
          [
            6.8312988,
            50.7471814
          ],
          [
            6.8316955,
            50.7476522
          ],
          [
            6.8318923,
            50.7478733
          ],
          [
            6.8320799,
            50.7480903
          ],
          [
            6.8321872,
            50.7482108
          ],
          [
            6.8322461,
            50.7483146
          ],
          [
            6.8323025,
            50.7484297
          ],
          [
            6.8323209,
            50.7485405
          ],
          [
            6.8322509,
            50.7488557
          ],
          [
            6.8322283,
            50.7490801
          ],
          [
            6.8322958,
            50.7498763
          ],
          [
            6.8323251,
            50.7503372
          ],
          [
            6.8322097,
            50.7506532
          ],
          [
            6.8319055,
            50.7511964
          ],
          [
            6.8317377,
            50.751555
          ],
          [
            6.8317192,
            50.7517223
          ],
          [
            6.8317793,
            50.7521139
          ],
          [
            6.8319894,
            50.7524086
          ],
          [
            6.8332329,
            50.7535228
          ],
          [
            6.8335505,
            50.7540041
          ],
          [
            6.8341267,
            50.7553963
          ],
          [
            6.8341462,
            50.7556046
          ],
          [
            6.8340946,
            50.7559129
          ],
          [
            6.8340245,
            50.7560729
          ],
          [
            6.8339219,
            50.7562163
          ],
          [
            6.833818,
            50.7563461
          ],
          [
            6.8334855,
            50.7566403
          ],
          [
            6.8334022,
            50.7567686
          ],
          [
            6.833361,
            50.7568877
          ],
          [
            6.8333405,
            50.7570061
          ],
          [
            6.8333685,
            50.757186
          ],
          [
            6.8334196,
            50.7573336
          ],
          [
            6.8335153,
            50.7574839
          ],
          [
            6.8338181,
            50.7577485
          ],
          [
            6.8341514,
            50.7580522
          ],
          [
            6.8344287,
            50.7582773
          ],
          [
            6.8345419,
            50.7584226
          ]
        ]
      }
    },
    {
      "type": "Feature",
      "properties": {
        "name": "Erft",
        "type": "Fluss"
      },
      "geometry": {
        "type": "LineString",
        "coordinates": [
          [
            6.8210927,
            50.7276934
          ],
          [
            6.8212271,
            50.7278655
          ]
        ]
      }
    },
    {
      "type": "Feature",
      "properties": {
        "name": "Erft",
        "type": "Fluss"
      },
      "geometry": {
        "type": "LineString",
        "coordinates": [
          [
            6.6888608,
            51.1607547
          ],
          [
            6.6888769,
            51.160891
          ],
          [
            6.6886757,
            51.1610626
          ],
          [
            6.6886155,
            51.16112
          ],
          [
            6.6884799,
            51.1612493
          ],
          [
            6.6882311,
            51.1614726
          ],
          [
            6.6881902,
            51.1615058
          ],
          [
            6.688114,
            51.1615865
          ],
          [
            6.6881079,
            51.1616789
          ],
          [
            6.6881638,
            51.1617901
          ],
          [
            6.6883375,
            51.1618847
          ],
          [
            6.6885889,
            51.1619478
          ],
          [
            6.688858,
            51.1619748
          ],
          [
            6.6893327,
            51.1619807
          ],
          [
            6.6894505,
            51.1619822
          ],
          [
            6.6904358,
            51.1619567
          ]
        ]
      }
    },
    {
      "type": "Feature",
      "properties": {
        "name": "Erft",
        "type": "Fluss"
      },
      "geometry": {
        "type": "LineString",
        "coordinates": [
          [
            6.7768403,
            50.5308576
          ],
          [
            6.7761778,
            50.5311819
          ]
        ]
      }
    },
    {
      "type": "Feature",
      "properties": {
        "name": "Erft",
        "type": "Fluss"
      },
      "geometry": {
        "type": "LineString",
        "coordinates": [
          [
            6.7761778,
            50.5311819
          ],
          [
            6.7759165,
            50.5312667
          ],
          [
            6.775249,
            50.5311494
          ],
          [
            6.7749048,
            50.5311695
          ],
          [
            6.7744768,
            50.5314263
          ],
          [
            6.7732719,
            50.5317693
          ],
          [
            6.7728689,
            50.5318297
          ],
          [
            6.772507,
            50.5317623
          ],
          [
            6.771932,
            50.5315219
          ],
          [
            6.7716142,
            50.5315131
          ],
          [
            6.7713526,
            50.5315731
          ],
          [
            6.771095,
            50.5316724
          ],
          [
            6.7709821,
            50.5317717
          ],
          [
            6.7707223,
            50.5325924
          ]
        ]
      }
    },
    {
      "type": "Feature",
      "properties": {
        "name": "Erft",
        "type": "Fluss"
      },
      "geometry": {
        "type": "LineString",
        "coordinates": [
          [
            6.7687574,
            50.5385539
          ],
          [
            6.7687751,
            50.5386228
          ]
        ]
      }
    },
    {
      "type": "Feature",
      "properties": {
        "name": "Erft",
        "type": "Fluss"
      },
      "geometry": {
        "type": "LineString",
        "coordinates": [
          [
            6.7687751,
            50.5386228
          ],
          [
            6.7688147,
            50.5388385
          ],
          [
            6.768601,
            50.539217
          ],
          [
            6.7683533,
            50.5395666
          ],
          [
            6.7679995,
            50.5399913
          ],
          [
            6.7678651,
            50.5403453
          ],
          [
            6.7677433,
            50.5411411
          ],
          [
            6.7678466,
            50.5415265
          ],
          [
            6.7668121,
            50.5421273
          ],
          [
            6.7664535,
            50.5422239
          ],
          [
            6.7663683,
            50.5426456
          ],
          [
            6.7655075,
            50.5433279
          ],
          [
            6.7652972,
            50.5437699
          ],
          [
            6.7653256,
            50.5439737
          ]
        ]
      }
    },
    {
      "type": "Feature",
      "properties": {
        "name": "Erft",
        "type": "Fluss"
      },
      "geometry": {
        "type": "LineString",
        "coordinates": [
          [
            6.8322774,
            50.7755007
          ],
          [
            6.8311577,
            50.7762586
          ],
          [
            6.8309891,
            50.7763469
          ],
          [
            6.8308488,
            50.7764259
          ],
          [
            6.8305513,
            50.7765443
          ],
          [
            6.8303776,
            50.7765911
          ],
          [
            6.8302104,
            50.776611
          ],
          [
            6.8297197,
            50.7766694
          ],
          [
            6.8294532,
            50.7767463
          ],
          [
            6.8292482,
            50.7768534
          ],
          [
            6.829071,
            50.7770092
          ],
          [
            6.8289595,
            50.7771587
          ],
          [
            6.8285201,
            50.7779423
          ],
          [
            6.8283521,
            50.778133
          ],
          [
            6.8281166,
            50.7783016
          ],
          [
            6.8279111,
            50.7784003
          ],
          [
            6.8276319,
            50.7784756
          ],
          [
            6.8264739,
            50.7787213
          ],
          [
            6.8260476,
            50.778861
          ],
          [
            6.8253531,
            50.7792641
          ],
          [
            6.8250975,
            50.7793857
          ],
          [
            6.8242578,
            50.7796566
          ],
          [
            6.8237926,
            50.7798767
          ],
          [
            6.8234811,
            50.7800796
          ],
          [
            6.8233191,
            50.7802599
          ],
          [
            6.8232367,
            50.7804428
          ],
          [
            6.8232046,
            50.7806697
          ],
          [
            6.8233124,
            50.781051
          ],
          [
            6.8232954,
            50.781288
          ],
          [
            6.8232204,
            50.7814772
          ],
          [
            6.8230673,
            50.7816515
          ],
          [
            6.8220593,
            50.7824974
          ],
          [
            6.8218239,
            50.782614
          ],
          [
            6.8208653,
            50.7829087
          ],
          [
            6.820564,
            50.7830835
          ],
          [
            6.8201503,
            50.783462
          ],
          [
            6.8200013,
            50.7836566
          ],
          [
            6.8198972,
            50.7840273
          ],
          [
            6.8197116,
            50.7842641
          ],
          [
            6.8188822,
            50.784854
          ],
          [
            6.8187284,
            50.7850508
          ],
          [
            6.8186599,
            50.7852398
          ],
          [
            6.8186646,
            50.7854366
          ],
          [
            6.818701,
            50.7856259
          ],
          [
            6.8186807,
            50.7858166
          ],
          [
            6.8185883,
            50.7860159
          ],
          [
            6.8182364,
            50.7864558
          ],
          [
            6.8181277,
            50.786719
          ],
          [
            6.8180953,
            50.7869604
          ],
          [
            6.8181174,
            50.7872061
          ],
          [
            6.8182345,
            50.7876179
          ],
          [
            6.8182363,
            50.7879256
          ],
          [
            6.8181709,
            50.7881754
          ],
          [
            6.8179668,
            50.7885587
          ],
          [
            6.8176783,
            50.7889009
          ],
          [
            6.8172843,
            50.7891508
          ],
          [
            6.8166951,
            50.7893753
          ],
          [
            6.8164909,
            50.7895128
          ],
          [
            6.8163416,
            50.7897046
          ],
          [
            6.8162157,
            50.7901222
          ],
          [
            6.8161057,
            50.7903216
          ],
          [
            6.8158949,
            50.7904872
          ],
          [
            6.8144882,
            50.7911821
          ],
          [
            6.8137238,
            50.791593
          ],
          [
            6.8130065,
            50.7920833
          ],
          [
            6.812689,
            50.7924136
          ],
          [
            6.8125529,
            50.7926281
          ],
          [
            6.8120935,
            50.7935065
          ],
          [
            6.8118919,
            50.7937517
          ],
          [
            6.8113283,
            50.7942335
          ],
          [
            6.8102009,
            50.7948826
          ],
          [
            6.8098767,
            50.7949989
          ],
          [
            6.8095633,
            50.795059
          ],
          [
            6.8088163,
            50.7951
          ],
          [
            6.8081553,
            50.7951857
          ],
          [
            6.8075416,
            50.7953494
          ],
          [
            6.8058689,
            50.7959855
          ],
          [
            6.8054259,
            50.7962274
          ],
          [
            6.8043458,
            50.7971201
          ],
          [
            6.8040648,
            50.7973957
          ],
          [
            6.8037612,
            50.7978019
          ],
          [
            6.8030545,
            50.7988848
          ],
          [
            6.8028816,
            50.7990836
          ],
          [
            6.8023982,
            50.79948
          ],
          [
            6.8021527,
            50.7997147
          ],
          [
            6.8020009,
            50.7999556
          ],
          [
            6.8019299,
            50.8001189
          ],
          [
            6.8018976,
            50.800274
          ],
          [
            6.8018621,
            50.8007864
          ],
          [
            6.8018491,
            50.8011151
          ],
          [
            6.801791,
            50.8013274
          ],
          [
            6.8016457,
            50.8016315
          ],
          [
            6.8014002,
            50.8020071
          ],
          [
            6.8005826,
            50.8040934
          ],
          [
            6.8001945,
            50.8057619
          ],
          [
            6.8000589,
            50.8060904
          ],
          [
            6.7998829,
            50.8063859
          ],
          [
            6.7975474,
            50.8093203
          ],
          [
            6.7973461,
            50.8094972
          ],
          [
            6.7971232,
            50.809613
          ],
          [
            6.7968117,
            50.8097228
          ],
          [
            6.7939728,
            50.8104972
          ],
          [
            6.7937044,
            50.8106025
          ],
          [
            6.7891192,
            50.8131622
          ],
          [
            6.788922,
            50.8133229
          ],
          [
            6.7887859,
            50.8135042
          ],
          [
            6.7887596,
            50.8137474
          ],
          [
            6.7887635,
            50.8139604
          ],
          [
            6.7888187,
            50.8141755
          ],
          [
            6.7890385,
            50.8146819
          ],
          [
            6.7891645,
            50.8149073
          ],
          [
            6.789304,
            50.8150124
          ],
          [
            6.7898805,
            50.8159654
          ],
          [
            6.7899358,
            50.8163338
          ],
          [
            6.7898986,
            50.8166484
          ],
          [
            6.7898067,
            50.8168949
          ],
          [
            6.7895855,
            50.8171875
          ],
          [
            6.7880051,
            50.8186783
          ],
          [
            6.787576,
            50.8190057
          ],
          [
            6.7871492,
            50.819222
          ],
          [
            6.7829734,
            50.8208679
          ],
          [
            6.7822181,
            50.8212878
          ],
          [
            6.7816003,
            50.8217248
          ],
          [
            6.7793204,
            50.8235985
          ],
          [
            6.7790186,
            50.8239984
          ],
          [
            6.7789088,
            50.8242997
          ],
          [
            6.7788636,
            50.8246602
          ],
          [
            6.779088,
            50.8265912
          ],
          [
            6.7792395,
            50.8277777
          ],
          [
            6.7791905,
            50.8281711
          ],
          [
            6.7790397,
            50.8285003
          ],
          [
            6.7778683,
            50.8302051
          ],
          [
            6.7775099,
            50.8305742
          ],
          [
            6.7770941,
            50.8308572
          ],
          [
            6.7764865,
            50.8311688
          ],
          [
            6.7718585,
            50.8330666
          ],
          [
            6.769668,
            50.8339494
          ],
          [
            6.7640458,
            50.8361123
          ],
          [
            6.7637803,
            50.8362578
          ],
          [
            6.7636026,
            50.8363891
          ],
          [
            6.7634622,
            50.836558
          ],
          [
            6.7633473,
            50.8367806
          ],
          [
            6.7622102,
            50.8407778
          ],
          [
            6.7621309,
            50.8409075
          ],
          [
            6.7610189,
            50.8420413
          ],
          [
            6.7607799,
            50.8422665
          ]
        ]
      }
    },
    {
      "type": "Feature",
      "properties": {
        "name": "Erft",
        "type": "Fluss"
      },
      "geometry": {
        "type": "LineString",
        "coordinates": [
          [
            6.7654461,
            50.558387
          ],
          [
            6.7655714,
            50.5586641
          ],
          [
            6.7657376,
            50.5589264
          ]
        ]
      }
    },
    {
      "type": "Feature",
      "properties": {
        "name": "Erft",
        "type": "Fluss"
      },
      "geometry": {
        "type": "LineString",
        "coordinates": [
          [
            6.7657376,
            50.5589264
          ],
          [
            6.7657801,
            50.5590259
          ],
          [
            6.7657682,
            50.5590877
          ],
          [
            6.7656906,
            50.5591992
          ],
          [
            6.7654685,
            50.5593632
          ],
          [
            6.7654052,
            50.5594221
          ],
          [
            6.7653392,
            50.5595236
          ],
          [
            6.7652968,
            50.559653
          ],
          [
            6.7651304,
            50.5599501
          ],
          [
            6.7650131,
            50.5601437
          ],
          [
            6.7649253,
            50.5602637
          ],
          [
            6.76461,
            50.5606477
          ],
          [
            6.7642926,
            50.5610058
          ],
          [
            6.7637511,
            50.5616283
          ],
          [
            6.7636549,
            50.5618237
          ],
          [
            6.7635979,
            50.5620454
          ],
          [
            6.7635914,
            50.5621135
          ],
          [
            6.7636347,
            50.5621629
          ],
          [
            6.7637544,
            50.5622545
          ],
          [
            6.7640101,
            50.5624202
          ],
          [
            6.7643604,
            50.5626524
          ],
          [
            6.7644956,
            50.5627717
          ],
          [
            6.7645612,
            50.5628561
          ],
          [
            6.7645781,
            50.5629193
          ],
          [
            6.764578,
            50.5629888
          ],
          [
            6.7645515,
            50.5630744
          ],
          [
            6.7644403,
            50.5634387
          ],
          [
            6.7644367,
            50.5635827
          ],
          [
            6.7645072,
            50.5640971
          ],
          [
            6.7644953,
            50.5641587
          ],
          [
            6.7645223,
            50.5642585
          ],
          [
            6.7645479,
            50.5643074
          ],
          [
            6.7646097,
            50.5643978
          ],
          [
            6.7648679,
            50.5646146
          ],
          [
            6.7649568,
            50.5646989
          ],
          [
            6.7651541,
            50.5648071
          ],
          [
            6.7652879,
            50.5650443
          ],
          [
            6.7652809,
            50.5656611
          ],
          [
            6.7653778,
            50.5659556
          ],
          [
            6.7655149,
            50.5662894
          ],
          [
            6.7654751,
            50.5668151
          ],
          [
            6.7653674,
            50.5669924
          ],
          [
            6.765179,
            50.5673025
          ],
          [
            6.7647544,
            50.5678271
          ],
          [
            6.7644859,
            50.5684843
          ]
        ]
      }
    },
    {
      "type": "Feature",
      "properties": {
        "name": "Erft",
        "type": "Fluss"
      },
      "geometry": {
        "type": "LineString",
        "coordinates": [
          [
            6.7656128,
            50.55628
          ],
          [
            6.7657493,
            50.5563947
          ],
          [
            6.7658183,
            50.5564502
          ],
          [
            6.7659682,
            50.5565431
          ],
          [
            6.7659665,
            50.5566286
          ],
          [
            6.7660421,
            50.5570593
          ],
          [
            6.7660159,
            50.5572248
          ],
          [
            6.765906,
            50.5572952
          ],
          [
            6.7658484,
            50.5573612
          ],
          [
            6.765556,
            50.5579138
          ],
          [
            6.7654763,
            50.5580976
          ],
          [
            6.7654568,
            50.5581818
          ],
          [
            6.7654461,
            50.558387
          ]
        ]
      }
    },
    {
      "type": "Feature",
      "properties": {
        "name": "Erft",
        "type": "Fluss"
      },
      "geometry": {
        "type": "LineString",
        "coordinates": [
          [
            6.7655568,
            50.5562592
          ],
          [
            6.7655852,
            50.5562681
          ],
          [
            6.7656128,
            50.55628
          ]
        ]
      }
    },
    {
      "type": "Feature",
      "properties": {
        "name": "Erft",
        "type": "Fluss"
      },
      "geometry": {
        "type": "LineString",
        "coordinates": [
          [
            6.7695322,
            50.5334632
          ],
          [
            6.7692739,
            50.533947
          ],
          [
            6.7692447,
            50.534248
          ],
          [
            6.7692616,
            50.5344797
          ],
          [
            6.769246,
            50.5346852
          ],
          [
            6.7691393,
            50.5349648
          ],
          [
            6.7688882,
            50.5354637
          ],
          [
            6.7686737,
            50.5359154
          ],
          [
            6.7685573,
            50.5360634
          ],
          [
            6.7684303,
            50.5362413
          ],
          [
            6.7683731,
            50.5363497
          ],
          [
            6.7683036,
            50.5364841
          ],
          [
            6.7680519,
            50.5367493
          ],
          [
            6.7678966,
            50.5368907
          ],
          [
            6.7678691,
            50.5371269
          ],
          [
            6.7678343,
            50.5372752
          ],
          [
            6.7678821,
            50.5373429
          ],
          [
            6.7680224,
            50.5375654
          ],
          [
            6.7682859,
            50.5377408
          ],
          [
            6.7685453,
            50.5379967
          ],
          [
            6.7687574,
            50.5385539
          ]
        ]
      }
    },
    {
      "type": "Feature",
      "properties": {
        "name": "Erft",
        "type": "Fluss"
      },
      "geometry": {
        "type": "LineString",
        "coordinates": [
          [
            6.7697557,
            50.5331763
          ],
          [
            6.7696217,
            50.5333306
          ],
          [
            6.7695322,
            50.5334632
          ]
        ]
      }
    },
    {
      "type": "Feature",
      "properties": {
        "name": "Erft",
        "type": "Fluss"
      },
      "geometry": {
        "type": "LineString",
        "coordinates": [
          [
            6.7614325,
            50.5532262
          ],
          [
            6.7615755,
            50.5533713
          ],
          [
            6.7616425,
            50.5534018
          ],
          [
            6.7617242,
            50.5534236
          ],
          [
            6.7617885,
            50.5534475
          ],
          [
            6.7620307,
            50.553544
          ],
          [
            6.7622722,
            50.5535661
          ],
          [
            6.762564,
            50.5535675
          ],
          [
            6.7626882,
            50.5535805
          ],
          [
            6.7628039,
            50.5535956
          ],
          [
            6.7630604,
            50.5536281
          ],
          [
            6.7632465,
            50.5536774
          ],
          [
            6.7635065,
            50.553761
          ],
          [
            6.7636696,
            50.5538326
          ],
          [
            6.7637465,
            50.5539766
          ],
          [
            6.7638567,
            50.5543898
          ],
          [
            6.763927,
            50.5544949
          ],
          [
            6.7640361,
            50.5546534
          ],
          [
            6.7640648,
            50.5546887
          ],
          [
            6.7641565,
            50.5547676
          ],
          [
            6.7642025,
            50.5548083
          ],
          [
            6.7642628,
            50.554844
          ],
          [
            6.7643871,
            50.5549109
          ],
          [
            6.7648187,
            50.5550971
          ],
          [
            6.7649917,
            50.5551807
          ],
          [
            6.7650854,
            50.5552469
          ],
          [
            6.7651436,
            50.5552995
          ],
          [
            6.7651665,
            50.5553379
          ],
          [
            6.7651786,
            50.5553844
          ],
          [
            6.7651839,
            50.5555435
          ],
          [
            6.7651772,
            50.5558856
          ],
          [
            6.7651993,
            50.5560304
          ],
          [
            6.7652298,
            50.5560778
          ],
          [
            6.7652608,
            50.5561088
          ],
          [
            6.7653066,
            50.5561477
          ],
          [
            6.7654262,
            50.5562105
          ],
          [
            6.7655568,
            50.5562592
          ]
        ]
      }
    },
    {
      "type": "Feature",
      "properties": {
        "name": "Erft",
        "type": "Fluss"
      },
      "geometry": {
        "type": "LineString",
        "coordinates": [
          [
            6.5640734,
            51.0517828
          ],
          [
            6.5651847,
            51.0514438
          ]
        ]
      }
    },
    {
      "type": "Feature",
      "properties": {
        "name": "Erft",
        "type": "Fluss"
      },
      "geometry": {
        "type": "LineString",
        "coordinates": [
          [
            6.5651847,
            51.0514438
          ],
          [
            6.5653038,
            51.0513931
          ],
          [
            6.5654281,
            51.0512188
          ],
          [
            6.5657575,
            51.0511072
          ],
          [
            6.5663584,
            51.0509251
          ],
          [
            6.5668841,
            51.0508644
          ],
          [
            6.5675493,
            51.050952
          ],
          [
            6.567902,
            51.0509889
          ]
        ]
      }
    },
    {
      "type": "Feature",
      "properties": {
        "name": "Erft",
        "type": "Fluss"
      },
      "geometry": {
        "type": "LineString",
        "coordinates": [
          [
            6.7701234,
            50.5329036
          ],
          [
            6.7697888,
            50.5331361
          ],
          [
            6.7697557,
            50.5331763
          ]
        ]
      }
    },
    {
      "type": "Feature",
      "properties": {
        "name": "Erft",
        "type": "Fluss"
      },
      "geometry": {
        "type": "LineString",
        "coordinates": [
          [
            6.7707223,
            50.5325924
          ],
          [
            6.7701234,
            50.5329036
          ]
        ]
      }
    },
    {
      "type": "Feature",
      "properties": {
        "name": "Erft",
        "type": "Fluss"
      },
      "geometry": {
        "type": "LineString",
        "coordinates": [
          [
            6.8028804,
            50.6640532
          ],
          [
            6.80278,
            50.6641483
          ],
          [
            6.8027338,
            50.6642012
          ],
          [
            6.802719,
            50.6642476
          ],
          [
            6.8027223,
            50.6642868
          ],
          [
            6.8027413,
            50.6643169
          ],
          [
            6.802778,
            50.6643428
          ],
          [
            6.8028414,
            50.6643551
          ],
          [
            6.8029186,
            50.6643523
          ],
          [
            6.8030203,
            50.6643396
          ],
          [
            6.8030849,
            50.664325
          ],
          [
            6.8031895,
            50.6642984
          ],
          [
            6.8032563,
            50.6642911
          ],
          [
            6.8033165,
            50.6642957
          ],
          [
            6.8033741,
            50.6643125
          ],
          [
            6.8034235,
            50.6643385
          ],
          [
            6.8034664,
            50.664373
          ],
          [
            6.8034903,
            50.6644174
          ],
          [
            6.8034941,
            50.6644604
          ],
          [
            6.8034805,
            50.6645028
          ],
          [
            6.8034524,
            50.6645355
          ],
          [
            6.8034194,
            50.6645556
          ],
          [
            6.8033892,
            50.6645654
          ],
          [
            6.8033489,
            50.6645702
          ],
          [
            6.8032676,
            50.6645689
          ],
          [
            6.8031415,
            50.6645626
          ],
          [
            6.8030548,
            50.664559
          ],
          [
            6.8029813,
            50.6645674
          ],
          [
            6.8029514,
            50.6645742
          ],
          [
            6.8029078,
            50.6645841
          ],
          [
            6.8028352,
            50.6646229
          ],
          [
            6.8027164,
            50.6647221
          ],
          [
            6.8025731,
            50.6648422
          ],
          [
            6.8024487,
            50.6649193
          ],
          [
            6.8023168,
            50.6649796
          ],
          [
            6.8022638,
            50.6649976
          ],
          [
            6.8021945,
            50.6650148
          ],
          [
            6.8020601,
            50.6650451
          ],
          [
            6.8019456,
            50.6650648
          ],
          [
            6.8018527,
            50.665073
          ],
          [
            6.8017902,
            50.6650806
          ],
          [
            6.8017361,
            50.6651099
          ],
          [
            6.8015222,
            50.66527
          ],
          [
            6.8014006,
            50.6653626
          ],
          [
            6.8013596,
            50.6654074
          ],
          [
            6.8013432,
            50.6654541
          ],
          [
            6.8013636,
            50.665492
          ],
          [
            6.8013893,
            50.6655187
          ],
          [
            6.8014344,
            50.6655514
          ],
          [
            6.8015391,
            50.6655998
          ],
          [
            6.8016296,
            50.6656554
          ],
          [
            6.8016626,
            50.66569
          ],
          [
            6.8016805,
            50.66573
          ],
          [
            6.8016739,
            50.6657707
          ],
          [
            6.8016513,
            50.6658023
          ],
          [
            6.8016136,
            50.6658286
          ],
          [
            6.8015825,
            50.6658406
          ],
          [
            6.8015363,
            50.6658483
          ],
          [
            6.8014816,
            50.6658471
          ],
          [
            6.8013647,
            50.6658346
          ],
          [
            6.8012733,
            50.6658274
          ],
          [
            6.8012328,
            50.6658328
          ],
          [
            6.8011951,
            50.6658489
          ],
          [
            6.8011715,
            50.665877
          ],
          [
            6.801164,
            50.6659111
          ],
          [
            6.8011715,
            50.6659469
          ],
          [
            6.8011667,
            50.6659805
          ],
          [
            6.8011434,
            50.6660255
          ],
          [
            6.8011135,
            50.6660473
          ],
          [
            6.8010465,
            50.6660741
          ],
          [
            6.8009948,
            50.66608
          ],
          [
            6.8009331,
            50.6660719
          ],
          [
            6.800846,
            50.6660862
          ],
          [
            6.8008063,
            50.6661003
          ],
          [
            6.8007779,
            50.666114
          ],
          [
            6.8007628,
            50.6661369
          ],
          [
            6.8007194,
            50.6661659
          ],
          [
            6.8006942,
            50.6661768
          ],
          [
            6.8006455,
            50.6661915
          ],
          [
            6.8005993,
            50.6661961
          ],
          [
            6.8005513,
            50.6661832
          ],
          [
            6.8005216,
            50.6661587
          ],
          [
            6.8004952,
            50.6661226
          ],
          [
            6.8004749,
            50.6660715
          ],
          [
            6.800447,
            50.6660332
          ],
          [
            6.8004168,
            50.6660147
          ],
          [
            6.8003829,
            50.6660119
          ],
          [
            6.80035,
            50.6660138
          ],
          [
            6.8003127,
            50.6660171
          ],
          [
            6.800269,
            50.666031
          ],
          [
            6.8002369,
            50.6660509
          ],
          [
            6.8002115,
            50.6660742
          ],
          [
            6.8001827,
            50.6661124
          ],
          [
            6.8001653,
            50.6661539
          ],
          [
            6.8001592,
            50.6661889
          ],
          [
            6.8001672,
            50.6662241
          ],
          [
            6.800187,
            50.6662451
          ],
          [
            6.8002167,
            50.6662603
          ],
          [
            6.8002577,
            50.6662684
          ],
          [
            6.800326,
            50.6662767
          ],
          [
            6.8004205,
            50.6662904
          ],
          [
            6.8004952,
            50.6663047
          ],
          [
            6.8005402,
            50.6663152
          ],
          [
            6.800564,
            50.6663286
          ],
          [
            6.8005716,
            50.6663582
          ],
          [
            6.8005561,
            50.6663887
          ],
          [
            6.8005343,
            50.6664206
          ],
          [
            6.8005069,
            50.6664452
          ],
          [
            6.8004767,
            50.6664679
          ],
          [
            6.8004329,
            50.666481
          ],
          [
            6.8003942,
            50.6664851
          ],
          [
            6.800352,
            50.6664866
          ],
          [
            6.8003073,
            50.6664859
          ],
          [
            6.8002626,
            50.6664876
          ],
          [
            6.8002204,
            50.6665015
          ],
          [
            6.800182,
            50.6665286
          ],
          [
            6.8001556,
            50.6665701
          ],
          [
            6.8001165,
            50.6666275
          ],
          [
            6.8000732,
            50.6666598
          ],
          [
            6.8000136,
            50.6666832
          ],
          [
            6.7999683,
            50.6666958
          ],
          [
            6.7999289,
            50.6666989
          ],
          [
            6.7998948,
            50.6666916
          ],
          [
            6.7998731,
            50.6666779
          ],
          [
            6.7998556,
            50.6666564
          ],
          [
            6.79985,
            50.666625
          ],
          [
            6.7998556,
            50.666591
          ],
          [
            6.7998651,
            50.6665426
          ],
          [
            6.7998509,
            50.6665247
          ],
          [
            6.7998293,
            50.6665091
          ],
          [
            6.7998062,
            50.6665034
          ],
          [
            6.7997647,
            50.6664972
          ],
          [
            6.7996601,
            50.6664999
          ],
          [
            6.7995408,
            50.6665187
          ],
          [
            6.7994532,
            50.6665444
          ],
          [
            6.7993867,
            50.6665716
          ],
          [
            6.7993203,
            50.6666077
          ],
          [
            6.7991817,
            50.6666913
          ],
          [
            6.7991403,
            50.666717
          ],
          [
            6.7988393,
            50.6669063
          ],
          [
            6.7987165,
            50.6669972
          ],
          [
            6.7983593,
            50.6672886
          ],
          [
            6.7983001,
            50.6673458
          ],
          [
            6.7982757,
            50.6673772
          ],
          [
            6.798256,
            50.6674072
          ],
          [
            6.7982469,
            50.667443
          ],
          [
            6.7982444,
            50.6674846
          ],
          [
            6.7982606,
            50.66754
          ],
          [
            6.7982866,
            50.6675816
          ],
          [
            6.7983051,
            50.667644
          ],
          [
            6.7982781,
            50.6676697
          ],
          [
            6.798258,
            50.6676854
          ],
          [
            6.7982343,
            50.6676914
          ],
          [
            6.7981996,
            50.6676918
          ],
          [
            6.7981486,
            50.6676895
          ],
          [
            6.798098,
            50.6676821
          ],
          [
            6.7980147,
            50.6676716
          ],
          [
            6.7979591,
            50.6676927
          ],
          [
            6.7979342,
            50.6677261
          ],
          [
            6.7979351,
            50.6677617
          ],
          [
            6.7979428,
            50.6677972
          ],
          [
            6.7979657,
            50.6678303
          ],
          [
            6.7980054,
            50.6678497
          ],
          [
            6.7980715,
            50.6678641
          ],
          [
            6.7981335,
            50.6678737
          ],
          [
            6.7981529,
            50.6678937
          ],
          [
            6.7981637,
            50.6679242
          ],
          [
            6.798145,
            50.667963
          ],
          [
            6.79809,
            50.6680263
          ],
          [
            6.7980462,
            50.6680922
          ],
          [
            6.7979672,
            50.6681494
          ],
          [
            6.7979408,
            50.6681769
          ],
          [
            6.7979211,
            50.6681889
          ],
          [
            6.7979064,
            50.6682047
          ],
          [
            6.7978896,
            50.6682212
          ],
          [
            6.7978645,
            50.6682402
          ],
          [
            6.7978303,
            50.6682609
          ],
          [
            6.7977926,
            50.6682746
          ],
          [
            6.797752,
            50.6682869
          ],
          [
            6.7977062,
            50.6682832
          ],
          [
            6.7976654,
            50.6682633
          ],
          [
            6.7976487,
            50.6682436
          ],
          [
            6.7976407,
            50.6681956
          ],
          [
            6.7976476,
            50.6680938
          ],
          [
            6.7976231,
            50.6680368
          ],
          [
            6.797582,
            50.6680103
          ],
          [
            6.7974788,
            50.6680079
          ],
          [
            6.7974122,
            50.6680224
          ],
          [
            6.7973773,
            50.6680516
          ],
          [
            6.7973653,
            50.6681138
          ],
          [
            6.7973701,
            50.6681903
          ]
        ]
      }
    },
    {
      "type": "Feature",
      "properties": {
        "name": "Erft",
        "type": "Fluss"
      },
      "geometry": {
        "type": "LineString",
        "coordinates": [
          [
            6.8029514,
            50.6645742
          ],
          [
            6.8029586,
            50.6646503
          ],
          [
            6.8029328,
            50.664712
          ],
          [
            6.8028598,
            50.6647955
          ],
          [
            6.8027954,
            50.6648608
          ],
          [
            6.8027382,
            50.6649397
          ],
          [
            6.8026924,
            50.6649778
          ],
          [
            6.8026122,
            50.6649869
          ],
          [
            6.8024119,
            50.6649887
          ],
          [
            6.8022638,
            50.6649976
          ]
        ]
      }
    },
    {
      "type": "Feature",
      "properties": {
        "name": "Erft",
        "type": "Fluss"
      },
      "geometry": {
        "type": "LineString",
        "coordinates": [
          [
            6.7067261,
            51.1705145
          ],
          [
            6.7080475,
            51.1707
          ],
          [
            6.7087755,
            51.1707827
          ],
          [
            6.7092615,
            51.1708379
          ],
          [
            6.7095048,
            51.170844
          ],
          [
            6.7097508,
            51.1708273
          ],
          [
            6.7099894,
            51.1707754
          ],
          [
            6.7102223,
            51.1707093
          ],
          [
            6.710707,
            51.1705202
          ],
          [
            6.7111049,
            51.1704084
          ],
          [
            6.7115395,
            51.170328
          ],
          [
            6.7118654,
            51.1703392
          ],
          [
            6.7121637,
            51.1704157
          ],
          [
            6.7126625,
            51.1707291
          ],
          [
            6.713041,
            51.1710612
          ],
          [
            6.7132841,
            51.1712491
          ],
          [
            6.7137327,
            51.1714789
          ],
          [
            6.7137969,
            51.1715034
          ],
          [
            6.7140098,
            51.1715846
          ],
          [
            6.7145765,
            51.1717624
          ],
          [
            6.7151558,
            51.1719217
          ],
          [
            6.7155336,
            51.1719838
          ],
          [
            6.7158125,
            51.1720314
          ],
          [
            6.7159368,
            51.1720701
          ],
          [
            6.7159841,
            51.1721121
          ],
          [
            6.7159887,
            51.1723137
          ],
          [
            6.7160476,
            51.1723979
          ],
          [
            6.7161054,
            51.1724729
          ],
          [
            6.7162942,
            51.172721
          ],
          [
            6.7165887,
            51.1732227
          ],
          [
            6.7167823,
            51.1736996
          ],
          [
            6.7168167,
            51.1740064
          ],
          [
            6.716839,
            51.1742435
          ],
          [
            6.7169321,
            51.1743836
          ],
          [
            6.71705,
            51.1745009
          ],
          [
            6.717279,
            51.1746555
          ],
          [
            6.7178019,
            51.1749766
          ],
          [
            6.7179915,
            51.1750545
          ],
          [
            6.7181184,
            51.1750887
          ],
          [
            6.7182317,
            51.1751002
          ],
          [
            6.7183729,
            51.1750978
          ],
          [
            6.7185001,
            51.1750746
          ],
          [
            6.718707,
            51.1750302
          ],
          [
            6.7190763,
            51.1749175
          ],
          [
            6.7192985,
            51.17483
          ],
          [
            6.7193833,
            51.1747852
          ],
          [
            6.7194514,
            51.1747378
          ],
          [
            6.7195528,
            51.1746342
          ]
        ]
      }
    },
    {
      "type": "Feature",
      "properties": {
        "name": "Erft",
        "type": "Fluss"
      },
      "geometry": {
        "type": "LineString",
        "coordinates": [
          [
            6.7314226,
            51.177635
          ],
          [
            6.7314882,
            51.1776641
          ],
          [
            6.7316825,
            51.1777674
          ],
          [
            6.7318216,
            51.1778894
          ],
          [
            6.7318939,
            51.178026
          ],
          [
            6.7319085,
            51.178251
          ],
          [
            6.731894,
            51.1784182
          ],
          [
            6.7317611,
            51.1789242
          ],
          [
            6.7316915,
            51.179169
          ],
          [
            6.7315316,
            51.179613
          ],
          [
            6.7314299,
            51.1798701
          ],
          [
            6.7313642,
            51.1801046
          ],
          [
            6.7313599,
            51.1803129
          ],
          [
            6.7313852,
            51.180518
          ],
          [
            6.7314418,
            51.1806507
          ],
          [
            6.7315911,
            51.180822
          ],
          [
            6.7319568,
            51.1811765
          ],
          [
            6.732051,
            51.1813103
          ],
          [
            6.7320387,
            51.1814074
          ],
          [
            6.7319532,
            51.1814992
          ],
          [
            6.7317977,
            51.1816174
          ],
          [
            6.7314404,
            51.1818438
          ],
          [
            6.7311201,
            51.1820014
          ],
          [
            6.7308605,
            51.182107
          ],
          [
            6.7307629,
            51.1821719
          ],
          [
            6.7307355,
            51.1822213
          ],
          [
            6.7307213,
            51.1822604
          ],
          [
            6.7306947,
            51.1823534
          ],
          [
            6.7307148,
            51.1824281
          ],
          [
            6.7307742,
            51.182524
          ],
          [
            6.7310646,
            51.1828146
          ],
          [
            6.7312788,
            51.1831086
          ],
          [
            6.7313551,
            51.1832441
          ],
          [
            6.7314035,
            51.1833625
          ],
          [
            6.7314142,
            51.1838374
          ],
          [
            6.7314305,
            51.1839799
          ],
          [
            6.7314945,
            51.184108
          ],
          [
            6.7317363,
            51.184329
          ],
          [
            6.7330798,
            51.1861732
          ]
        ]
      }
    },
    {
      "type": "Feature",
      "properties": {
        "name": "Erft",
        "type": "Fluss"
      },
      "geometry": {
        "type": "LineString",
        "coordinates": [
          [
            6.8109914,
            50.6504485
          ],
          [
            6.8110279,
            50.6505187
          ],
          [
            6.8110929,
            50.6506697
          ],
          [
            6.8111533,
            50.650827
          ],
          [
            6.8111989,
            50.6509069
          ],
          [
            6.8112633,
            50.6509868
          ],
          [
            6.8112887,
            50.6510344
          ],
          [
            6.8112874,
            50.6511178
          ],
          [
            6.8112954,
            50.6512326
          ],
          [
            6.8112861,
            50.6513227
          ],
          [
            6.8112767,
            50.6514094
          ],
          [
            6.8113102,
            50.6514545
          ],
          [
            6.8113987,
            50.6515166
          ],
          [
            6.8114819,
            50.6515897
          ],
          [
            6.8115221,
            50.651645
          ],
          [
            6.8115395,
            50.6516943
          ],
          [
            6.8115395,
            50.6517513
          ],
          [
            6.8115368,
            50.6518882
          ],
          [
            6.8115516,
            50.6519995
          ],
          [
            6.8116012,
            50.6522555
          ],
          [
            6.8116254,
            50.6524519
          ],
          [
            6.811616,
            50.6525948
          ],
          [
            6.8115972,
            50.6527359
          ],
          [
            6.8115959,
            50.6528456
          ],
          [
            6.8116079,
            50.6529774
          ],
          [
            6.8115811,
            50.6531389
          ],
          [
            6.8115368,
            50.6532342
          ],
          [
            6.8114577,
            50.6533421
          ],
          [
            6.8113679,
            50.6534433
          ],
          [
            6.8113075,
            50.6534773
          ],
          [
            6.8112445,
            50.653496
          ],
          [
            6.811156,
            50.6535275
          ],
          [
            6.8110473,
            50.6535811
          ],
          [
            6.8109655,
            50.6536414
          ],
          [
            6.8108891,
            50.6536882
          ],
          [
            6.8107215,
            50.6537618
          ],
          [
            6.8105129,
            50.6538901
          ]
        ]
      }
    },
    {
      "type": "Feature",
      "properties": {
        "name": "Erft",
        "type": "Fluss"
      },
      "geometry": {
        "type": "LineString",
        "coordinates": [
          [
            6.8105129,
            50.6538901
          ],
          [
            6.8103755,
            50.6539841
          ],
          [
            6.8102749,
            50.6540582
          ],
          [
            6.8101649,
            50.6541622
          ],
          [
            6.8100838,
            50.6542507
          ],
          [
            6.8100147,
            50.6543591
          ],
          [
            6.8099624,
            50.6544641
          ],
          [
            6.8099109,
            50.6545707
          ],
          [
            6.8098877,
            50.6546101
          ],
          [
            6.8098115,
            50.6547281
          ],
          [
            6.8097103,
            50.6548386
          ],
          [
            6.809546,
            50.6549908
          ],
          [
            6.8094199,
            50.6551018
          ],
          [
            6.8093656,
            50.6551477
          ],
          [
            6.8093026,
            50.6551834
          ],
          [
            6.809232,
            50.6552391
          ],
          [
            6.8090585,
            50.6553696
          ],
          [
            6.8088406,
            50.6555328
          ],
          [
            6.8087125,
            50.6556353
          ],
          [
            6.8086206,
            50.6557155
          ],
          [
            6.8084677,
            50.6558224
          ],
          [
            6.8082967,
            50.6559253
          ],
          [
            6.8082096,
            50.6559541
          ],
          [
            6.8081217,
            50.6559979
          ],
          [
            6.8080478,
            50.656052
          ],
          [
            6.8079756,
            50.6561412
          ],
          [
            6.8079454,
            50.6562351
          ],
          [
            6.8078809,
            50.656314
          ],
          [
            6.8078066,
            50.6563924
          ],
          [
            6.8075504,
            50.6565688
          ],
          [
            6.807428,
            50.6566869
          ],
          [
            6.8073533,
            50.6567716
          ],
          [
            6.8072441,
            50.6569174
          ],
          [
            6.80714,
            50.657062
          ],
          [
            6.8070844,
            50.657166
          ],
          [
            6.807024,
            50.6572439
          ],
          [
            6.8069213,
            50.6573538
          ],
          [
            6.8068182,
            50.6574484
          ],
          [
            6.8067303,
            50.6575164
          ],
          [
            6.8066606,
            50.6575589
          ],
          [
            6.8065849,
            50.6575997
          ],
          [
            6.8065097,
            50.6576333
          ],
          [
            6.8063555,
            50.6576839
          ],
          [
            6.8062864,
            50.6577082
          ],
          [
            6.8062222,
            50.6577399
          ],
          [
            6.8061315,
            50.6577968
          ],
          [
            6.8057455,
            50.6581384
          ],
          [
            6.8056447,
            50.6582697
          ],
          [
            6.8055636,
            50.658433
          ],
          [
            6.8055247,
            50.6586106
          ],
          [
            6.8055048,
            50.6591798
          ],
          [
            6.8054641,
            50.6596508
          ],
          [
            6.8054454,
            50.6599069
          ],
          [
            6.8054429,
            50.6600172
          ],
          [
            6.8054353,
            50.6600695
          ],
          [
            6.805416,
            50.660145
          ],
          [
            6.8053009,
            50.6603474
          ],
          [
            6.8051385,
            50.6606813
          ],
          [
            6.805099,
            50.6607762
          ],
          [
            6.8050327,
            50.6609351
          ],
          [
            6.8049956,
            50.6610335
          ],
          [
            6.8049236,
            50.6612807
          ],
          [
            6.8048666,
            50.6614597
          ],
          [
            6.8047743,
            50.6617213
          ],
          [
            6.8047066,
            50.6618798
          ],
          [
            6.8046333,
            50.6620272
          ],
          [
            6.8045537,
            50.662202
          ],
          [
            6.8044825,
            50.6623361
          ],
          [
            6.8044246,
            50.6624283
          ],
          [
            6.804366,
            50.6625183
          ],
          [
            6.8043052,
            50.6626044
          ],
          [
            6.8042171,
            50.6627176
          ],
          [
            6.8041302,
            50.6628208
          ],
          [
            6.803963,
            50.6629811
          ],
          [
            6.8037628,
            50.6631722
          ],
          [
            6.8033699,
            50.6635645
          ],
          [
            6.8028804,
            50.6640532
          ]
        ]
      }
    },
    {
      "type": "Feature",
      "properties": {
        "name": "Erft",
        "type": "Fluss"
      },
      "geometry": {
        "type": "LineString",
        "coordinates": [
          [
            6.8093156,
            50.6483424
          ],
          [
            6.8093723,
            50.6484179
          ],
          [
            6.8094662,
            50.6485489
          ],
          [
            6.8095728,
            50.6487483
          ],
          [
            6.8096606,
            50.6488997
          ],
          [
            6.8096969,
            50.6489805
          ],
          [
            6.8097243,
            50.6490702
          ],
          [
            6.8097337,
            50.6491382
          ],
          [
            6.8097465,
            50.6492016
          ],
          [
            6.809772,
            50.6492526
          ],
          [
            6.8098102,
            50.649301
          ],
          [
            6.809896,
            50.649392
          ]
        ]
      }
    },
    {
      "type": "Feature",
      "properties": {
        "name": "Erft",
        "type": "Fluss"
      },
      "geometry": {
        "type": "LineString",
        "coordinates": [
          [
            6.809896,
            50.649392
          ],
          [
            6.8099423,
            50.6494406
          ],
          [
            6.8100206,
            50.6495049
          ],
          [
            6.8101074,
            50.649567
          ],
          [
            6.8101998,
            50.6496166
          ],
          [
            6.8102903,
            50.6496743
          ],
          [
            6.8105636,
            50.6498421
          ],
          [
            6.8107244,
            50.6499703
          ],
          [
            6.8108131,
            50.6500705
          ],
          [
            6.8108608,
            50.6501442
          ],
          [
            6.8109257,
            50.6502826
          ],
          [
            6.8109636,
            50.6503805
          ],
          [
            6.8109914,
            50.6504485
          ]
        ]
      }
    },
    {
      "type": "Feature",
      "properties": {
        "name": "Erft",
        "type": "Fluss"
      },
      "geometry": {
        "type": "LineString",
        "coordinates": [
          [
            6.8016952,
            50.6206072
          ],
          [
            6.8017206,
            50.6206337
          ],
          [
            6.8017394,
            50.6206722
          ],
          [
            6.8017521,
            50.6207713
          ],
          [
            6.8017555,
            50.6209159
          ],
          [
            6.8017642,
            50.621175
          ],
          [
            6.8017756,
            50.6215434
          ],
          [
            6.801779,
            50.6217902
          ],
          [
            6.8017944,
            50.6218651
          ],
          [
            6.8018286,
            50.6219859
          ],
          [
            6.8018977,
            50.6221599
          ],
          [
            6.8019587,
            50.6222833
          ],
          [
            6.8019882,
            50.6223573
          ],
          [
            6.8020049,
            50.6224351
          ],
          [
            6.8020117,
            50.6225257
          ],
          [
            6.8020271,
            50.6225721
          ],
          [
            6.8020821,
            50.6226121
          ],
          [
            6.802178,
            50.6226376
          ],
          [
            6.8022665,
            50.6226546
          ],
          [
            6.8023764,
            50.6226534
          ],
          [
            6.8025172,
            50.6226372
          ],
          [
            6.8027553,
            50.622587
          ],
          [
            6.8029236,
            50.6225559
          ],
          [
            6.8031368,
            50.6225206
          ],
          [
            6.8032817,
            50.6224985
          ],
          [
            6.8033876,
            50.6225036
          ],
          [
            6.8034118,
            50.6225283
          ],
          [
            6.8034111,
            50.622547
          ],
          [
            6.8034647,
            50.6225559
          ],
          [
            6.8035962,
            50.6225687
          ],
          [
            6.8036713,
            50.6225964
          ],
          [
            6.8037423,
            50.6226402
          ],
          [
            6.8037873,
            50.6226959
          ],
          [
            6.8038141,
            50.6227938
          ],
          [
            6.8038744,
            50.6229533
          ],
          [
            6.80391,
            50.6230375
          ],
          [
            6.803918,
            50.6231277
          ],
          [
            6.8039288,
            50.6232413
          ],
          [
            6.8039703,
            50.6233647
          ],
          [
            6.804083,
            50.623565
          ],
          [
            6.8041809,
            50.6238279
          ],
          [
            6.8042634,
            50.6241534
          ],
          [
            6.8043331,
            50.6242716
          ],
          [
            6.8043452,
            50.6243218
          ],
          [
            6.8043298,
            50.6244184
          ],
          [
            6.8043177,
            50.6245047
          ],
          [
            6.8043318,
            50.6245494
          ],
          [
            6.8043821,
            50.6245732
          ],
          [
            6.8044592,
            50.6246255
          ],
          [
            6.8045551,
            50.6247017
          ],
          [
            6.8046496,
            50.6248459
          ],
          [
            6.8047817,
            50.6249965
          ],
          [
            6.8048816,
            50.6250811
          ],
          [
            6.8050198,
            50.6251428
          ],
          [
            6.8051344,
            50.6251943
          ],
          [
            6.8052477,
            50.6252258
          ],
          [
            6.8053577,
            50.625239
          ],
          [
            6.8054804,
            50.6252326
          ],
          [
            6.8055803,
            50.6252113
          ],
          [
            6.8056782,
            50.625173
          ],
          [
            6.8057339,
            50.6251458
          ],
          [
            6.8057828,
            50.625142
          ],
          [
            6.8058237,
            50.6251564
          ],
          [
            6.8058546,
            50.6251832
          ],
          [
            6.8059076,
            50.6252326
          ],
          [
            6.8059558,
            50.6252577
          ],
          [
            6.806049,
            50.6252921
          ],
          [
            6.8061101,
            50.6253177
          ],
          [
            6.8061577,
            50.6253823
          ],
          [
            6.8062542,
            50.6254989
          ],
          [
            6.8064798,
            50.6258293
          ]
        ]
      }
    },
    {
      "type": "Feature",
      "properties": {
        "name": "Erft",
        "type": "Fluss"
      },
      "geometry": {
        "type": "LineString",
        "coordinates": [
          [
            6.8064798,
            50.6258293
          ],
          [
            6.8067631,
            50.6261273
          ],
          [
            6.8069045,
            50.6262749
          ],
          [
            6.8070203,
            50.6263876
          ],
          [
            6.8071152,
            50.6264858
          ],
          [
            6.807193,
            50.6265823
          ],
          [
            6.807254,
            50.6266666
          ],
          [
            6.8073003,
            50.626735
          ],
          [
            6.8073288,
            50.626793
          ],
          [
            6.8073553,
            50.6268605
          ],
          [
            6.8073794,
            50.626946
          ],
          [
            6.8073938,
            50.6270189
          ],
          [
            6.8073955,
            50.6270826
          ],
          [
            6.8073906,
            50.6271575
          ],
          [
            6.8073756,
            50.6272018
          ],
          [
            6.8073606,
            50.6272544
          ],
          [
            6.8073499,
            50.6273033
          ],
          [
            6.8073217,
            50.6273573
          ],
          [
            6.8072594,
            50.6274667
          ],
          [
            6.8072188,
            50.6275261
          ],
          [
            6.8071662,
            50.6275986
          ],
          [
            6.8071032,
            50.6276777
          ],
          [
            6.8070209,
            50.627762
          ],
          [
            6.8069637,
            50.6278219
          ],
          [
            6.806853,
            50.627921
          ],
          [
            6.8067645,
            50.6279967
          ],
          [
            6.8066693,
            50.6280751
          ],
          [
            6.8065278,
            50.6281703
          ],
          [
            6.8056966,
            50.6287419
          ],
          [
            6.8056105,
            50.6288134
          ],
          [
            6.805554,
            50.6288676
          ],
          [
            6.8055046,
            50.6289223
          ],
          [
            6.8054683,
            50.6289708
          ],
          [
            6.8054421,
            50.6290211
          ],
          [
            6.8054268,
            50.6290614
          ],
          [
            6.8054192,
            50.6290941
          ],
          [
            6.8054274,
            50.6292093
          ],
          [
            6.8054415,
            50.6292583
          ],
          [
            6.8055027,
            50.6293768
          ],
          [
            6.805575,
            50.6295038
          ],
          [
            6.8056742,
            50.6296603
          ],
          [
            6.8057835,
            50.6298274
          ],
          [
            6.8059503,
            50.6300859
          ],
          [
            6.8060779,
            50.6303051
          ],
          [
            6.8061718,
            50.6304336
          ],
          [
            6.8063817,
            50.6306312
          ],
          [
            6.8065466,
            50.6307781
          ],
          [
            6.8066968,
            50.6308555
          ],
          [
            6.8067867,
            50.6309508
          ],
          [
            6.8068711,
            50.6311056
          ],
          [
            6.8069556,
            50.6312774
          ],
          [
            6.8070519,
            50.6313716
          ],
          [
            6.8071742,
            50.6315199
          ],
          [
            6.8076481,
            50.6320895
          ],
          [
            6.8078381,
            50.6323888
          ],
          [
            6.8079229,
            50.6324658
          ],
          [
            6.8081289,
            50.6326202
          ],
          [
            6.8082466,
            50.6326988
          ],
          [
            6.808406,
            50.632791
          ],
          [
            6.8085712,
            50.6329184
          ],
          [
            6.808744,
            50.6330608
          ],
          [
            6.8088926,
            50.6332049
          ]
        ]
      }
    },
    {
      "type": "Feature",
      "properties": {
        "name": "Erft",
        "type": "Fluss"
      },
      "geometry": {
        "type": "LineString",
        "coordinates": [
          [
            6.6349313,
            51.1272775
          ],
          [
            6.6350539,
            51.1273123
          ],
          [
            6.6352516,
            51.1273685
          ]
        ]
      }
    },
    {
      "type": "Feature",
      "properties": {
        "name": "Erft",
        "type": "Fluss"
      },
      "geometry": {
        "type": "LineString",
        "coordinates": [
          [
            6.719678,
            51.1743766
          ],
          [
            6.7199741,
            51.1742035
          ],
          [
            6.7205589,
            51.1739633
          ],
          [
            6.7209891,
            51.173761
          ],
          [
            6.7214599,
            51.1735335
          ],
          [
            6.7218626,
            51.1733538
          ],
          [
            6.7221131,
            51.1733055
          ],
          [
            6.722408,
            51.1732861
          ],
          [
            6.7230093,
            51.1733243
          ],
          [
            6.7233602,
            51.1733451
          ],
          [
            6.723644,
            51.1733876
          ],
          [
            6.723819,
            51.1734445
          ],
          [
            6.7242766,
            51.1736608
          ],
          [
            6.7248353,
            51.1738877
          ],
          [
            6.7250925,
            51.1739505
          ],
          [
            6.725662,
            51.1741495
          ],
          [
            6.7259055,
            51.1742844
          ],
          [
            6.7260758,
            51.1744437
          ],
          [
            6.7261314,
            51.174648
          ],
          [
            6.7260923,
            51.1748941
          ],
          [
            6.726052,
            51.175128
          ],
          [
            6.7259959,
            51.1753298
          ],
          [
            6.7257973,
            51.1756986
          ]
        ]
      }
    },
    {
      "type": "Feature",
      "properties": {
        "name": "Erft",
        "type": "Fluss"
      },
      "geometry": {
        "type": "LineString",
        "coordinates": [
          [
            6.7195528,
            51.1746342
          ],
          [
            6.7196322,
            51.1744691
          ],
          [
            6.719678,
            51.1743766
          ]
        ]
      }
    },
    {
      "type": "Feature",
      "properties": {
        "name": "Erft",
        "type": "Fluss"
      },
      "geometry": {
        "type": "LineString",
        "coordinates": [
          [
            6.5764405,
            51.0642584
          ],
          [
            6.5763675,
            51.0643882
          ],
          [
            6.5763172,
            51.0645757
          ],
          [
            6.5763436,
            51.0646079
          ]
        ]
      }
    },
    {
      "type": "Feature",
      "properties": {
        "name": "Erft",
        "type": "Fluss"
      },
      "geometry": {
        "type": "LineString",
        "coordinates": [
          [
            6.6082241,
            51.100268
          ],
          [
            6.6083327,
            51.1002781
          ],
          [
            6.6085077,
            51.100361
          ],
          [
            6.6085648,
            51.1004157
          ]
        ]
      }
    },
    {
      "type": "Feature",
      "properties": {
        "name": "Erft",
        "type": "Fluss"
      },
      "geometry": {
        "type": "LineString",
        "coordinates": [
          [
            6.7614193,
            50.553213
          ],
          [
            6.7614325,
            50.5532262
          ]
        ]
      }
    },
    {
      "type": "Feature",
      "properties": {
        "name": "Erft",
        "type": "Fluss"
      },
      "geometry": {
        "type": "LineString",
        "coordinates": [
          [
            6.7607799,
            50.8422665
          ],
          [
            6.7605507,
            50.842377
          ],
          [
            6.7603174,
            50.8424651
          ],
          [
            6.7601806,
            50.8425091
          ],
          [
            6.7599315,
            50.8425512
          ],
          [
            6.7596034,
            50.8425206
          ],
          [
            6.7588878,
            50.8424227
          ],
          [
            6.7586477,
            50.8424045
          ],
          [
            6.7584264,
            50.8424024
          ],
          [
            6.7581744,
            50.8424409
          ],
          [
            6.7580777,
            50.8425176
          ],
          [
            6.7580366,
            50.8425994
          ],
          [
            6.7580297,
            50.8428394
          ],
          [
            6.7581375,
            50.8432097
          ],
          [
            6.7581914,
            50.8435161
          ],
          [
            6.7581375,
            50.8437672
          ],
          [
            6.7579084,
            50.8438864
          ],
          [
            6.7573692,
            50.8439119
          ],
          [
            6.7569513,
            50.8436821
          ],
          [
            6.7567963,
            50.8433416
          ],
          [
            6.7567895,
            50.8430692
          ],
          [
            6.7567019,
            50.8429416
          ],
          [
            6.7562234,
            50.8428054
          ],
          [
            6.7557718,
            50.8428011
          ],
          [
            6.7556136,
            50.8428167
          ],
          [
            6.7554685,
            50.842899
          ],
          [
            6.7554894,
            50.8430331
          ],
          [
            6.7556101,
            50.8431671
          ],
          [
            6.755635,
            50.8433063
          ],
          [
            6.7555764,
            50.8434225
          ],
          [
            6.7554281,
            50.8435289
          ],
          [
            6.7551938,
            50.8435362
          ],
          [
            6.7550372,
            50.8435161
          ],
          [
            6.754864,
            50.8434686
          ],
          [
            6.7547608,
            50.8433672
          ],
          [
            6.7544699,
            50.8432684
          ],
          [
            6.7541677,
            50.8432054
          ],
          [
            6.7537566,
            50.8433118
          ],
          [
            6.7536561,
            50.8434091
          ],
          [
            6.7536487,
            50.8435118
          ],
          [
            6.753797,
            50.8437715
          ],
          [
            6.7539049,
            50.8439928
          ],
          [
            6.7538644,
            50.844146
          ],
          [
            6.7535679,
            50.8443332
          ],
          [
            6.7530759,
            50.8443673
          ],
          [
            6.7526243,
            50.8442949
          ],
          [
            6.7523682,
            50.8443502
          ],
          [
            6.7523412,
            50.8444907
          ],
          [
            6.7523749,
            50.8447205
          ],
          [
            6.7525367,
            50.8448141
          ],
          [
            6.75284,
            50.8449205
          ],
          [
            6.7528669,
            50.8451418
          ],
          [
            6.7525164,
            50.8453588
          ],
          [
            6.7521997,
            50.8453461
          ],
          [
            6.7519638,
            50.8451588
          ],
          [
            6.7516874,
            50.8450312
          ],
          [
            6.75131,
            50.8449843
          ],
          [
            6.7510134,
            50.8450609
          ],
          [
            6.7508517,
            50.8452142
          ],
          [
            6.7509663,
            50.8454652
          ],
          [
            6.7512493,
            50.8457121
          ],
          [
            6.7511415,
            50.8460312
          ],
          [
            6.7508045,
            50.8462696
          ],
          [
            6.7504877,
            50.84621
          ],
          [
            6.7504473,
            50.8460014
          ],
          [
            6.7504271,
            50.8457802
          ],
          [
            6.7502249,
            50.8456695
          ],
          [
            6.7499081,
            50.8456823
          ],
          [
            6.7497666,
            50.8458355
          ],
          [
            6.749342,
            50.8459291
          ],
          [
            6.7490387,
            50.8459419
          ],
          [
            6.7488567,
            50.846044
          ],
          [
            6.748978,
            50.8461163
          ],
          [
            6.7493015,
            50.8461419
          ],
          [
            6.7496116,
            50.8462525
          ],
          [
            6.7499418,
            50.8465036
          ],
          [
            6.7499216,
            50.8467504
          ],
          [
            6.7498272,
            50.8468781
          ],
          [
            6.7496385,
            50.8469547
          ],
          [
            6.7493083,
            50.8470185
          ],
          [
            6.7489443,
            50.8468611
          ],
          [
            6.7489376,
            50.8466994
          ],
          [
            6.7486814,
            50.8465845
          ],
          [
            6.7482973,
            50.8465717
          ],
          [
            6.7479198,
            50.8465845
          ],
          [
            6.7476009,
            50.8467008
          ],
          [
            6.7473672,
            50.8468313
          ],
          [
            6.7473267,
            50.8470781
          ],
          [
            6.74763,
            50.8472824
          ],
          [
            6.747812,
            50.8474483
          ],
          [
            6.7478187,
            50.8476824
          ],
          [
            6.7475694,
            50.8478271
          ],
          [
            6.7472459,
            50.8478356
          ],
          [
            6.7471245,
            50.8476186
          ],
          [
            6.7471178,
            50.847393
          ],
          [
            6.7468145,
            50.8472951
          ],
          [
            6.7466258,
            50.8473675
          ],
          [
            6.7465988,
            50.8476143
          ],
          [
            6.7465786,
            50.8477505
          ],
          [
            6.7463831,
            50.8478781
          ],
          [
            6.7461136,
            50.8478186
          ],
          [
            6.7460394,
            50.8476015
          ],
          [
            6.7461203,
            50.8473292
          ],
          [
            6.7460598,
            50.8471418
          ],
          [
            6.7457969,
            50.8470702
          ],
          [
            6.745457,
            50.8470838
          ],
          [
            6.7452778,
            50.847159
          ],
          [
            6.7450958,
            50.8474271
          ],
          [
            6.7448955,
            50.8475261
          ],
          [
            6.7446375,
            50.8475803
          ],
          [
            6.7440929,
            50.8474974
          ],
          [
            6.7438772,
            50.8475076
          ],
          [
            6.743667,
            50.8477334
          ],
          [
            6.7434985,
            50.8478313
          ],
          [
            6.7431413,
            50.8477334
          ],
          [
            6.7429121,
            50.84781
          ],
          [
            6.7428851,
            50.8479675
          ],
          [
            6.7430366,
            50.8481275
          ],
          [
            6.7429612,
            50.8482774
          ],
          [
            6.7427372,
            50.8483309
          ],
          [
            6.7425079,
            50.8483298
          ],
          [
            6.7423864,
            50.848393
          ],
          [
            6.7423385,
            50.8484807
          ],
          [
            6.7422112,
            50.8485335
          ],
          [
            6.742005,
            50.8484711
          ],
          [
            6.7419738,
            50.848335
          ],
          [
            6.7419579,
            50.8481989
          ],
          [
            6.7418026,
            50.8481341
          ],
          [
            6.7415261,
            50.8481784
          ],
          [
            6.7412339,
            50.8484016
          ],
          [
            6.7410923,
            50.8486994
          ],
          [
            6.7408633,
            50.8488498
          ],
          [
            6.7406295,
            50.8489003
          ],
          [
            6.7402903,
            50.8488867
          ],
          [
            6.7398522,
            50.8488867
          ],
          [
            6.7396972,
            50.8490016
          ],
          [
            6.7397107,
            50.8492696
          ],
          [
            6.7395422,
            50.8495335
          ],
          [
            6.739313,
            50.8496186
          ],
          [
            6.7387982,
            50.8495889
          ],
          [
            6.7383627,
            50.8495675
          ],
          [
            6.7381489,
            50.8496051
          ],
          [
            6.7380392,
            50.8496824
          ],
          [
            6.7378437,
            50.8499335
          ],
          [
            6.7375108,
            50.8500961
          ],
          [
            6.7371029,
            50.8501606
          ],
          [
            6.7367384,
            50.8502654
          ],
          [
            6.7366954,
            50.8503698
          ],
          [
            6.7367191,
            50.8504696
          ],
          [
            6.7368293,
            50.8505771
          ],
          [
            6.7369831,
            50.8507021
          ],
          [
            6.7371082,
            50.8508379
          ],
          [
            6.7371428,
            50.8509845
          ],
          [
            6.7369743,
            50.851176
          ],
          [
            6.7367971,
            50.8512139
          ],
          [
            6.7365825,
            50.8512037
          ],
          [
            6.7363946,
            50.8511547
          ],
          [
            6.7362285,
            50.8510784
          ],
          [
            6.7360509,
            50.8510653
          ],
          [
            6.7359388,
            50.8511326
          ],
          [
            6.7359026,
            50.8512228
          ],
          [
            6.7358798,
            50.8513595
          ],
          [
            6.7359537,
            50.8514883
          ],
          [
            6.7361924,
            50.8515972
          ],
          [
            6.7362819,
            50.8516702
          ],
          [
            6.7362868,
            50.8517674
          ],
          [
            6.7362016,
            50.8518573
          ],
          [
            6.7360509,
            50.8519249
          ],
          [
            6.7356937,
            50.851993
          ],
          [
            6.7355525,
            50.8519945
          ],
          [
            6.7354198,
            50.8520209
          ],
          [
            6.7353675,
            50.8520538
          ],
          [
            6.7353487,
            50.8521147
          ],
          [
            6.7353427,
            50.8522152
          ],
          [
            6.7354131,
            50.8522925
          ],
          [
            6.7354959,
            50.8523414
          ],
          [
            6.7357543,
            50.8523759
          ],
          [
            6.7358352,
            50.8525036
          ],
          [
            6.7358154,
            50.852643
          ],
          [
            6.7357139,
            50.8527333
          ],
          [
            6.7354376,
            50.8528014
          ],
          [
            6.7348714,
            50.852861
          ],
          [
            6.7345816,
            50.8528823
          ],
          [
            6.7343457,
            50.8530057
          ],
          [
            6.7343322,
            50.8531376
          ],
          [
            6.7344064,
            50.8532652
          ],
          [
            6.7345977,
            50.8533271
          ],
          [
            6.734831,
            50.8533375
          ],
          [
            6.7350871,
            50.8534141
          ],
          [
            6.7351667,
            50.8534782
          ],
          [
            6.7352152,
            50.8535631
          ],
          [
            6.7351502,
            50.8536692
          ],
          [
            6.7350197,
            50.8537375
          ],
          [
            6.7347586,
            50.8538216
          ],
          [
            6.7345599,
            50.8539305
          ],
          [
            6.7344636,
            50.8540214
          ],
          [
            6.7344266,
            50.8541119
          ],
          [
            6.7344099,
            50.8542652
          ],
          [
            6.7345142,
            50.8544225
          ],
          [
            6.7346781,
            50.854526
          ],
          [
            6.7348916,
            50.8545885
          ],
          [
            6.7355926,
            50.8548438
          ],
          [
            6.736019,
            50.8551113
          ],
          [
            6.7360683,
            50.8553332
          ],
          [
            6.7360789,
            50.8554352
          ],
          [
            6.7360634,
            50.855595
          ],
          [
            6.7358752,
            50.8558222
          ],
          [
            6.7357107,
            50.855932
          ],
          [
            6.73542,
            50.8559425
          ],
          [
            6.7350983,
            50.8559877
          ],
          [
            6.7349006,
            50.8560779
          ],
          [
            6.7348839,
            50.8562705
          ],
          [
            6.7349911,
            50.8563803
          ],
          [
            6.7351395,
            50.8564867
          ],
          [
            6.7351878,
            50.8565849
          ],
          [
            6.7352354,
            50.856835
          ],
          [
            6.7354292,
            50.856971
          ],
          [
            6.7357242,
            50.8570861
          ],
          [
            6.7362087,
            50.8572841
          ],
          [
            6.736502,
            50.8573909
          ],
          [
            6.736826,
            50.8574391
          ],
          [
            6.737076,
            50.8574078
          ],
          [
            6.7373994,
            50.8574172
          ],
          [
            6.7375917,
            50.8574172
          ],
          [
            6.7377267,
            50.8574973
          ],
          [
            6.7378015,
            50.8575717
          ],
          [
            6.7377144,
            50.8576957
          ],
          [
            6.7375917,
            50.8577814
          ],
          [
            6.7376446,
            50.8579079
          ],
          [
            6.7378889,
            50.8579966
          ],
          [
            6.7382299,
            50.8579745
          ],
          [
            6.7385183,
            50.8579304
          ],
          [
            6.7389205,
            50.8579359
          ],
          [
            6.7392089,
            50.8580628
          ],
          [
            6.7393663,
            50.8582118
          ],
          [
            6.7394042,
            50.8584118
          ],
          [
            6.73938,
            50.8586144
          ],
          [
            6.7392567,
            50.8589638
          ],
          [
            6.7391279,
            50.859167
          ],
          [
            6.7388934,
            50.8593761
          ]
        ]
      }
    },
    {
      "type": "Feature",
      "properties": {
        "name": "Erft",
        "type": "Fluss"
      },
      "geometry": {
        "type": "LineString",
        "coordinates": [
          [
            6.7973701,
            50.6681903
          ],
          [
            6.797415,
            50.6682727
          ],
          [
            6.7974398,
            50.6683178
          ],
          [
            6.7974995,
            50.6683824
          ],
          [
            6.7975364,
            50.6684215
          ],
          [
            6.7975438,
            50.6684563
          ],
          [
            6.7975071,
            50.6685073
          ]
        ]
      }
    },
    {
      "type": "Feature",
      "properties": {
        "name": "Erft",
        "type": "Fluss"
      },
      "geometry": {
        "type": "LineString",
        "coordinates": [
          [
            6.7975071,
            50.6685073
          ],
          [
            6.7974817,
            50.6685339
          ],
          [
            6.7974585,
            50.6685549
          ],
          [
            6.7974206,
            50.668583
          ],
          [
            6.7973674,
            50.6686065
          ],
          [
            6.7973057,
            50.6686154
          ],
          [
            6.797273,
            50.6686144
          ],
          [
            6.7972422,
            50.6686031
          ],
          [
            6.7972173,
            50.6685891
          ],
          [
            6.7972022,
            50.6685631
          ],
          [
            6.7971985,
            50.6685261
          ],
          [
            6.7972145,
            50.6684708
          ],
          [
            6.7972324,
            50.6684353
          ],
          [
            6.7972324,
            50.6684003
          ],
          [
            6.7972019,
            50.6683508
          ],
          [
            6.7971714,
            50.6683244
          ],
          [
            6.7971532,
            50.6683108
          ],
          [
            6.7971189,
            50.6683006
          ],
          [
            6.7970798,
            50.6682965
          ],
          [
            6.7970305,
            50.6683048
          ],
          [
            6.7969883,
            50.6683244
          ],
          [
            6.7969402,
            50.6683749
          ],
          [
            6.7969181,
            50.6684132
          ],
          [
            6.7969119,
            50.6684514
          ],
          [
            6.7969327,
            50.6685416
          ],
          [
            6.7969341,
            50.6685858
          ],
          [
            6.7969188,
            50.6686178
          ],
          [
            6.7968933,
            50.6686496
          ],
          [
            6.7968449,
            50.6686908
          ],
          [
            6.7967835,
            50.6687412
          ],
          [
            6.7967209,
            50.6687974
          ],
          [
            6.7966905,
            50.6688152
          ],
          [
            6.7966359,
            50.6688268
          ],
          [
            6.7965896,
            50.6688272
          ],
          [
            6.7965349,
            50.668814
          ],
          [
            6.7964882,
            50.6687934
          ],
          [
            6.7964604,
            50.6687737
          ],
          [
            6.7964185,
            50.6687304
          ],
          [
            6.7963817,
            50.6686814
          ],
          [
            6.7963478,
            50.6685906
          ],
          [
            6.7963162,
            50.6685425
          ],
          [
            6.7962681,
            50.6684956
          ],
          [
            6.7962182,
            50.66846
          ],
          [
            6.7961659,
            50.6684347
          ],
          [
            6.7961201,
            50.668423
          ],
          [
            6.7960843,
            50.6684245
          ],
          [
            6.7960612,
            50.6684338
          ],
          [
            6.7960315,
            50.6684577
          ],
          [
            6.7959863,
            50.6685195
          ],
          [
            6.795934,
            50.6685634
          ],
          [
            6.795885,
            50.66859
          ],
          [
            6.7958349,
            50.6686126
          ],
          [
            6.7957543,
            50.6686426
          ],
          [
            6.7956319,
            50.6686912
          ],
          [
            6.7955857,
            50.6687238
          ],
          [
            6.7955645,
            50.6687525
          ],
          [
            6.7955481,
            50.6688029
          ],
          [
            6.7955176,
            50.6688568
          ],
          [
            6.7954759,
            50.6688956
          ],
          [
            6.7954264,
            50.6689305
          ],
          [
            6.7953689,
            50.6689664
          ],
          [
            6.79532,
            50.6690024
          ],
          [
            6.7952784,
            50.6690396
          ],
          [
            6.7952615,
            50.6690613
          ],
          [
            6.7952575,
            50.6690798
          ],
          [
            6.7952669,
            50.6691018
          ],
          [
            6.7952968,
            50.669139
          ],
          [
            6.7953477,
            50.6691808
          ],
          [
            6.7953713,
            50.6692041
          ],
          [
            6.7953764,
            50.6692247
          ],
          [
            6.7953741,
            50.6692442
          ],
          [
            6.7953604,
            50.669271
          ],
          [
            6.7953288,
            50.6693006
          ],
          [
            6.7952313,
            50.6693723
          ],
          [
            6.7951926,
            50.6694073
          ],
          [
            6.7951761,
            50.6694413
          ],
          [
            6.795171,
            50.6694855
          ],
          [
            6.7951917,
            50.6695572
          ],
          [
            6.7952129,
            50.6696122
          ],
          [
            6.795212,
            50.6696349
          ],
          [
            6.7951804,
            50.6696794
          ],
          [
            6.7951177,
            50.6697388
          ],
          [
            6.7950484,
            50.6697738
          ],
          [
            6.7949791,
            50.6698048
          ],
          [
            6.794907,
            50.6698344
          ],
          [
            6.794883,
            50.6698756
          ],
          [
            6.7948806,
            50.6699189
          ],
          [
            6.7948849,
            50.6700728
          ],
          [
            6.7949142,
            50.6701704
          ],
          [
            6.7949403,
            50.670249
          ],
          [
            6.7949305,
            50.6703322
          ],
          [
            6.7948401,
            50.670444
          ],
          [
            6.7947849,
            50.6705057
          ],
          [
            6.7947034,
            50.6705964
          ],
          [
            6.7946233,
            50.6707386
          ],
          [
            6.7945983,
            50.6708153
          ],
          [
            6.7945813,
            50.670886
          ],
          [
            6.7945794,
            50.6709739
          ],
          [
            6.7945796,
            50.6711264
          ],
          [
            6.7945807,
            50.6711581
          ]
        ]
      }
    },
    {
      "type": "Feature",
      "properties": {
        "name": "Erft",
        "type": "Fluss"
      },
      "geometry": {
        "type": "LineString",
        "coordinates": [
          [
            6.7973701,
            50.6681903
          ],
          [
            6.7973684,
            50.6682181
          ],
          [
            6.7973451,
            50.6682831
          ],
          [
            6.797354,
            50.6683364
          ],
          [
            6.7973766,
            50.668386
          ],
          [
            6.7974395,
            50.6684399
          ],
          [
            6.7975071,
            50.6685073
          ]
        ]
      }
    },
    {
      "type": "Feature",
      "properties": {
        "name": "Erft",
        "type": "Fluss"
      },
      "geometry": {
        "type": "LineString",
        "coordinates": [
          [
            6.6247126,
            51.1106668
          ],
          [
            6.6247583,
            51.1107801
          ],
          [
            6.624796,
            51.1108477
          ],
          [
            6.6248534,
            51.1109488
          ],
          [
            6.6248895,
            51.1111522
          ],
          [
            6.6249509,
            51.1112016
          ]
        ]
      }
    },
    {
      "type": "Feature",
      "properties": {
        "name": "Erft",
        "type": "Fluss"
      },
      "geometry": {
        "type": "LineString",
        "coordinates": [
          [
            6.6249509,
            51.1112016
          ],
          [
            6.6250486,
            51.111995
          ],
          [
            6.625137,
            51.1122613
          ],
          [
            6.6253105,
            51.1124407
          ],
          [
            6.625515,
            51.1125836
          ],
          [
            6.6257961,
            51.1127265
          ],
          [
            6.6264562,
            51.1128713
          ]
        ]
      }
    },
    {
      "type": "Feature",
      "properties": {
        "name": "Rur",
        "type": "Fluss"
      },
      "geometry": {
        "type": "LineString",
        "coordinates": [
          [
            6.4465358,
            50.715924
          ],
          [
            6.4467917,
            50.7159967
          ],
          [
            6.4470205,
            50.7160445
          ],
          [
            6.4479047,
            50.7163329
          ],
          [
            6.4499177,
            50.7169893
          ],
          [
            6.4508329,
            50.7174158
          ],
          [
            6.4517938,
            50.7178127
          ],
          [
            6.4531887,
            50.7182691
          ],
          [
            6.453744,
            50.7185783
          ],
          [
            6.4543665,
            50.7190484
          ],
          [
            6.4546048,
            50.719219
          ],
          [
            6.4549817,
            50.719514
          ],
          [
            6.4553366,
            50.7198905
          ],
          [
            6.4557369,
            50.7205327
          ],
          [
            6.4557826,
            50.7214638
          ],
          [
            6.4558896,
            50.7236117
          ],
          [
            6.4563305,
            50.7250492
          ],
          [
            6.4566782,
            50.7255827
          ],
          [
            6.4570223,
            50.7259678
          ],
          [
            6.4574042,
            50.7262873
          ],
          [
            6.4579376,
            50.7266352
          ],
          [
            6.4584797,
            50.7270305
          ],
          [
            6.4589414,
            50.7272567
          ],
          [
            6.4603037,
            50.727874
          ],
          [
            6.4605907,
            50.7279877
          ],
          [
            6.4608999,
            50.7280915
          ],
          [
            6.4615267,
            50.7282846
          ],
          [
            6.4621108,
            50.7283828
          ],
          [
            6.4628697,
            50.7284327
          ],
          [
            6.4634173,
            50.7284288
          ],
          [
            6.4639147,
            50.7283938
          ],
          [
            6.4642704,
            50.7283326
          ],
          [
            6.4646264,
            50.7282485
          ],
          [
            6.4648209,
            50.7281853
          ],
          [
            6.4658423,
            50.7277708
          ],
          [
            6.4680271,
            50.7269263
          ],
          [
            6.4682549,
            50.7265221
          ],
          [
            6.4699479,
            50.725588
          ],
          [
            6.470818,
            50.7253
          ],
          [
            6.4720373,
            50.7249794
          ],
          [
            6.4736422,
            50.7245446
          ],
          [
            6.4739595,
            50.7244652
          ],
          [
            6.4742866,
            50.7244539
          ],
          [
            6.474496,
            50.7245359
          ],
          [
            6.4754406,
            50.7251712
          ],
          [
            6.4764181,
            50.7257515
          ],
          [
            6.4773428,
            50.7263987
          ],
          [
            6.4780185,
            50.7268574
          ],
          [
            6.4785284,
            50.7272915
          ],
          [
            6.4802556,
            50.7289021
          ],
          [
            6.4828113,
            50.7307977
          ],
          [
            6.4841974,
            50.731466
          ],
          [
            6.4861806,
            50.7320249
          ],
          [
            6.4885479,
            50.7326857
          ],
          [
            6.4888413,
            50.7327876
          ],
          [
            6.4890194,
            50.7330741
          ]
        ]
      }
    },
    {
      "type": "Feature",
      "properties": {
        "name": "Rur",
        "type": "Fluss"
      },
      "geometry": {
        "type": "LineString",
        "coordinates": [
          [
            6.2985938,
            50.5635519
          ],
          [
            6.2987175,
            50.5635642
          ],
          [
            6.2988534,
            50.563565
          ],
          [
            6.2989373,
            50.5635571
          ],
          [
            6.2990457,
            50.56354
          ],
          [
            6.2994091,
            50.5634354
          ],
          [
            6.2997953,
            50.56332
          ],
          [
            6.3003235,
            50.5631396
          ],
          [
            6.3004579,
            50.5631092
          ],
          [
            6.3006599,
            50.56308
          ],
          [
            6.3008376,
            50.5630759
          ],
          [
            6.3010408,
            50.5630868
          ],
          [
            6.3012364,
            50.563111
          ],
          [
            6.3014675,
            50.5631669
          ],
          [
            6.3018653,
            50.5633299
          ],
          [
            6.3020521,
            50.5633918
          ],
          [
            6.3021749,
            50.563421
          ],
          [
            6.3022403,
            50.5634287
          ],
          [
            6.3023791,
            50.5634393
          ],
          [
            6.3025043,
            50.5634318
          ],
          [
            6.303328,
            50.5633265
          ],
          [
            6.3034784,
            50.5633288
          ],
          [
            6.3040491,
            50.5633777
          ],
          [
            6.3048271,
            50.5634029
          ],
          [
            6.3051452,
            50.5634065
          ],
          [
            6.3054505,
            50.5633578
          ],
          [
            6.3055594,
            50.5633527
          ],
          [
            6.3062681,
            50.5634236
          ],
          [
            6.3073487,
            50.5635364
          ],
          [
            6.3077001,
            50.5635925
          ],
          [
            6.3079877,
            50.5635953
          ],
          [
            6.3082068,
            50.5635873
          ],
          [
            6.3084642,
            50.5635634
          ],
          [
            6.3087002,
            50.563528
          ],
          [
            6.3088179,
            50.563504
          ],
          [
            6.3090336,
            50.5633794
          ],
          [
            6.3091087,
            50.5633264
          ],
          [
            6.3091625,
            50.5632436
          ],
          [
            6.3092487,
            50.5630516
          ],
          [
            6.3093124,
            50.562792
          ],
          [
            6.3093546,
            50.562715
          ],
          [
            6.3095783,
            50.5623765
          ],
          [
            6.3096364,
            50.5623136
          ],
          [
            6.3097204,
            50.5622281
          ],
          [
            6.3099044,
            50.5619585
          ],
          [
            6.3100465,
            50.5615818
          ],
          [
            6.3101226,
            50.5613841
          ],
          [
            6.3102314,
            50.5611811
          ],
          [
            6.3104037,
            50.5609511
          ],
          [
            6.3105598,
            50.5608043
          ],
          [
            6.3106616,
            50.5607168
          ],
          [
            6.3107975,
            50.5606593
          ],
          [
            6.3110571,
            50.5606079
          ],
          [
            6.3112389,
            50.5606152
          ],
          [
            6.3113383,
            50.5606511
          ],
          [
            6.3114657,
            50.5607365
          ],
          [
            6.3121108,
            50.5613955
          ],
          [
            6.3124103,
            50.5617801
          ],
          [
            6.3125945,
            50.5625358
          ],
          [
            6.3126526,
            50.5629301
          ],
          [
            6.3126341,
            50.5633323
          ],
          [
            6.3125864,
            50.5635773
          ],
          [
            6.3123928,
            50.5640738
          ],
          [
            6.3123857,
            50.5642684
          ],
          [
            6.3124607,
            50.5644475
          ],
          [
            6.3127728,
            50.5647288
          ],
          [
            6.3130746,
            50.5649984
          ],
          [
            6.3134693,
            50.56537
          ],
          [
            6.3137016,
            50.5654683
          ],
          [
            6.3139372,
            50.5655291
          ],
          [
            6.3142535,
            50.5655986
          ],
          [
            6.3144902,
            50.5656297
          ],
          [
            6.3147058,
            50.5656391
          ],
          [
            6.3149084,
            50.5656257
          ],
          [
            6.3150261,
            50.5656084
          ],
          [
            6.3151748,
            50.5655495
          ],
          [
            6.315343,
            50.5654781
          ],
          [
            6.3158396,
            50.5651852
          ],
          [
            6.3162588,
            50.5649415
          ],
          [
            6.3165683,
            50.5648101
          ],
          [
            6.3170498,
            50.5647093
          ],
          [
            6.3172582,
            50.5646848
          ],
          [
            6.3176528,
            50.5646376
          ],
          [
            6.3183736,
            50.5644755
          ],
          [
            6.3196125,
            50.5641483
          ],
          [
            6.3198746,
            50.5640877
          ],
          [
            6.3199695,
            50.5640274
          ],
          [
            6.3200097,
            50.5639589
          ],
          [
            6.3199551,
            50.5636172
          ],
          [
            6.3197971,
            50.563195
          ],
          [
            6.3194012,
            50.5623946
          ],
          [
            6.3191312,
            50.5619863
          ],
          [
            6.3187549,
            50.56145
          ],
          [
            6.3187052,
            50.5609404
          ],
          [
            6.3187206,
            50.5608437
          ],
          [
            6.3188927,
            50.5605412
          ],
          [
            6.3191019,
            50.5602959
          ],
          [
            6.3193449,
            50.5601075
          ],
          [
            6.31979,
            50.5598421
          ],
          [
            6.3204866,
            50.5593654
          ],
          [
            6.3207087,
            50.5592898
          ],
          [
            6.3209145,
            50.5592588
          ],
          [
            6.3211358,
            50.5592499
          ],
          [
            6.3213467,
            50.559273
          ],
          [
            6.3215524,
            50.5593271
          ],
          [
            6.3220619,
            50.5595335
          ],
          [
            6.3225146,
            50.5597025
          ],
          [
            6.3229409,
            50.5599021
          ],
          [
            6.3239192,
            50.5603816
          ],
          [
            6.3244079,
            50.5606231
          ],
          [
            6.3247224,
            50.5609151
          ],
          [
            6.3248569,
            50.5610975
          ],
          [
            6.3251909,
            50.5613579
          ],
          [
            6.3255063,
            50.561629
          ],
          [
            6.3260959,
            50.5620567
          ],
          [
            6.3271233,
            50.5626088
          ],
          [
            6.327856,
            50.5628632
          ],
          [
            6.328338,
            50.5631824
          ],
          [
            6.3287088,
            50.5633525
          ],
          [
            6.3309018,
            50.5641911
          ],
          [
            6.3314828,
            50.5643434
          ],
          [
            6.3319224,
            50.564406
          ],
          [
            6.3324592,
            50.5644607
          ],
          [
            6.3327195,
            50.5644636
          ],
          [
            6.3331434,
            50.5644471
          ],
          [
            6.3338528,
            50.5644112
          ],
          [
            6.3341664,
            50.5643538
          ],
          [
            6.3342875,
            50.5643168
          ],
          [
            6.3344018,
            50.5642598
          ],
          [
            6.3345289,
            50.5641163
          ],
          [
            6.3345628,
            50.5640062
          ],
          [
            6.3345315,
            50.5637069
          ],
          [
            6.3345439,
            50.5635501
          ],
          [
            6.3345951,
            50.5633001
          ],
          [
            6.3346031,
            50.5631433
          ],
          [
            6.3346204,
            50.5630793
          ],
          [
            6.3347481,
            50.5628266
          ],
          [
            6.3348733,
            50.5625455
          ],
          [
            6.3350573,
            50.5623247
          ],
          [
            6.3354427,
            50.5620361
          ],
          [
            6.3355706,
            50.5619941
          ],
          [
            6.3358127,
            50.5619365
          ],
          [
            6.3359798,
            50.5619364
          ],
          [
            6.3361698,
            50.561948
          ],
          [
            6.3363135,
            50.5619984
          ],
          [
            6.336401,
            50.5620535
          ],
          [
            6.3365112,
            50.5621592
          ],
          [
            6.3365929,
            50.5623762
          ],
          [
            6.3367306,
            50.5627017
          ],
          [
            6.3367865,
            50.5630961
          ],
          [
            6.3368686,
            50.5634593
          ],
          [
            6.3369724,
            50.5637994
          ],
          [
            6.3371281,
            50.5641573
          ],
          [
            6.3372905,
            50.5643522
          ],
          [
            6.337414,
            50.5645798
          ],
          [
            6.3373981,
            50.5647921
          ],
          [
            6.3373554,
            50.5650883
          ],
          [
            6.3372379,
            50.5653052
          ],
          [
            6.3370165,
            50.565617
          ],
          [
            6.3368175,
            50.5658285
          ],
          [
            6.3364781,
            50.5660583
          ],
          [
            6.335716,
            50.5664587
          ],
          [
            6.3350133,
            50.5669209
          ],
          [
            6.3347913,
            50.5671306
          ],
          [
            6.3346304,
            50.567395
          ],
          [
            6.334542,
            50.5676134
          ],
          [
            6.3345113,
            50.5677837
          ],
          [
            6.3345389,
            50.5680395
          ],
          [
            6.3346482,
            50.5683192
          ],
          [
            6.3347486,
            50.5686282
          ],
          [
            6.3347837,
            50.5694515
          ]
        ]
      }
    },
    {
      "type": "Feature",
      "properties": {
        "name": "Rur",
        "type": "Fluss"
      },
      "geometry": {
        "type": "LineString",
        "coordinates": [
          [
            6.277125,
            50.5563581
          ],
          [
            6.2779404,
            50.5566706
          ],
          [
            6.2783196,
            50.5568479
          ],
          [
            6.2785774,
            50.5571008
          ],
          [
            6.2790718,
            50.5582265
          ],
          [
            6.2791639,
            50.5584093
          ],
          [
            6.279348,
            50.558631
          ],
          [
            6.2794956,
            50.5587735
          ],
          [
            6.2796857,
            50.5589075
          ],
          [
            6.2799897,
            50.5590737
          ],
          [
            6.2802568,
            50.5591796
          ],
          [
            6.2805591,
            50.5592275
          ],
          [
            6.2807865,
            50.5592499
          ],
          [
            6.2812271,
            50.5592453
          ],
          [
            6.2817269,
            50.5592249
          ],
          [
            6.2820805,
            50.5592473
          ],
          [
            6.2825951,
            50.5593207
          ],
          [
            6.2828294,
            50.5593639
          ],
          [
            6.2830335,
            50.5593726
          ],
          [
            6.2834482,
            50.5593412
          ],
          [
            6.2836503,
            50.5593397
          ],
          [
            6.2839068,
            50.5593745
          ],
          [
            6.284161,
            50.55944
          ],
          [
            6.2844232,
            50.5595468
          ],
          [
            6.2845506,
            50.5596437
          ],
          [
            6.2846601,
            50.5597717
          ],
          [
            6.2847065,
            50.5599054
          ],
          [
            6.2847141,
            50.5601059
          ],
          [
            6.2846505,
            50.5602615
          ],
          [
            6.2844409,
            50.5604331
          ],
          [
            6.2843859,
            50.5605424
          ],
          [
            6.2843485,
            50.5607351
          ],
          [
            6.2842448,
            50.5609779
          ],
          [
            6.2840732,
            50.5612765
          ],
          [
            6.2840218,
            50.5614315
          ],
          [
            6.2839765,
            50.5616343
          ],
          [
            6.2840138,
            50.5619757
          ],
          [
            6.2841073,
            50.5622401
          ],
          [
            6.2842792,
            50.5626664
          ],
          [
            6.2843784,
            50.5628354
          ],
          [
            6.2844823,
            50.562938
          ],
          [
            6.285017,
            50.5632679
          ],
          [
            6.2851518,
            50.563319
          ],
          [
            6.2852568,
            50.5633321
          ],
          [
            6.2853671,
            50.5633165
          ],
          [
            6.285468,
            50.5632894
          ],
          [
            6.2856635,
            50.563145
          ],
          [
            6.2857687,
            50.5630341
          ],
          [
            6.2858385,
            50.5629974
          ],
          [
            6.2859592,
            50.5629992
          ],
          [
            6.2864968,
            50.5630455
          ],
          [
            6.2868247,
            50.5631294
          ],
          [
            6.2869419,
            50.5631533
          ],
          [
            6.287102,
            50.5631627
          ],
          [
            6.287295,
            50.5631627
          ],
          [
            6.2876971,
            50.5631449
          ],
          [
            6.2882663,
            50.5630768
          ],
          [
            6.2893434,
            50.5629121
          ],
          [
            6.2904468,
            50.5627447
          ],
          [
            6.2916108,
            50.5623609
          ],
          [
            6.292591,
            50.5620674
          ],
          [
            6.2937135,
            50.5618885
          ],
          [
            6.2938504,
            50.5618775
          ],
          [
            6.2939907,
            50.561886
          ],
          [
            6.2943486,
            50.5619646
          ],
          [
            6.2945176,
            50.5620117
          ],
          [
            6.2953261,
            50.5623015
          ],
          [
            6.2964162,
            50.5627132
          ],
          [
            6.296832,
            50.5628842
          ],
          [
            6.2977896,
            50.5633065
          ],
          [
            6.2980025,
            50.5633899
          ],
          [
            6.2982197,
            50.5634875
          ],
          [
            6.2983313,
            50.5635192
          ],
          [
            6.2985938,
            50.5635519
          ]
        ]
      }
    },
    {
      "type": "Feature",
      "properties": {
        "name": "Rur",
        "type": "Fluss"
      },
      "geometry": {
        "type": "LineString",
        "coordinates": [
          [
            6.2309131,
            50.5490011
          ],
          [
            6.2319374,
            50.5495896
          ],
          [
            6.2324409,
            50.5497929
          ],
          [
            6.2330922,
            50.5500946
          ],
          [
            6.2337799,
            50.550517
          ],
          [
            6.2343296,
            50.5509463
          ],
          [
            6.2346663,
            50.551359
          ],
          [
            6.2348301,
            50.5518381
          ],
          [
            6.2348333,
            50.5521587
          ],
          [
            6.2350295,
            50.5525471
          ],
          [
            6.2351451,
            50.552776
          ],
          [
            6.235168,
            50.552829
          ],
          [
            6.2354344,
            50.5531238
          ],
          [
            6.2356507,
            50.5532916
          ],
          [
            6.2358716,
            50.5534033
          ],
          [
            6.236127,
            50.5534968
          ],
          [
            6.2363168,
            50.5535199
          ],
          [
            6.236465,
            50.5535271
          ],
          [
            6.2366364,
            50.5535153
          ],
          [
            6.2368268,
            50.553489
          ],
          [
            6.2375732,
            50.5533213
          ],
          [
            6.2380138,
            50.5532195
          ],
          [
            6.2382321,
            50.5531544
          ],
          [
            6.2383834,
            50.5530674
          ],
          [
            6.2384935,
            50.5529655
          ],
          [
            6.2385658,
            50.5528224
          ],
          [
            6.2386278,
            50.552708
          ],
          [
            6.2388879,
            50.5521992
          ],
          [
            6.2389702,
            50.5521374
          ],
          [
            6.2390824,
            50.5520854
          ],
          [
            6.2392403,
            50.5520506
          ],
          [
            6.2397194,
            50.5519439
          ],
          [
            6.2401826,
            50.5518732
          ],
          [
            6.2403274,
            50.5518645
          ],
          [
            6.2405042,
            50.5518648
          ],
          [
            6.2406654,
            50.5518681
          ],
          [
            6.2409435,
            50.5518834
          ],
          [
            6.2411459,
            50.5519135
          ],
          [
            6.2413257,
            50.5519467
          ],
          [
            6.2415667,
            50.5520064
          ],
          [
            6.2418109,
            50.5521
          ],
          [
            6.2420152,
            50.5521958
          ],
          [
            6.242125,
            50.5522773
          ],
          [
            6.2421773,
            50.5523568
          ],
          [
            6.2422225,
            50.5525207
          ],
          [
            6.2422322,
            50.55263
          ],
          [
            6.2422184,
            50.5527765
          ],
          [
            6.2421606,
            50.5530379
          ],
          [
            6.2421101,
            50.5531794
          ],
          [
            6.2418419,
            50.5537056
          ],
          [
            6.2415458,
            50.5541592
          ],
          [
            6.2413108,
            50.554553
          ],
          [
            6.2412299,
            50.5546616
          ],
          [
            6.2411706,
            50.5547905
          ],
          [
            6.241178,
            50.55491
          ],
          [
            6.2411945,
            50.5550009
          ],
          [
            6.2412094,
            50.5550587
          ],
          [
            6.2412509,
            50.5551197
          ],
          [
            6.241295,
            50.5551793
          ],
          [
            6.2413851,
            50.5552097
          ],
          [
            6.2415771,
            50.5552577
          ],
          [
            6.241709,
            50.5552934
          ],
          [
            6.2420058,
            50.5553415
          ],
          [
            6.2425633,
            50.5553925
          ],
          [
            6.2428589,
            50.5553881
          ],
          [
            6.2432821,
            50.5553316
          ],
          [
            6.2435702,
            50.5552783
          ],
          [
            6.2440207,
            50.5551588
          ],
          [
            6.2445292,
            50.554987
          ],
          [
            6.2453003,
            50.5546592
          ],
          [
            6.2459144,
            50.5544113
          ],
          [
            6.2466975,
            50.5541996
          ],
          [
            6.2469282,
            50.5541383
          ],
          [
            6.2474666,
            50.5539781
          ],
          [
            6.2476157,
            50.5538971
          ],
          [
            6.247714,
            50.5538272
          ],
          [
            6.2477849,
            50.5537529
          ],
          [
            6.247785,
            50.5537155
          ],
          [
            6.2477645,
            50.5536492
          ],
          [
            6.2477238,
            50.5536026
          ],
          [
            6.2476126,
            50.5535391
          ],
          [
            6.2473665,
            50.5534761
          ],
          [
            6.246995,
            50.5533596
          ],
          [
            6.2468064,
            50.5532889
          ],
          [
            6.24653,
            50.5531439
          ],
          [
            6.2463368,
            50.5530101
          ],
          [
            6.2461868,
            50.5528748
          ],
          [
            6.2461378,
            50.5527397
          ],
          [
            6.2461309,
            50.5526105
          ],
          [
            6.2461484,
            50.5524628
          ],
          [
            6.2461626,
            50.5523374
          ],
          [
            6.246174,
            50.5523011
          ],
          [
            6.2461934,
            50.5522397
          ],
          [
            6.246234,
            50.5521779
          ],
          [
            6.2462897,
            50.5521196
          ],
          [
            6.2465074,
            50.5519824
          ],
          [
            6.2469539,
            50.5519014
          ],
          [
            6.2477488,
            50.5519087
          ],
          [
            6.2483819,
            50.5520013
          ],
          [
            6.2488969,
            50.5521172
          ],
          [
            6.2504848,
            50.5523353
          ],
          [
            6.2519464,
            50.5524171
          ],
          [
            6.2536232,
            50.5523561
          ],
          [
            6.2539445,
            50.5523781
          ],
          [
            6.2543214,
            50.5524739
          ],
          [
            6.2545645,
            50.5526043
          ],
          [
            6.2546918,
            50.5526725
          ],
          [
            6.2559173,
            50.5530551
          ],
          [
            6.2567209,
            50.553534
          ],
          [
            6.257447,
            50.5541514
          ],
          [
            6.2575949,
            50.5542767
          ],
          [
            6.2579935,
            50.5543456
          ],
          [
            6.2586114,
            50.5543835
          ],
          [
            6.259047,
            50.5544266
          ],
          [
            6.2597241,
            50.5547759
          ],
          [
            6.2603322,
            50.5549219
          ],
          [
            6.2607525,
            50.5550573
          ],
          [
            6.2613027,
            50.555327
          ],
          [
            6.261503,
            50.5554093
          ],
          [
            6.2624037,
            50.5556559
          ],
          [
            6.2625972,
            50.5556914
          ],
          [
            6.2627427,
            50.5556814
          ],
          [
            6.2632989,
            50.5556024
          ],
          [
            6.2641426,
            50.5554849
          ],
          [
            6.2647479,
            50.555465
          ],
          [
            6.2652381,
            50.5554043
          ],
          [
            6.265528,
            50.5553217
          ],
          [
            6.2660205,
            50.555126
          ],
          [
            6.2665141,
            50.5547802
          ],
          [
            6.267041,
            50.554453
          ],
          [
            6.2672914,
            50.5543071
          ],
          [
            6.2677781,
            50.5541341
          ],
          [
            6.2679577,
            50.5540828
          ],
          [
            6.268051,
            50.5540841
          ],
          [
            6.2683611,
            50.5541182
          ],
          [
            6.2684761,
            50.5541466
          ],
          [
            6.2685248,
            50.5542006
          ],
          [
            6.2686383,
            50.5543736
          ],
          [
            6.2687992,
            50.5545351
          ],
          [
            6.2689068,
            50.5546039
          ],
          [
            6.2695815,
            50.5547415
          ],
          [
            6.2698224,
            50.5548048
          ],
          [
            6.2701298,
            50.5549432
          ],
          [
            6.2709459,
            50.555504
          ],
          [
            6.2715114,
            50.5557971
          ],
          [
            6.2718187,
            50.5559139
          ],
          [
            6.272419,
            50.556027
          ],
          [
            6.2726047,
            50.5560494
          ],
          [
            6.2732842,
            50.556084
          ],
          [
            6.2746575,
            50.5560998
          ],
          [
            6.2758513,
            50.5562134
          ],
          [
            6.2761339,
            50.5562015
          ],
          [
            6.2764362,
            50.5562114
          ],
          [
            6.2767484,
            50.5562382
          ],
          [
            6.277125,
            50.5563581
          ]
        ]
      }
    },
    {
      "type": "Feature",
      "properties": {
        "name": "Rur",
        "type": "Fluss"
      },
      "geometry": {
        "type": "LineString",
        "coordinates": [
          [
            6.443442,
            50.6378045
          ],
          [
            6.4443923,
            50.637406
          ],
          [
            6.4464276,
            50.6376993
          ],
          [
            6.4472163,
            50.6377836
          ],
          [
            6.448796,
            50.6377783
          ],
          [
            6.4489424,
            50.6377705
          ],
          [
            6.4490873,
            50.6377021
          ],
          [
            6.4492576,
            50.6375223
          ],
          [
            6.450939,
            50.6363435
          ],
          [
            6.4518207,
            50.6346748
          ],
          [
            6.4523601,
            50.6327331
          ],
          [
            6.4525489,
            50.6320533
          ],
          [
            6.4523522,
            50.6295363
          ],
          [
            6.4527281,
            50.6291215
          ],
          [
            6.4530805,
            50.6287327
          ],
          [
            6.4541999,
            50.6282238
          ],
          [
            6.4550538,
            50.6282479
          ],
          [
            6.4563971,
            50.6285838
          ],
          [
            6.4586631,
            50.6291791
          ],
          [
            6.4609231,
            50.6295879
          ],
          [
            6.4634709,
            50.6297555
          ],
          [
            6.4650599,
            50.629528
          ],
          [
            6.4678604,
            50.6289316
          ],
          [
            6.46891,
            50.6287399
          ],
          [
            6.4718045,
            50.6282112
          ],
          [
            6.4725908,
            50.6280676
          ],
          [
            6.4750955,
            50.6278098
          ],
          [
            6.4776675,
            50.6279744
          ],
          [
            6.4789302,
            50.628353
          ],
          [
            6.4791718,
            50.6284728
          ]
        ]
      }
    },
    {
      "type": "Feature",
      "properties": {
        "name": "Rur",
        "type": "Fluss"
      },
      "geometry": {
        "type": "LineString",
        "coordinates": [
          [
            6.1543104,
            51.0760262
          ],
          [
            6.1547101,
            51.0765948
          ],
          [
            6.1552911,
            51.077452
          ],
          [
            6.1553159,
            51.0781836
          ],
          [
            6.1553901,
            51.0785866
          ],
          [
            6.1554001,
            51.0786411
          ],
          [
            6.1554103,
            51.0788991
          ],
          [
            6.1553567,
            51.079132
          ],
          [
            6.1551568,
            51.0794569
          ],
          [
            6.1545275,
            51.0800402
          ],
          [
            6.1537641,
            51.0803922
          ],
          [
            6.1532164,
            51.0805541
          ],
          [
            6.1526541,
            51.0806301
          ],
          [
            6.1505164,
            51.0808729
          ],
          [
            6.1495652,
            51.0810125
          ],
          [
            6.1493329,
            51.0810163
          ],
          [
            6.1488422,
            51.0811577
          ],
          [
            6.1483278,
            51.0813923
          ],
          [
            6.1478933,
            51.081792
          ],
          [
            6.1476502,
            51.082121
          ],
          [
            6.147539,
            51.0825566
          ],
          [
            6.1475344,
            51.0832047
          ],
          [
            6.1473711,
            51.0836694
          ],
          [
            6.1470479,
            51.084099
          ],
          [
            6.146512,
            51.0843995
          ],
          [
            6.1459739,
            51.0846127
          ],
          [
            6.1458426,
            51.0846415
          ],
          [
            6.1438563,
            51.0848808
          ],
          [
            6.1427181,
            51.0853451
          ],
          [
            6.1425062,
            51.0854333
          ],
          [
            6.1409247,
            51.0856932
          ],
          [
            6.1403644,
            51.0857573
          ],
          [
            6.1388947,
            51.0859256
          ],
          [
            6.1368673,
            51.0863173
          ],
          [
            6.1347163,
            51.0869858
          ],
          [
            6.1332514,
            51.0876869
          ],
          [
            6.1321352,
            51.0882784
          ],
          [
            6.1312518,
            51.088657
          ],
          [
            6.1304484,
            51.0889071
          ],
          [
            6.1292403,
            51.0890233
          ],
          [
            6.1274543,
            51.0889287
          ],
          [
            6.1270654,
            51.0889327
          ],
          [
            6.1266784,
            51.0889493
          ],
          [
            6.1258729,
            51.0891056
          ],
          [
            6.1251246,
            51.0893519
          ],
          [
            6.1244736,
            51.0896374
          ],
          [
            6.1239387,
            51.0899653
          ],
          [
            6.1223343,
            51.0917179
          ],
          [
            6.1215669,
            51.0925284
          ],
          [
            6.1204857,
            51.0932732
          ],
          [
            6.1197532,
            51.0939523
          ],
          [
            6.1188422,
            51.095534
          ],
          [
            6.1187505,
            51.095671
          ],
          [
            6.1186357,
            51.0958
          ],
          [
            6.118215,
            51.0961614
          ],
          [
            6.1175425,
            51.0965429
          ],
          [
            6.1171988,
            51.0966576
          ],
          [
            6.1170141,
            51.0967065
          ],
          [
            6.1168224,
            51.0967487
          ],
          [
            6.1163576,
            51.096824
          ],
          [
            6.1159075,
            51.096881
          ],
          [
            6.1152777,
            51.0969365
          ],
          [
            6.1146609,
            51.0969533
          ],
          [
            6.1124291,
            51.0971254
          ],
          [
            6.1107953,
            51.0975675
          ],
          [
            6.1107097,
            51.0975936
          ],
          [
            6.1101131,
            51.0977813
          ],
          [
            6.1095802,
            51.0979334
          ],
          [
            6.1092833,
            51.0979657
          ],
          [
            6.1088275,
            51.0979605
          ],
          [
            6.1078944,
            51.0978951
          ],
          [
            6.1062929,
            51.0978072
          ],
          [
            6.1038251,
            51.097681
          ],
          [
            6.1030462,
            51.0978513
          ],
          [
            6.1024148,
            51.097941
          ],
          [
            6.1017557,
            51.0982894
          ],
          [
            6.1010636,
            51.0988215
          ],
          [
            6.1007208,
            51.0991901
          ],
          [
            6.0998786,
            51.1002789
          ],
          [
            6.0993769,
            51.1007063
          ],
          [
            6.098783,
            51.1010859
          ],
          [
            6.0986226,
            51.1011884
          ],
          [
            6.0982512,
            51.1015588
          ],
          [
            6.0978815,
            51.1019898
          ],
          [
            6.0976212,
            51.10221
          ],
          [
            6.0970646,
            51.1025979
          ],
          [
            6.0966689,
            51.1027546
          ],
          [
            6.0961284,
            51.1028955
          ],
          [
            6.095572,
            51.102921
          ],
          [
            6.0947799,
            51.1029327
          ],
          [
            6.0942516,
            51.1029313
          ],
          [
            6.0937117,
            51.1031031
          ],
          [
            6.0930081,
            51.1034944
          ],
          [
            6.0917803,
            51.10486
          ],
          [
            6.0913612,
            51.1055112
          ],
          [
            6.091325,
            51.1059876
          ],
          [
            6.0913731,
            51.1062523
          ],
          [
            6.0913927,
            51.1063602
          ],
          [
            6.0918136,
            51.1071375
          ],
          [
            6.0918131,
            51.1077233
          ],
          [
            6.0914952,
            51.1088122
          ],
          [
            6.0910827,
            51.1097082
          ],
          [
            6.0911044,
            51.1100037
          ],
          [
            6.0915494,
            51.1106938
          ],
          [
            6.091563,
            51.1108334
          ],
          [
            6.0915656,
            51.111105
          ],
          [
            6.0915354,
            51.1112075
          ],
          [
            6.091491,
            51.1113107
          ],
          [
            6.0912914,
            51.1115092
          ],
          [
            6.0910632,
            51.1117059
          ],
          [
            6.0905521,
            51.1120109
          ],
          [
            6.0892354,
            51.1125889
          ],
          [
            6.0881555,
            51.1131096
          ],
          [
            6.0875147,
            51.1137622
          ],
          [
            6.0871161,
            51.1146779
          ],
          [
            6.086755,
            51.1155074
          ],
          [
            6.0866373,
            51.1167975
          ],
          [
            6.0863417,
            51.1173952
          ],
          [
            6.0857437,
            51.1179995
          ],
          [
            6.0843538,
            51.1186619
          ],
          [
            6.0839001,
            51.11887
          ],
          [
            6.0834474,
            51.1190789
          ],
          [
            6.0830203,
            51.1195187
          ],
          [
            6.0818262,
            51.1211122
          ],
          [
            6.0816065,
            51.1212842
          ],
          [
            6.0805291,
            51.1221275
          ]
        ]
      }
    },
    {
      "type": "Feature",
      "properties": {
        "name": "Rur",
        "type": "Fluss"
      },
      "geometry": {
        "type": "LineString",
        "coordinates": [
          [
            6.4890194,
            50.7330741
          ],
          [
            6.4892978,
            50.7345797
          ],
          [
            6.4889791,
            50.7353343
          ],
          [
            6.488802,
            50.7361225
          ],
          [
            6.4886722,
            50.7371571
          ],
          [
            6.4883798,
            50.7380951
          ],
          [
            6.4878695,
            50.7392078
          ],
          [
            6.4873029,
            50.7400332
          ],
          [
            6.4860258,
            50.7408853
          ],
          [
            6.4844436,
            50.7416853
          ],
          [
            6.4832236,
            50.7422144
          ],
          [
            6.4828605,
            50.7424026
          ],
          [
            6.4825652,
            50.7426109
          ],
          [
            6.4824051,
            50.7428109
          ],
          [
            6.4816246,
            50.7433903
          ],
          [
            6.4811907,
            50.7438662
          ],
          [
            6.4809843,
            50.7440673
          ],
          [
            6.4807087,
            50.7445525
          ],
          [
            6.4821265,
            50.7468649
          ],
          [
            6.4823344,
            50.7472041
          ],
          [
            6.4824968,
            50.7476391
          ],
          [
            6.4830669,
            50.7482394
          ],
          [
            6.4834004,
            50.7485603
          ],
          [
            6.483638,
            50.7489168
          ],
          [
            6.4836909,
            50.7492467
          ],
          [
            6.4835874,
            50.7497607
          ],
          [
            6.4834459,
            50.7500789
          ],
          [
            6.4832471,
            50.7505871
          ],
          [
            6.4823652,
            50.7521524
          ],
          [
            6.4823081,
            50.7523631
          ],
          [
            6.4822634,
            50.7534755
          ],
          [
            6.4822459,
            50.754607
          ],
          [
            6.4822397,
            50.7551831
          ],
          [
            6.4822929,
            50.7557749
          ],
          [
            6.4824826,
            50.7564854
          ],
          [
            6.4826978,
            50.7572788
          ],
          [
            6.4830508,
            50.7580982
          ],
          [
            6.4841785,
            50.7601119
          ],
          [
            6.4843335,
            50.76051
          ],
          [
            6.4843892,
            50.7607438
          ],
          [
            6.4843831,
            50.7609417
          ],
          [
            6.4842679,
            50.7614209
          ],
          [
            6.4835556,
            50.7624139
          ],
          [
            6.4834826,
            50.7626881
          ],
          [
            6.4834549,
            50.7629798
          ],
          [
            6.4835401,
            50.7633365
          ],
          [
            6.4836587,
            50.7635603
          ],
          [
            6.4838913,
            50.7638222
          ],
          [
            6.4840061,
            50.7639785
          ],
          [
            6.4840175,
            50.7640147
          ],
          [
            6.486545,
            50.767053
          ],
          [
            6.4866393,
            50.7676156
          ],
          [
            6.4864491,
            50.7680653
          ],
          [
            6.485933,
            50.7683784
          ],
          [
            6.4850623,
            50.7688036
          ],
          [
            6.4848084,
            50.7695584
          ],
          [
            6.4848459,
            50.7703603
          ],
          [
            6.4852068,
            50.7708886
          ],
          [
            6.4852277,
            50.7712335
          ],
          [
            6.485041,
            50.7718687
          ],
          [
            6.4846743,
            50.7725552
          ],
          [
            6.4841466,
            50.773279
          ],
          [
            6.4840416,
            50.7734636
          ],
          [
            6.4829668,
            50.775354
          ],
          [
            6.4828735,
            50.7756813
          ],
          [
            6.4828381,
            50.776164
          ],
          [
            6.4828379,
            50.7770594
          ],
          [
            6.4828544,
            50.7778555
          ],
          [
            6.4828116,
            50.7785818
          ],
          [
            6.4827621,
            50.7788706
          ],
          [
            6.4826879,
            50.7790831
          ],
          [
            6.4817877,
            50.7808461
          ],
          [
            6.4814987,
            50.7813802
          ],
          [
            6.4801982,
            50.7837366
          ],
          [
            6.4801155,
            50.7840835
          ],
          [
            6.4801162,
            50.7843223
          ],
          [
            6.4804304,
            50.7861038
          ],
          [
            6.480855,
            50.7878974
          ],
          [
            6.4808878,
            50.7884688
          ],
          [
            6.4806724,
            50.7891053
          ],
          [
            6.4801278,
            50.7902252
          ],
          [
            6.4797835,
            50.7909334
          ],
          [
            6.4792862,
            50.7920622
          ],
          [
            6.474388,
            50.7957601
          ],
          [
            6.4699677,
            50.7990856
          ],
          [
            6.4686212,
            50.8000961
          ],
          [
            6.4675033,
            50.8010569
          ],
          [
            6.4667838,
            50.8017969
          ],
          [
            6.4665519,
            50.8020993
          ],
          [
            6.4662329,
            50.802557
          ],
          [
            6.4656283,
            50.8029792
          ],
          [
            6.4647282,
            50.8038647
          ],
          [
            6.4640398,
            50.8054934
          ],
          [
            6.463126,
            50.8076556
          ],
          [
            6.4625021,
            50.8088179
          ],
          [
            6.4611693,
            50.8104156
          ],
          [
            6.4604192,
            50.8113557
          ],
          [
            6.459894,
            50.8120468
          ],
          [
            6.4589767,
            50.813067
          ],
          [
            6.4584098,
            50.8135058
          ],
          [
            6.4581021,
            50.8136998
          ],
          [
            6.4576448,
            50.8139722
          ],
          [
            6.4574259,
            50.8141264
          ],
          [
            6.4565855,
            50.814882
          ],
          [
            6.4560551,
            50.8159392
          ],
          [
            6.4560489,
            50.8163075
          ],
          [
            6.4560458,
            50.8164919
          ],
          [
            6.456288,
            50.8171555
          ],
          [
            6.4566319,
            50.817625
          ],
          [
            6.4568561,
            50.8180429
          ],
          [
            6.4572516,
            50.818447
          ],
          [
            6.4573432,
            50.8185405
          ],
          [
            6.4575081,
            50.8190849
          ],
          [
            6.4575481,
            50.8196358
          ],
          [
            6.4572705,
            50.8204708
          ],
          [
            6.4567621,
            50.8210639
          ],
          [
            6.4561888,
            50.8215013
          ],
          [
            6.4547677,
            50.8227377
          ],
          [
            6.4544905,
            50.8229517
          ],
          [
            6.4529397,
            50.8241486
          ],
          [
            6.4519272,
            50.8249759
          ],
          [
            6.4513152,
            50.8256736
          ],
          [
            6.4507825,
            50.8263813
          ],
          [
            6.4501176,
            50.8278811
          ],
          [
            6.4498456,
            50.8292525
          ],
          [
            6.4497051,
            50.82973
          ],
          [
            6.4495177,
            50.830081
          ],
          [
            6.4489011,
            50.8308317
          ],
          [
            6.4474995,
            50.8318253
          ],
          [
            6.4468006,
            50.8323278
          ],
          [
            6.4463052,
            50.8328501
          ],
          [
            6.4443442,
            50.8352897
          ],
          [
            6.4436113,
            50.836201
          ],
          [
            6.4425955,
            50.837464
          ],
          [
            6.4418757,
            50.8381802
          ],
          [
            6.4408532,
            50.8390647
          ],
          [
            6.4402159,
            50.83983
          ],
          [
            6.4401117,
            50.8400671
          ],
          [
            6.4399826,
            50.8403607
          ],
          [
            6.4398448,
            50.8410567
          ],
          [
            6.4398461,
            50.842117
          ],
          [
            6.4401294,
            50.8434676
          ],
          [
            6.4402895,
            50.8441384
          ],
          [
            6.4401523,
            50.8451655
          ],
          [
            6.4385749,
            50.8471775
          ],
          [
            6.4383701,
            50.847705
          ],
          [
            6.4386051,
            50.8490171
          ],
          [
            6.4386354,
            50.8495161
          ],
          [
            6.4386047,
            50.8498212
          ],
          [
            6.4381682,
            50.8505643
          ],
          [
            6.4372791,
            50.8513163
          ],
          [
            6.4361476,
            50.8519342
          ],
          [
            6.4349627,
            50.8524862
          ],
          [
            6.4339907,
            50.8532227
          ],
          [
            6.4333082,
            50.8540754
          ],
          [
            6.4329148,
            50.8550756
          ],
          [
            6.4329393,
            50.8552701
          ],
          [
            6.4330079,
            50.8558139
          ],
          [
            6.4336143,
            50.8570095
          ],
          [
            6.4337934,
            50.8576853
          ],
          [
            6.4338439,
            50.8583597
          ],
          [
            6.4337385,
            50.8588109
          ],
          [
            6.4336548,
            50.8591696
          ],
          [
            6.4332383,
            50.859919
          ],
          [
            6.4330541,
            50.8602959
          ],
          [
            6.4330086,
            50.8605064
          ],
          [
            6.4329805,
            50.8607196
          ],
          [
            6.4328808,
            50.861376
          ],
          [
            6.4328924,
            50.8620402
          ],
          [
            6.4327711,
            50.8627217
          ],
          [
            6.4324967,
            50.8631971
          ],
          [
            6.4316863,
            50.8637055
          ],
          [
            6.4315235,
            50.8638076
          ],
          [
            6.4306976,
            50.8641137
          ],
          [
            6.4301903,
            50.864261
          ],
          [
            6.4289475,
            50.864622
          ],
          [
            6.4278575,
            50.8649035
          ],
          [
            6.4266949,
            50.8653786
          ],
          [
            6.4255051,
            50.8660313
          ],
          [
            6.4241506,
            50.8670052
          ],
          [
            6.4229271,
            50.8676677
          ],
          [
            6.4224507,
            50.867812
          ],
          [
            6.4222149,
            50.8678834
          ],
          [
            6.4201605,
            50.8681639
          ],
          [
            6.4188976,
            50.8686073
          ],
          [
            6.417806,
            50.8692484
          ],
          [
            6.4169084,
            50.8701742
          ],
          [
            6.4161371,
            50.8709392
          ],
          [
            6.4157562,
            50.8712183
          ],
          [
            6.4153073,
            50.8714529
          ],
          [
            6.4148269,
            50.8716846
          ],
          [
            6.4143793,
            50.8719916
          ],
          [
            6.4140868,
            50.8722305
          ],
          [
            6.4137776,
            50.8726133
          ],
          [
            6.4135898,
            50.8729904
          ],
          [
            6.4133839,
            50.8736981
          ],
          [
            6.4132777,
            50.8740632
          ],
          [
            6.4131333,
            50.874567
          ],
          [
            6.4127961,
            50.8750486
          ],
          [
            6.4121534,
            50.8755839
          ],
          [
            6.4116574,
            50.8759015
          ],
          [
            6.4113533,
            50.8760362
          ],
          [
            6.4110536,
            50.8761368
          ],
          [
            6.4096512,
            50.8766595
          ],
          [
            6.4092206,
            50.876887
          ],
          [
            6.4088732,
            50.8771273
          ],
          [
            6.4082178,
            50.877733
          ],
          [
            6.4076839,
            50.8783643
          ],
          [
            6.4064703,
            50.8798975
          ],
          [
            6.4055907,
            50.8808229
          ],
          [
            6.4051564,
            50.8811731
          ],
          [
            6.4047004,
            50.8814883
          ],
          [
            6.4043304,
            50.8817346
          ],
          [
            6.4038908,
            50.8819922
          ],
          [
            6.4033957,
            50.8822331
          ],
          [
            6.4029396,
            50.8824412
          ],
          [
            6.4025048,
            50.8826062
          ],
          [
            6.4020228,
            50.8827712
          ],
          [
            6.401698,
            50.8828886
          ],
          [
            6.401221,
            50.8830296
          ],
          [
            6.3985036,
            50.8834953
          ],
          [
            6.396917,
            50.8838467
          ],
          [
            6.3958997,
            50.8843509
          ],
          [
            6.3950165,
            50.8852537
          ],
          [
            6.3946929,
            50.8855237
          ],
          [
            6.3943396,
            50.8857295
          ],
          [
            6.3939812,
            50.8858967
          ],
          [
            6.3933691,
            50.8861451
          ],
          [
            6.3930107,
            50.8862371
          ],
          [
            6.3926523,
            50.8862968
          ],
          [
            6.3922759,
            50.8863574
          ],
          [
            6.3918076,
            50.8864052
          ],
          [
            6.3909578,
            50.8864748
          ],
          [
            6.3894672,
            50.8869268
          ],
          [
            6.3882743,
            50.8877904
          ],
          [
            6.3878019,
            50.8884884
          ],
          [
            6.3870961,
            50.8890271
          ],
          [
            6.3862911,
            50.889415
          ],
          [
            6.3852959,
            50.8896931
          ],
          [
            6.3842201,
            50.8900004
          ],
          [
            6.3840856,
            50.8900385
          ],
          [
            6.3838241,
            50.8900857
          ],
          [
            6.3834213,
            50.8901367
          ],
          [
            6.3827373,
            50.8901748
          ],
          [
            6.3822501,
            50.8902464
          ],
          [
            6.381097,
            50.8905196
          ],
          [
            6.3808606,
            50.8906012
          ],
          [
            6.3807036,
            50.8907307
          ],
          [
            6.3805465,
            50.890842
          ],
          [
            6.3804663,
            50.8909624
          ],
          [
            6.3804092,
            50.8910901
          ],
          [
            6.3803642,
            50.8913309
          ],
          [
            6.3803721,
            50.8914247
          ],
          [
            6.3803479,
            50.8915266
          ],
          [
            6.3804078,
            50.8916523
          ],
          [
            6.3805284,
            50.8917062
          ],
          [
            6.380733,
            50.8917095
          ],
          [
            6.3808463,
            50.8916542
          ],
          [
            6.3809766,
            50.8916031
          ],
          [
            6.3811704,
            50.8916342
          ],
          [
            6.3813011,
            50.8916938
          ],
          [
            6.3814481,
            50.8917422
          ],
          [
            6.3814967,
            50.8918846
          ],
          [
            6.3814321,
            50.89203
          ],
          [
            6.3814489,
            50.892128
          ],
          [
            6.3813695,
            50.8923299
          ],
          [
            6.381329,
            50.8924644
          ],
          [
            6.3811934,
            50.8925661
          ],
          [
            6.3810489,
            50.8925891
          ],
          [
            6.3809209,
            50.8926017
          ],
          [
            6.3807062,
            50.8925674
          ],
          [
            6.3805552,
            50.8925066
          ],
          [
            6.3804264,
            50.8924693
          ],
          [
            6.3802901,
            50.8924183
          ],
          [
            6.3800957,
            50.8924162
          ],
          [
            6.3799759,
            50.8924882
          ],
          [
            6.3799064,
            50.8926186
          ],
          [
            6.3798978,
            50.8927778
          ],
          [
            6.3795256,
            50.8930542
          ],
          [
            6.3789768,
            50.893279
          ],
          [
            6.3781557,
            50.8937416
          ],
          [
            6.377787,
            50.893899
          ],
          [
            6.3776611,
            50.8939757
          ],
          [
            6.3775982,
            50.8940451
          ],
          [
            6.377623,
            50.8941387
          ],
          [
            6.3776614,
            50.8941954
          ],
          [
            6.3778628,
            50.8944029
          ],
          [
            6.3780286,
            50.8944984
          ],
          [
            6.378041,
            50.8946209
          ],
          [
            6.3779729,
            50.8946997
          ],
          [
            6.3777159,
            50.8948569
          ],
          [
            6.3775297,
            50.8949193
          ],
          [
            6.3772358,
            50.8949246
          ],
          [
            6.3769196,
            50.8949041
          ],
          [
            6.3764796,
            50.8949251
          ],
          [
            6.376218,
            50.8950153
          ],
          [
            6.3760678,
            50.8951523
          ],
          [
            6.3760444,
            50.8953671
          ],
          [
            6.3760252,
            50.8954652
          ],
          [
            6.3759727,
            50.8955328
          ],
          [
            6.3752116,
            50.8961329
          ],
          [
            6.3743717,
            50.8964801
          ],
          [
            6.3738328,
            50.8967866
          ],
          [
            6.3730309,
            50.8973916
          ],
          [
            6.3714399,
            50.8982417
          ],
          [
            6.3706287,
            50.8984278
          ],
          [
            6.3698075,
            50.8985673
          ],
          [
            6.3690704,
            50.8987201
          ],
          [
            6.3684178,
            50.8988566
          ],
          [
            6.3680736,
            50.8990144
          ],
          [
            6.3672696,
            50.8995511
          ],
          [
            6.3671533,
            50.8995799
          ],
          [
            6.3670158,
            50.8998508
          ],
          [
            6.3670793,
            50.8999666
          ],
          [
            6.3669872,
            50.9001888
          ],
          [
            6.3669497,
            50.9002642
          ],
          [
            6.3668708,
            50.9003201
          ],
          [
            6.366635,
            50.9004219
          ],
          [
            6.3656806,
            50.9008434
          ],
          [
            6.3650465,
            50.9010434
          ],
          [
            6.364478,
            50.9010544
          ],
          [
            6.3641185,
            50.9009472
          ],
          [
            6.3638658,
            50.900765
          ],
          [
            6.3632666,
            50.900151
          ],
          [
            6.3628972,
            50.8998216
          ],
          [
            6.3623103,
            50.8997735
          ],
          [
            6.3620127,
            50.8998548
          ],
          [
            6.361323,
            50.900065
          ],
          [
            6.3605476,
            50.9004509
          ],
          [
            6.3587935,
            50.9012595
          ],
          [
            6.3587026,
            50.9015307
          ],
          [
            6.3588145,
            50.9018965
          ],
          [
            6.3589061,
            50.9023556
          ],
          [
            6.3589142,
            50.9026525
          ],
          [
            6.3588165,
            50.9029273
          ],
          [
            6.3586298,
            50.9032876
          ],
          [
            6.3582019,
            50.9039267
          ],
          [
            6.3577743,
            50.9043339
          ],
          [
            6.3573503,
            50.9046588
          ],
          [
            6.3569056,
            50.9049465
          ],
          [
            6.3567162,
            50.9051708
          ],
          [
            6.3564425,
            50.9069519
          ],
          [
            6.3560657,
            50.9081854
          ],
          [
            6.3553351,
            50.9096929
          ],
          [
            6.3550016,
            50.9102587
          ],
          [
            6.3546151,
            50.910938
          ],
          [
            6.3541203,
            50.9122327
          ],
          [
            6.353353,
            50.9141588
          ],
          [
            6.3528967,
            50.9148999
          ],
          [
            6.3526272,
            50.9172463
          ],
          [
            6.3523789,
            50.9185232
          ],
          [
            6.3522655,
            50.9191063
          ],
          [
            6.3519826,
            50.9205616
          ],
          [
            6.351658,
            50.9214237
          ],
          [
            6.3513339,
            50.922039
          ],
          [
            6.3511557,
            50.922422
          ],
          [
            6.3506454,
            50.9231293
          ],
          [
            6.3502077,
            50.9237948
          ],
          [
            6.3492237,
            50.9253531
          ],
          [
            6.3486445,
            50.9263028
          ],
          [
            6.3480815,
            50.92724
          ],
          [
            6.3470283,
            50.9287895
          ],
          [
            6.3464815,
            50.9295604
          ],
          [
            6.3460285,
            50.9302875
          ],
          [
            6.3458537,
            50.930962
          ],
          [
            6.345396,
            50.9315338
          ],
          [
            6.3453026,
            50.9320892
          ],
          [
            6.3452218,
            50.9325983
          ],
          [
            6.3450863,
            50.9330685
          ],
          [
            6.3451892,
            50.9334279
          ],
          [
            6.345219,
            50.933671
          ],
          [
            6.3452363,
            50.9339244
          ],
          [
            6.3453444,
            50.934252
          ],
          [
            6.3452686,
            50.9346572
          ],
          [
            6.3452898,
            50.9348432
          ],
          [
            6.345452,
            50.9352057
          ],
          [
            6.3455688,
            50.9357819
          ],
          [
            6.3455482,
            50.9360197
          ],
          [
            6.3454892,
            50.9362126
          ],
          [
            6.3452417,
            50.936756
          ],
          [
            6.3448381,
            50.9371726
          ],
          [
            6.344485,
            50.9374545
          ],
          [
            6.3435181,
            50.9379742
          ],
          [
            6.3418306,
            50.9384736
          ],
          [
            6.3409869,
            50.9388393
          ],
          [
            6.3404711,
            50.9393463
          ],
          [
            6.3398299,
            50.9400418
          ],
          [
            6.3393496,
            50.9403903
          ],
          [
            6.3389418,
            50.9406044
          ],
          [
            6.3382194,
            50.9407735
          ],
          [
            6.3367328,
            50.9409635
          ],
          [
            6.3358086,
            50.9410888
          ],
          [
            6.3354069,
            50.9413381
          ],
          [
            6.3351676,
            50.9416464
          ],
          [
            6.3350533,
            50.9418627
          ],
          [
            6.3350331,
            50.9420031
          ],
          [
            6.3351056,
            50.9421396
          ],
          [
            6.3353654,
            50.9423223
          ],
          [
            6.3356929,
            50.9424994
          ],
          [
            6.3357467,
            50.9426123
          ],
          [
            6.3356941,
            50.9427038
          ],
          [
            6.3353185,
            50.9430531
          ],
          [
            6.3347488,
            50.943322
          ],
          [
            6.3336015,
            50.9436363
          ],
          [
            6.3330415,
            50.9437673
          ],
          [
            6.3325147,
            50.9440136
          ],
          [
            6.3322722,
            50.9443409
          ],
          [
            6.3322099,
            50.9445332
          ],
          [
            6.3322417,
            50.9448996
          ],
          [
            6.3321748,
            50.9451378
          ],
          [
            6.3320155,
            50.9454425
          ],
          [
            6.3317502,
            50.9457628
          ],
          [
            6.331516,
            50.9459124
          ],
          [
            6.3312533,
            50.9460031
          ],
          [
            6.3309753,
            50.9460201
          ],
          [
            6.3305954,
            50.9459407
          ],
          [
            6.330027,
            50.9457901
          ],
          [
            6.329709,
            50.9457318
          ],
          [
            6.3294765,
            50.9457273
          ],
          [
            6.3286828,
            50.9457962
          ],
          [
            6.3281294,
            50.9457198
          ],
          [
            6.3276188,
            50.9455588
          ],
          [
            6.3272253,
            50.9454092
          ],
          [
            6.3270673,
            50.9452908
          ],
          [
            6.3268957,
            50.9452119
          ],
          [
            6.3266452,
            50.9452359
          ],
          [
            6.3263658,
            50.9453081
          ],
          [
            6.3260107,
            50.9454041
          ],
          [
            6.3248911,
            50.9462241
          ],
          [
            6.3247906,
            50.9464422
          ],
          [
            6.3247933,
            50.9466858
          ],
          [
            6.3248696,
            50.9468746
          ],
          [
            6.3250903,
            50.9470822
          ],
          [
            6.3253897,
            50.9472486
          ],
          [
            6.3258718,
            50.9476313
          ],
          [
            6.3260706,
            50.9477102
          ],
          [
            6.3261184,
            50.9479073
          ],
          [
            6.3258799,
            50.9482695
          ],
          [
            6.3256387,
            50.9484038
          ],
          [
            6.3249636,
            50.9485735
          ],
          [
            6.3241753,
            50.9487824
          ],
          [
            6.3236033,
            50.9491134
          ],
          [
            6.3230676,
            50.9493513
          ],
          [
            6.3227232,
            50.9495061
          ],
          [
            6.3223341,
            50.9497416
          ],
          [
            6.3218127,
            50.9502074
          ],
          [
            6.3214136,
            50.9504468
          ],
          [
            6.3207537,
            50.9506571
          ],
          [
            6.3202996,
            50.9506753
          ],
          [
            6.3198569,
            50.9506581
          ],
          [
            6.3195893,
            50.9506373
          ],
          [
            6.3193882,
            50.950591
          ],
          [
            6.319163,
            50.9504801
          ],
          [
            6.3190311,
            50.9503318
          ],
          [
            6.3189354,
            50.9502032
          ],
          [
            6.3189517,
            50.9500796
          ],
          [
            6.3190533,
            50.9498883
          ],
          [
            6.319225,
            50.9497655
          ],
          [
            6.3201544,
            50.9492702
          ],
          [
            6.3203626,
            50.9490267
          ],
          [
            6.3203651,
            50.9488821
          ],
          [
            6.3201879,
            50.9487796
          ],
          [
            6.3198858,
            50.9486573
          ],
          [
            6.3193617,
            50.9485833
          ],
          [
            6.3189077,
            50.9485943
          ],
          [
            6.318549,
            50.9486612
          ],
          [
            6.3180931,
            50.9488582
          ],
          [
            6.317029,
            50.9493933
          ],
          [
            6.3169307,
            50.9495027
          ],
          [
            6.3167948,
            50.9496387
          ],
          [
            6.3167267,
            50.9497794
          ],
          [
            6.3168248,
            50.9499012
          ],
          [
            6.3171576,
            50.9500629
          ],
          [
            6.3173449,
            50.9502426
          ],
          [
            6.3177289,
            50.9504639
          ],
          [
            6.317813,
            50.9505419
          ],
          [
            6.3178072,
            50.9505954
          ],
          [
            6.3176036,
            50.9507608
          ],
          [
            6.3171442,
            50.9510219
          ],
          [
            6.3169072,
            50.9511001
          ],
          [
            6.3166765,
            50.9511216
          ],
          [
            6.3160758,
            50.9510764
          ],
          [
            6.3158487,
            50.9510436
          ],
          [
            6.3155402,
            50.9510178
          ],
          [
            6.315339,
            50.9509903
          ],
          [
            6.3149844,
            50.9508975
          ],
          [
            6.314578,
            50.9508174
          ],
          [
            6.3142809,
            50.9507761
          ],
          [
            6.3141777,
            50.9507618
          ],
          [
            6.3131579,
            50.9510367
          ],
          [
            6.3129598,
            50.9511109
          ],
          [
            6.3128554,
            50.9510741
          ],
          [
            6.3127312,
            50.9509501
          ],
          [
            6.31211,
            50.9507293
          ],
          [
            6.3116218,
            50.95045
          ],
          [
            6.3115496,
            50.9504056
          ],
          [
            6.3114523,
            50.9502914
          ],
          [
            6.3112909,
            50.9501019
          ],
          [
            6.3110737,
            50.9498233
          ],
          [
            6.3106291,
            50.949613
          ],
          [
            6.310348,
            50.9495227
          ],
          [
            6.3099374,
            50.9495529
          ],
          [
            6.3096106,
            50.9497245
          ],
          [
            6.3091857,
            50.9500419
          ],
          [
            6.3089788,
            50.9502666
          ],
          [
            6.3089742,
            50.950357
          ],
          [
            6.3089709,
            50.9504205
          ],
          [
            6.3089869,
            50.9506321
          ],
          [
            6.3091531,
            50.9507316
          ],
          [
            6.3091994,
            50.951013
          ],
          [
            6.3090584,
            50.9512163
          ],
          [
            6.309061,
            50.9513214
          ],
          [
            6.3091012,
            50.951422
          ],
          [
            6.3091858,
            50.9516498
          ],
          [
            6.3091915,
            50.951776
          ],
          [
            6.309143,
            50.9518938
          ],
          [
            6.3090643,
            50.9520041
          ],
          [
            6.308961,
            50.9520796
          ],
          [
            6.3088426,
            50.952147
          ],
          [
            6.3087051,
            50.9521904
          ],
          [
            6.3085514,
            50.9522227
          ],
          [
            6.3084027,
            50.9522283
          ],
          [
            6.3082575,
            50.9522272
          ],
          [
            6.3079925,
            50.952201
          ],
          [
            6.3078622,
            50.9521665
          ],
          [
            6.3077438,
            50.9521253
          ],
          [
            6.3076492,
            50.9520544
          ],
          [
            6.3074547,
            50.9517045
          ],
          [
            6.3073283,
            50.9514668
          ],
          [
            6.3072155,
            50.9513842
          ],
          [
            6.3070843,
            50.9513312
          ],
          [
            6.3069712,
            50.9513251
          ],
          [
            6.3068604,
            50.9513286
          ],
          [
            6.3066253,
            50.9513676
          ],
          [
            6.3063915,
            50.9513948
          ],
          [
            6.3060197,
            50.9513958
          ],
          [
            6.3056423,
            50.9513503
          ],
          [
            6.3054533,
            50.9513544
          ],
          [
            6.3052597,
            50.9513672
          ],
          [
            6.3050621,
            50.9513891
          ],
          [
            6.3048996,
            50.9514241
          ],
          [
            6.3044962,
            50.9516607
          ],
          [
            6.3043081,
            50.9520307
          ],
          [
            6.304082,
            50.9523891
          ],
          [
            6.303948,
            50.9527142
          ],
          [
            6.3039127,
            50.9529597
          ],
          [
            6.30404,
            50.9531768
          ],
          [
            6.3041211,
            50.9533479
          ],
          [
            6.3042965,
            50.9535316
          ],
          [
            6.3048011,
            50.9536976
          ],
          [
            6.3051897,
            50.9537605
          ],
          [
            6.3053716,
            50.953868
          ],
          [
            6.3053744,
            50.954018
          ],
          [
            6.3051655,
            50.9542254
          ],
          [
            6.3046169,
            50.9543801
          ],
          [
            6.3042757,
            50.954473
          ],
          [
            6.3040853,
            50.9546232
          ],
          [
            6.3039435,
            50.954828
          ],
          [
            6.3038628,
            50.9551059
          ],
          [
            6.3036905,
            50.9553196
          ],
          [
            6.303389,
            50.9554918
          ],
          [
            6.3030723,
            50.955729
          ],
          [
            6.3027133,
            50.9558154
          ],
          [
            6.3023589,
            50.9558235
          ],
          [
            6.3019517,
            50.9556823
          ],
          [
            6.3017536,
            50.9555486
          ],
          [
            6.3016685,
            50.9553542
          ],
          [
            6.3017273,
            50.9549953
          ],
          [
            6.3021011,
            50.9539932
          ],
          [
            6.3020326,
            50.9537774
          ],
          [
            6.3018586,
            50.953593
          ],
          [
            6.301368,
            50.9533251
          ],
          [
            6.3009381,
            50.9531602
          ],
          [
            6.3008435,
            50.9531636
          ],
          [
            6.3005322,
            50.9531748
          ],
          [
            6.3003242,
            50.9532485
          ],
          [
            6.3000497,
            50.9535805
          ],
          [
            6.2997653,
            50.953718
          ],
          [
            6.2992154,
            50.9538972
          ],
          [
            6.2983479,
            50.95418
          ],
          [
            6.2967449,
            50.9549794
          ],
          [
            6.2957864,
            50.9553226
          ],
          [
            6.294666,
            50.9555561
          ],
          [
            6.2942859,
            50.9556353
          ],
          [
            6.292799,
            50.9559453
          ],
          [
            6.2922329,
            50.9561257
          ],
          [
            6.2918856,
            50.9562982
          ],
          [
            6.2913234,
            50.9567552
          ],
          [
            6.2911523,
            50.9568943
          ],
          [
            6.2908501,
            50.9571167
          ],
          [
            6.2906394,
            50.9574082
          ],
          [
            6.2905693,
            50.9575851
          ],
          [
            6.2904326,
            50.9579301
          ],
          [
            6.290269,
            50.9586873
          ],
          [
            6.290199,
            50.9590115
          ],
          [
            6.2898621,
            50.9596697
          ],
          [
            6.289545,
            50.9601399
          ],
          [
            6.2885226,
            50.9610648
          ],
          [
            6.2860862,
            50.9623402
          ],
          [
            6.2843621,
            50.9636017
          ],
          [
            6.2833084,
            50.9645358
          ],
          [
            6.2826287,
            50.9651382
          ],
          [
            6.2813268,
            50.9657658
          ],
          [
            6.280508,
            50.9662869
          ],
          [
            6.2798492,
            50.9670524
          ],
          [
            6.2790992,
            50.967875
          ],
          [
            6.278736,
            50.9684616
          ],
          [
            6.278548,
            50.9690216
          ],
          [
            6.2784791,
            50.9693487
          ],
          [
            6.2783872,
            50.969674
          ],
          [
            6.2784871,
            50.9701151
          ],
          [
            6.2785096,
            50.9702144
          ],
          [
            6.2795382,
            50.9732489
          ],
          [
            6.2788901,
            50.9751452
          ],
          [
            6.2770974,
            50.9778799
          ],
          [
            6.2753883,
            50.9796538
          ],
          [
            6.2744207,
            50.9810836
          ],
          [
            6.2738168,
            50.9819957
          ],
          [
            6.2734517,
            50.9828092
          ],
          [
            6.2731416,
            50.9834981
          ],
          [
            6.2726278,
            50.9844527
          ],
          [
            6.2720141,
            50.985845
          ],
          [
            6.2716759,
            50.9872949
          ],
          [
            6.2715237,
            50.9888155
          ],
          [
            6.2714191,
            50.9899571
          ],
          [
            6.2713909,
            50.990303
          ],
          [
            6.2713131,
            50.9905065
          ],
          [
            6.2711656,
            50.9906567
          ],
          [
            6.2710851,
            50.9908543
          ],
          [
            6.2710659,
            50.9909923
          ],
          [
            6.2710892,
            50.9910957
          ],
          [
            6.2710677,
            50.9912865
          ],
          [
            6.2710959,
            50.9913945
          ],
          [
            6.2711522,
            50.9915119
          ],
          [
            6.2713131,
            50.9916723
          ],
          [
            6.2716296,
            50.9918377
          ],
          [
            6.2720683,
            50.9920954
          ],
          [
            6.2723868,
            50.9923353
          ],
          [
            6.272425,
            50.9923991
          ],
          [
            6.2724363,
            50.9924868
          ],
          [
            6.2723954,
            50.9925886
          ],
          [
            6.272327,
            50.9926667
          ],
          [
            6.2721983,
            50.9927713
          ],
          [
            6.2720479,
            50.9928687
          ],
          [
            6.2718214,
            50.9929773
          ],
          [
            6.2716638,
            50.9930296
          ],
          [
            6.2710118,
            50.9932498
          ],
          [
            6.27088,
            50.9933284
          ],
          [
            6.2708089,
            50.9934162
          ],
          [
            6.2707843,
            50.9935443
          ],
          [
            6.2708116,
            50.9937429
          ],
          [
            6.2709048,
            50.99391
          ],
          [
            6.2710689,
            50.9941224
          ],
          [
            6.2714223,
            50.9944134
          ],
          [
            6.2718187,
            50.9947999
          ],
          [
            6.2719717,
            50.9950137
          ],
          [
            6.272289,
            50.9952701
          ],
          [
            6.272441,
            50.995404
          ],
          [
            6.2725496,
            50.9955517
          ],
          [
            6.2725948,
            50.9956943
          ],
          [
            6.2726019,
            50.9958885
          ],
          [
            6.2725305,
            50.9963998
          ],
          [
            6.2724272,
            50.9978473
          ],
          [
            6.2720975,
            50.9992894
          ],
          [
            6.2717398,
            51.0003147
          ],
          [
            6.2704353,
            51.0024267
          ],
          [
            6.2700606,
            51.003322
          ],
          [
            6.2694741,
            51.0053289
          ],
          [
            6.2692773,
            51.0056043
          ],
          [
            6.2690464,
            51.0058578
          ],
          [
            6.2684065,
            51.0062599
          ],
          [
            6.2677401,
            51.0065703
          ],
          [
            6.2670313,
            51.0067996
          ],
          [
            6.2666193,
            51.0068845
          ],
          [
            6.2661323,
            51.0069262
          ],
          [
            6.2652665,
            51.0069235
          ],
          [
            6.26373,
            51.0069305
          ],
          [
            6.2627898,
            51.0069428
          ],
          [
            6.2619202,
            51.0070375
          ],
          [
            6.2611927,
            51.0071568
          ],
          [
            6.2605059,
            51.0073185
          ],
          [
            6.2598003,
            51.0076068
          ],
          [
            6.2591717,
            51.0079223
          ],
          [
            6.2584659,
            51.0083309
          ],
          [
            6.2578296,
            51.0087727
          ],
          [
            6.2571875,
            51.0094429
          ],
          [
            6.2565673,
            51.0101654
          ],
          [
            6.2558245,
            51.0109802
          ],
          [
            6.255191,
            51.0115706
          ],
          [
            6.2547941,
            51.0118775
          ],
          [
            6.2542287,
            51.0122536
          ]
        ]
      }
    },
    {
      "type": "Feature",
      "properties": {
        "name": "Rur",
        "type": "Fluss"
      },
      "geometry": {
        "type": "LineString",
        "coordinates": [
          [
            6.3865753,
            50.6066007
          ],
          [
            6.3864774,
            50.6068096
          ],
          [
            6.3870969,
            50.6100363
          ],
          [
            6.3881271,
            50.6106431
          ],
          [
            6.3926353,
            50.6118323
          ],
          [
            6.3948961,
            50.6136548
          ],
          [
            6.3951503,
            50.6139443
          ],
          [
            6.3959912,
            50.6150844
          ],
          [
            6.3957336,
            50.6167186
          ],
          [
            6.3953522,
            50.6184366
          ],
          [
            6.3939984,
            50.6201636
          ],
          [
            6.391835,
            50.6209291
          ],
          [
            6.3890569,
            50.6208485
          ],
          [
            6.385487,
            50.6197545
          ],
          [
            6.383316,
            50.6191995
          ],
          [
            6.3828886,
            50.6191995
          ],
          [
            6.3815134,
            50.6201735
          ],
          [
            6.3815134,
            50.6230644
          ],
          [
            6.3845975,
            50.6243671
          ],
          [
            6.3892822,
            50.6241499
          ],
          [
            6.3918177,
            50.6237176
          ],
          [
            6.3948705,
            50.6245147
          ],
          [
            6.395878,
            50.6246263
          ],
          [
            6.3969869,
            50.6256998
          ],
          [
            6.396916,
            50.6276264
          ],
          [
            6.3967848,
            50.6280264
          ],
          [
            6.3961586,
            50.6288157
          ],
          [
            6.3944745,
            50.6299096
          ],
          [
            6.3940507,
            50.6305254
          ],
          [
            6.3934811,
            50.631353
          ],
          [
            6.3924415,
            50.6327928
          ],
          [
            6.3927868,
            50.6329689
          ],
          [
            6.394359,
            50.6337709
          ],
          [
            6.396663,
            50.6337627
          ],
          [
            6.3982563,
            50.6334944
          ],
          [
            6.4023679,
            50.6295037
          ],
          [
            6.4045588,
            50.6281103
          ],
          [
            6.4057242,
            50.6277788
          ],
          [
            6.4067245,
            50.6281077
          ],
          [
            6.4080922,
            50.6285574
          ],
          [
            6.4087515,
            50.6291329
          ],
          [
            6.4090235,
            50.6296336
          ],
          [
            6.4095289,
            50.6304717
          ],
          [
            6.4102923,
            50.6332337
          ],
          [
            6.4100343,
            50.6343458
          ],
          [
            6.4060486,
            50.6405681
          ],
          [
            6.4063555,
            50.6412422
          ],
          [
            6.4082366,
            50.6420656
          ],
          [
            6.4106191,
            50.6420015
          ],
          [
            6.4133392,
            50.641033
          ],
          [
            6.414431,
            50.6395703
          ],
          [
            6.4146067,
            50.6380838
          ],
          [
            6.4168062,
            50.635921
          ],
          [
            6.4189682,
            50.6356976
          ],
          [
            6.4198994,
            50.6358652
          ],
          [
            6.4244356,
            50.6366819
          ],
          [
            6.4242777,
            50.6400015
          ],
          [
            6.4233266,
            50.6408485
          ],
          [
            6.417857,
            50.645793
          ],
          [
            6.4172461,
            50.646999
          ],
          [
            6.4174708,
            50.6480009
          ],
          [
            6.4201577,
            50.6490838
          ],
          [
            6.4227266,
            50.6497514
          ],
          [
            6.4241012,
            50.6495793
          ],
          [
            6.4289764,
            50.6467274
          ],
          [
            6.4340213,
            50.6455165
          ],
          [
            6.4356346,
            50.6444246
          ],
          [
            6.4367417,
            50.6430354
          ],
          [
            6.4371514,
            50.6417371
          ],
          [
            6.4379037,
            50.6416754
          ],
          [
            6.4396522,
            50.6404854
          ],
          [
            6.441005,
            50.6395646
          ]
        ]
      }
    },
    {
      "type": "Feature",
      "properties": {
        "name": "Rur",
        "type": "Fluss"
      },
      "geometry": {
        "type": "LineString",
        "coordinates": [
          [
            6.3871098,
            50.6062923
          ],
          [
            6.3865753,
            50.6066007
          ]
        ]
      }
    },
    {
      "type": "Feature",
      "properties": {
        "name": "Rur",
        "type": "Fluss"
      },
      "geometry": {
        "type": "LineString",
        "coordinates": [
          [
            6.3717692,
            50.5782313
          ],
          [
            6.3729614,
            50.5785453
          ],
          [
            6.3736462,
            50.5786588
          ],
          [
            6.3744884,
            50.5786825
          ],
          [
            6.3762737,
            50.5784757
          ],
          [
            6.3770792,
            50.5785862
          ],
          [
            6.37773,
            50.5789325
          ],
          [
            6.3783264,
            50.579734
          ],
          [
            6.3785417,
            50.5806697
          ],
          [
            6.378582,
            50.5811176
          ],
          [
            6.3786081,
            50.5814074
          ],
          [
            6.3766366,
            50.5830596
          ],
          [
            6.3777325,
            50.5850757
          ],
          [
            6.3837038,
            50.5894557
          ],
          [
            6.3838724,
            50.5906599
          ],
          [
            6.3830153,
            50.5918551
          ],
          [
            6.3800227,
            50.5931484
          ],
          [
            6.3850105,
            50.5990259
          ],
          [
            6.3879048,
            50.5996056
          ],
          [
            6.3895889,
            50.5999061
          ],
          [
            6.3909537,
            50.6001496
          ],
          [
            6.3958853,
            50.6046262
          ],
          [
            6.395783,
            50.6051041
          ],
          [
            6.3950563,
            50.6054377
          ],
          [
            6.3904106,
            50.6057094
          ],
          [
            6.3875809,
            50.6061932
          ],
          [
            6.3871098,
            50.6062923
          ]
        ]
      }
    },
    {
      "type": "Feature",
      "properties": {
        "name": "Rur",
        "type": "Fluss"
      },
      "geometry": {
        "type": "LineString",
        "coordinates": [
          [
            6.1945471,
            51.0485441
          ],
          [
            6.1940611,
            51.0485249
          ],
          [
            6.1934649,
            51.048519
          ],
          [
            6.1931328,
            51.0485304
          ],
          [
            6.1927561,
            51.0486636
          ],
          [
            6.1925286,
            51.048785
          ],
          [
            6.192323,
            51.0489572
          ],
          [
            6.1922308,
            51.049123
          ],
          [
            6.1921418,
            51.0493656
          ],
          [
            6.1921293,
            51.0497191
          ],
          [
            6.1922943,
            51.0499749
          ],
          [
            6.1924252,
            51.0501488
          ]
        ]
      }
    },
    {
      "type": "Feature",
      "properties": {
        "name": "Rur",
        "type": "Fluss"
      },
      "geometry": {
        "type": "LineString",
        "coordinates": [
          [
            6.4792823,
            50.6285427
          ],
          [
            6.4796288,
            50.6287017
          ],
          [
            6.4798633,
            50.628951
          ],
          [
            6.4801924,
            50.6293009
          ],
          [
            6.4803958,
            50.6296465
          ],
          [
            6.4806037,
            50.6308418
          ],
          [
            6.4806152,
            50.6310933
          ],
          [
            6.4805461,
            50.6313293
          ],
          [
            6.4803306,
            50.6316791
          ],
          [
            6.4802083,
            50.6318363
          ],
          [
            6.4790502,
            50.6327267
          ],
          [
            6.4787334,
            50.6328985
          ],
          [
            6.4784049,
            50.6329741
          ],
          [
            6.4763161,
            50.6332532
          ],
          [
            6.4739642,
            50.6337923
          ],
          [
            6.4735812,
            50.6339323
          ],
          [
            6.4733252,
            50.6341169
          ],
          [
            6.4729912,
            50.6344036
          ],
          [
            6.4727579,
            50.6347694
          ],
          [
            6.4726556,
            50.6349854
          ],
          [
            6.4725918,
            50.6352521
          ],
          [
            6.4726466,
            50.6354651
          ],
          [
            6.4728101,
            50.6358418
          ],
          [
            6.4728656,
            50.6360899
          ],
          [
            6.4728368,
            50.6363401
          ],
          [
            6.472178,
            50.6372577
          ],
          [
            6.4716693,
            50.6378896
          ],
          [
            6.4714621,
            50.638371
          ],
          [
            6.4712841,
            50.6387252
          ],
          [
            6.4706064,
            50.6390194
          ],
          [
            6.4699595,
            50.6388553
          ],
          [
            6.4689845,
            50.6384265
          ],
          [
            6.4662493,
            50.6382428
          ],
          [
            6.4650144,
            50.6386624
          ],
          [
            6.4649656,
            50.6387829
          ],
          [
            6.4648191,
            50.6391445
          ],
          [
            6.4653485,
            50.6398604
          ],
          [
            6.4665077,
            50.6404436
          ],
          [
            6.4670359,
            50.6408099
          ],
          [
            6.4679772,
            50.6411469
          ],
          [
            6.4702302,
            50.6416676
          ],
          [
            6.4715199,
            50.641946
          ],
          [
            6.4735701,
            50.6425153
          ],
          [
            6.4745105,
            50.6425897
          ],
          [
            6.4752914,
            50.6426432
          ],
          [
            6.4758246,
            50.6426359
          ],
          [
            6.4768282,
            50.6425187
          ],
          [
            6.4772987,
            50.6425122
          ],
          [
            6.4777613,
            50.6426052
          ],
          [
            6.4781659,
            50.6427786
          ],
          [
            6.4784529,
            50.642948
          ],
          [
            6.4787438,
            50.6431765
          ],
          [
            6.4790553,
            50.643555
          ],
          [
            6.4791413,
            50.6437508
          ],
          [
            6.4791591,
            50.6439067
          ],
          [
            6.4790918,
            50.6440733
          ],
          [
            6.4788299,
            50.6445515
          ],
          [
            6.478639,
            50.6448399
          ],
          [
            6.4781563,
            50.6453585
          ],
          [
            6.4778744,
            50.645898
          ],
          [
            6.4774117,
            50.6468341
          ],
          [
            6.4768383,
            50.647743
          ],
          [
            6.4763843,
            50.6482827
          ],
          [
            6.4759176,
            50.6487239
          ],
          [
            6.4753619,
            50.6492777
          ],
          [
            6.4748379,
            50.6497047
          ],
          [
            6.4746874,
            50.6498525
          ],
          [
            6.4746204,
            50.6499908
          ],
          [
            6.4746237,
            50.6502947
          ],
          [
            6.4746194,
            50.6504828
          ],
          [
            6.4746586,
            50.6506817
          ],
          [
            6.4747256,
            50.6508785
          ],
          [
            6.4748518,
            50.6510282
          ],
          [
            6.4749776,
            50.6511286
          ],
          [
            6.4761443,
            50.6518503
          ],
          [
            6.477021,
            50.6522819
          ],
          [
            6.4774166,
            50.6524354
          ],
          [
            6.4777558,
            50.6525115
          ],
          [
            6.4780411,
            50.6525447
          ],
          [
            6.4783106,
            50.6525294
          ],
          [
            6.4785892,
            50.6524825
          ],
          [
            6.4801586,
            50.6518874
          ],
          [
            6.4809575,
            50.6515354
          ],
          [
            6.4816131,
            50.6513319
          ],
          [
            6.4821561,
            50.651203
          ],
          [
            6.4826223,
            50.6511311
          ],
          [
            6.4831725,
            50.6510601
          ],
          [
            6.4835679,
            50.6510367
          ],
          [
            6.4838991,
            50.6510825
          ],
          [
            6.4844931,
            50.6512504
          ],
          [
            6.485443,
            50.6516398
          ],
          [
            6.4863395,
            50.6520078
          ],
          [
            6.4873357,
            50.652544
          ],
          [
            6.4878239,
            50.6528607
          ],
          [
            6.4880948,
            50.6530061
          ],
          [
            6.4885595,
            50.653202
          ],
          [
            6.4889533,
            50.6533399
          ],
          [
            6.4893475,
            50.6534357
          ],
          [
            6.4897607,
            50.653499
          ],
          [
            6.4904079,
            50.6535622
          ],
          [
            6.491736,
            50.6536159
          ],
          [
            6.4936816,
            50.653644
          ],
          [
            6.4943962,
            50.6536661
          ],
          [
            6.4949092,
            50.6538253
          ],
          [
            6.4953535,
            50.6540773
          ],
          [
            6.4956617,
            50.6543154
          ],
          [
            6.4959657,
            50.6546007
          ],
          [
            6.4962489,
            50.6549839
          ],
          [
            6.4963928,
            50.655284
          ],
          [
            6.4964448,
            50.6555401
          ],
          [
            6.4964573,
            50.6558062
          ],
          [
            6.4963957,
            50.656123
          ],
          [
            6.4961746,
            50.6564775
          ],
          [
            6.4958876,
            50.6567194
          ],
          [
            6.4954459,
            50.6569539
          ],
          [
            6.4950864,
            50.6570175
          ],
          [
            6.4946348,
            50.6569785
          ],
          [
            6.4942939,
            50.6568194
          ],
          [
            6.4940154,
            50.6567055
          ],
          [
            6.4937697,
            50.6567205
          ],
          [
            6.4935395,
            50.6569458
          ],
          [
            6.4934832,
            50.6572201
          ],
          [
            6.4935278,
            50.6575417
          ],
          [
            6.4938052,
            50.657871
          ],
          [
            6.49406,
            50.6580805
          ],
          [
            6.4940769,
            50.6582659
          ],
          [
            6.4939255,
            50.6584463
          ],
          [
            6.493601,
            50.65867
          ],
          [
            6.4932351,
            50.6588147
          ],
          [
            6.4929924,
            50.6588604
          ],
          [
            6.4927639,
            50.6589034
          ],
          [
            6.4924322,
            50.6588958
          ],
          [
            6.4920828,
            50.6588375
          ],
          [
            6.4917057,
            50.6586739
          ],
          [
            6.4913018,
            50.6587343
          ],
          [
            6.4902921,
            50.6589009
          ],
          [
            6.4887449,
            50.6592751
          ],
          [
            6.4849763,
            50.6594751
          ],
          [
            6.4837251,
            50.6595801
          ],
          [
            6.4829508,
            50.6597081
          ],
          [
            6.4822454,
            50.6598863
          ],
          [
            6.4815549,
            50.6600479
          ],
          [
            6.48091,
            50.6603938
          ],
          [
            6.4801309,
            50.6606867
          ],
          [
            6.4795995,
            50.6608393
          ],
          [
            6.4788996,
            50.6609585
          ],
          [
            6.4773758,
            50.661084
          ],
          [
            6.4766479,
            50.6612099
          ],
          [
            6.4762806,
            50.6612942
          ],
          [
            6.4756691,
            50.661579
          ],
          [
            6.4748016,
            50.6618516
          ],
          [
            6.474485,
            50.6618955
          ],
          [
            6.4739819,
            50.6618759
          ],
          [
            6.473277,
            50.6618067
          ],
          [
            6.4726437,
            50.6617465
          ],
          [
            6.47245,
            50.6616897
          ],
          [
            6.4723703,
            50.6616068
          ],
          [
            6.4718411,
            50.6610378
          ],
          [
            6.4716671,
            50.660876
          ],
          [
            6.4715237,
            50.6607967
          ],
          [
            6.4712589,
            50.6607775
          ],
          [
            6.471031,
            50.6608275
          ],
          [
            6.4707149,
            50.6610471
          ],
          [
            6.469569,
            50.6617673
          ],
          [
            6.4687473,
            50.6621233
          ],
          [
            6.4657388,
            50.6627731
          ],
          [
            6.4652719,
            50.6629354
          ],
          [
            6.4651227,
            50.6630317
          ],
          [
            6.4651035,
            50.6633962
          ],
          [
            6.4652926,
            50.6642665
          ],
          [
            6.4655729,
            50.6649174
          ],
          [
            6.4657164,
            50.6651061
          ],
          [
            6.4659145,
            50.6652748
          ],
          [
            6.466231,
            50.6654922
          ],
          [
            6.4665943,
            50.665618
          ],
          [
            6.4669705,
            50.6657257
          ],
          [
            6.4672678,
            50.6658199
          ],
          [
            6.4675299,
            50.6659195
          ],
          [
            6.4678668,
            50.6660775
          ],
          [
            6.4680939,
            50.6661588
          ],
          [
            6.4686458,
            50.6662815
          ],
          [
            6.4691735,
            50.6663948
          ],
          [
            6.4697453,
            50.6664753
          ],
          [
            6.4706065,
            50.6665457
          ],
          [
            6.4710504,
            50.6666216
          ],
          [
            6.4715825,
            50.6667838
          ],
          [
            6.4718949,
            50.6668507
          ],
          [
            6.472414,
            50.6669318
          ],
          [
            6.4728245,
            50.6670191
          ],
          [
            6.4731213,
            50.6671512
          ],
          [
            6.4749816,
            50.6681242
          ],
          [
            6.4754775,
            50.6685487
          ],
          [
            6.4768442,
            50.6699846
          ],
          [
            6.477625,
            50.6707886
          ],
          [
            6.4777738,
            50.6711006
          ],
          [
            6.4780087,
            50.6716536
          ],
          [
            6.4780977,
            50.6720387
          ],
          [
            6.4781312,
            50.672371
          ],
          [
            6.4781025,
            50.6727021
          ],
          [
            6.4779275,
            50.6730695
          ],
          [
            6.4777277,
            50.6734081
          ],
          [
            6.4774109,
            50.6736806
          ],
          [
            6.4769972,
            50.6739181
          ],
          [
            6.4764316,
            50.6740848
          ],
          [
            6.4757077,
            50.6742507
          ],
          [
            6.4742933,
            50.6746608
          ],
          [
            6.4734692,
            50.6748278
          ],
          [
            6.4714185,
            50.6750481
          ],
          [
            6.4708909,
            50.6750757
          ],
          [
            6.469865,
            50.6750876
          ],
          [
            6.4694475,
            50.6751563
          ],
          [
            6.4689784,
            50.675286
          ],
          [
            6.4684633,
            50.6755309
          ],
          [
            6.4677267,
            50.6758041
          ],
          [
            6.4664658,
            50.6762065
          ],
          [
            6.4659812,
            50.6763217
          ],
          [
            6.4657052,
            50.6764156
          ],
          [
            6.4653648,
            50.6765871
          ],
          [
            6.4651244,
            50.6767592
          ],
          [
            6.4648951,
            50.6769783
          ],
          [
            6.4645842,
            50.6775514
          ],
          [
            6.4645307,
            50.6777639
          ],
          [
            6.4644964,
            50.6779003
          ],
          [
            6.4645103,
            50.6782752
          ],
          [
            6.4645749,
            50.6786003
          ],
          [
            6.4646827,
            50.6788799
          ],
          [
            6.4648689,
            50.6792021
          ],
          [
            6.4651441,
            50.6794812
          ],
          [
            6.465489,
            50.6797909
          ],
          [
            6.4657808,
            50.6799906
          ],
          [
            6.4661933,
            50.6801818
          ],
          [
            6.4668297,
            50.6804163
          ],
          [
            6.4678186,
            50.6807185
          ],
          [
            6.4681991,
            50.6807944
          ],
          [
            6.4691202,
            50.6809313
          ],
          [
            6.4706378,
            50.680996
          ],
          [
            6.4708365,
            50.6810458
          ],
          [
            6.4712503,
            50.6813172
          ],
          [
            6.4717877,
            50.6818338
          ],
          [
            6.4723806,
            50.6827593
          ],
          [
            6.4728046,
            50.6835419
          ],
          [
            6.4730799,
            50.6840308
          ],
          [
            6.4730792,
            50.6842439
          ],
          [
            6.4729668,
            50.6844357
          ],
          [
            6.4726227,
            50.6848313
          ],
          [
            6.4720673,
            50.6854074
          ],
          [
            6.4719247,
            50.6857002
          ],
          [
            6.471913,
            50.6859348
          ],
          [
            6.4719591,
            50.686594
          ],
          [
            6.4718614,
            50.6875377
          ],
          [
            6.4716957,
            50.6881152
          ],
          [
            6.4712519,
            50.6890668
          ],
          [
            6.4710749,
            50.6894436
          ],
          [
            6.4708641,
            50.6897736
          ],
          [
            6.4705145,
            50.6900353
          ],
          [
            6.4702314,
            50.690179
          ],
          [
            6.469846,
            50.6903747
          ],
          [
            6.4691691,
            50.6906266
          ],
          [
            6.4682534,
            50.69082
          ],
          [
            6.4675991,
            50.6908999
          ],
          [
            6.466883,
            50.6909417
          ],
          [
            6.4662776,
            50.6909127
          ],
          [
            6.4654753,
            50.6907765
          ],
          [
            6.4649697,
            50.6907584
          ],
          [
            6.4644638,
            50.690803
          ],
          [
            6.4638695,
            50.6909505
          ],
          [
            6.4633446,
            50.6910342
          ],
          [
            6.4626346,
            50.6910626
          ],
          [
            6.4610522,
            50.6909607
          ],
          [
            6.460284,
            50.6910047
          ],
          [
            6.4598078,
            50.6910025
          ],
          [
            6.4594096,
            50.6910423
          ],
          [
            6.458081,
            50.6912321
          ],
          [
            6.4574786,
            50.6914632
          ],
          [
            6.4558979,
            50.6916825
          ],
          [
            6.455318,
            50.6916873
          ],
          [
            6.4546244,
            50.6916195
          ],
          [
            6.4538175,
            50.6915236
          ],
          [
            6.4534088,
            50.6915094
          ],
          [
            6.4530964,
            50.6915349
          ],
          [
            6.4529238,
            50.6915926
          ],
          [
            6.4527882,
            50.6916482
          ],
          [
            6.4527389,
            50.6916919
          ],
          [
            6.4526951,
            50.6917482
          ],
          [
            6.4526885,
            50.6917887
          ],
          [
            6.4526866,
            50.6918005
          ],
          [
            6.4527099,
            50.6918354
          ],
          [
            6.452766,
            50.6918629
          ],
          [
            6.4528242,
            50.6919233
          ],
          [
            6.4528616,
            50.692004
          ],
          [
            6.4528528,
            50.6920749
          ],
          [
            6.4527702,
            50.6922795
          ],
          [
            6.4525606,
            50.6926679
          ],
          [
            6.4524526,
            50.6928054
          ],
          [
            6.4523456,
            50.6930952
          ],
          [
            6.4523181,
            50.6932917
          ],
          [
            6.4523022,
            50.6936653
          ],
          [
            6.4521783,
            50.6940993
          ],
          [
            6.4519881,
            50.6945457
          ],
          [
            6.4516647,
            50.695416
          ],
          [
            6.4517573,
            50.6959999
          ],
          [
            6.4527773,
            50.6967815
          ],
          [
            6.4538278,
            50.6974827
          ],
          [
            6.4543664,
            50.6977505
          ],
          [
            6.455085,
            50.6979358
          ],
          [
            6.4557539,
            50.6979986
          ],
          [
            6.4561674,
            50.6980391
          ],
          [
            6.4567729,
            50.6980592
          ],
          [
            6.4572871,
            50.6979933
          ],
          [
            6.4577959,
            50.6979034
          ],
          [
            6.4585016,
            50.6977089
          ],
          [
            6.4589703,
            50.6975284
          ],
          [
            6.4591593,
            50.6974073
          ],
          [
            6.4596767,
            50.6965676
          ],
          [
            6.4601027,
            50.6963519
          ],
          [
            6.4606185,
            50.6962399
          ],
          [
            6.4612338,
            50.6961332
          ],
          [
            6.4619249,
            50.6962658
          ],
          [
            6.4634931,
            50.6962633
          ],
          [
            6.4640851,
            50.6963268
          ],
          [
            6.4644458,
            50.6963958
          ],
          [
            6.4648375,
            50.6966273
          ],
          [
            6.4650896,
            50.6968716
          ],
          [
            6.4653594,
            50.697141
          ],
          [
            6.4655017,
            50.6974883
          ],
          [
            6.4656002,
            50.6978949
          ],
          [
            6.4655187,
            50.698287
          ],
          [
            6.4653688,
            50.69863
          ],
          [
            6.4651969,
            50.6989001
          ],
          [
            6.4649276,
            50.6991558
          ],
          [
            6.4645319,
            50.6994262
          ],
          [
            6.4642141,
            50.6995893
          ],
          [
            6.4641376,
            50.6996285
          ],
          [
            6.4626327,
            50.7001981
          ],
          [
            6.4616526,
            50.700494
          ],
          [
            6.4605304,
            50.7007529
          ],
          [
            6.459442,
            50.7009401
          ],
          [
            6.4569595,
            50.701266
          ],
          [
            6.4561411,
            50.7012636
          ],
          [
            6.4555191,
            50.701162
          ],
          [
            6.4549451,
            50.701088
          ],
          [
            6.4526963,
            50.700581
          ],
          [
            6.4505562,
            50.7000684
          ],
          [
            6.449778,
            50.6999949
          ],
          [
            6.4491373,
            50.6999153
          ],
          [
            6.4479465,
            50.6999225
          ],
          [
            6.4463926,
            50.6999723
          ],
          [
            6.4453839,
            50.7000313
          ],
          [
            6.4452168,
            50.7000556
          ],
          [
            6.4449747,
            50.7000865
          ]
        ]
      }
    },
    {
      "type": "Feature",
      "properties": {
        "name": "Rur",
        "type": "Fluss"
      },
      "geometry": {
        "type": "LineString",
        "coordinates": [
          [
            6.4791718,
            50.6284728
          ],
          [
            6.4791873,
            50.6284813
          ],
          [
            6.4792823,
            50.6285427
          ]
        ]
      }
    },
    {
      "type": "Feature",
      "properties": {
        "name": "Rur",
        "type": "Fluss"
      },
      "geometry": {
        "type": "LineString",
        "coordinates": [
          [
            6.4570794,
            50.8177197
          ],
          [
            6.4568736,
            50.8176933
          ],
          [
            6.4566319,
            50.817625
          ]
        ]
      }
    },
    {
      "type": "Feature",
      "properties": {
        "name": "Rur",
        "type": "Fluss"
      },
      "geometry": {
        "type": "LineString",
        "coordinates": [
          [
            6.4560489,
            50.8163075
          ],
          [
            6.4562648,
            50.8164986
          ],
          [
            6.456541,
            50.8168121
          ],
          [
            6.4566725,
            50.817046
          ],
          [
            6.4568656,
            50.8173273
          ],
          [
            6.4570794,
            50.8177197
          ],
          [
            6.4570945,
            50.8177475
          ],
          [
            6.4572672,
            50.818014
          ],
          [
            6.4572516,
            50.818447
          ]
        ]
      }
    },
    {
      "type": "Feature",
      "properties": {
        "name": "Rur",
        "type": "Fluss"
      },
      "geometry": {
        "type": "LineString",
        "coordinates": [
          [
            6.2099281,
            50.5478209
          ],
          [
            6.2098689,
            50.5479369
          ],
          [
            6.2097799,
            50.5481503
          ],
          [
            6.2097196,
            50.5483956
          ],
          [
            6.2097315,
            50.5484598
          ],
          [
            6.2097538,
            50.5485409
          ],
          [
            6.2097911,
            50.5486198
          ],
          [
            6.2101815,
            50.5491957
          ],
          [
            6.2106855,
            50.5496543
          ],
          [
            6.2108043,
            50.5497936
          ],
          [
            6.2109911,
            50.5501781
          ],
          [
            6.211251,
            50.5504964
          ],
          [
            6.2115397,
            50.5508054
          ],
          [
            6.211808,
            50.5510015
          ],
          [
            6.212351,
            50.5512142
          ],
          [
            6.2126073,
            50.5513321
          ],
          [
            6.2128511,
            50.5515253
          ],
          [
            6.2130065,
            50.5516119
          ],
          [
            6.213084,
            50.5516768
          ],
          [
            6.213145,
            50.5517565
          ],
          [
            6.2132355,
            50.5519991
          ],
          [
            6.2132804,
            50.5520482
          ],
          [
            6.2133489,
            50.552098
          ],
          [
            6.213419,
            50.5521289
          ],
          [
            6.2136246,
            50.5521901
          ],
          [
            6.2143617,
            50.5522933
          ],
          [
            6.2150743,
            50.5523238
          ],
          [
            6.215289,
            50.5523475
          ],
          [
            6.2155808,
            50.5524502
          ],
          [
            6.2157448,
            50.552489
          ],
          [
            6.2159022,
            50.5524932
          ],
          [
            6.2162879,
            50.5524659
          ],
          [
            6.2164358,
            50.5524261
          ],
          [
            6.2167718,
            50.5523043
          ],
          [
            6.2169353,
            50.552265
          ],
          [
            6.2174084,
            50.5521868
          ],
          [
            6.2175601,
            50.552139
          ],
          [
            6.2179162,
            50.5519452
          ],
          [
            6.2181991,
            50.551731
          ],
          [
            6.2186042,
            50.5514992
          ],
          [
            6.2188969,
            50.5513697
          ],
          [
            6.2192399,
            50.551274
          ],
          [
            6.2198301,
            50.5511955
          ],
          [
            6.2200689,
            50.551188
          ],
          [
            6.2204597,
            50.5512086
          ],
          [
            6.221053,
            50.5511949
          ],
          [
            6.221482,
            50.5511448
          ],
          [
            6.2216278,
            50.5510872
          ],
          [
            6.2217126,
            50.5510185
          ],
          [
            6.2217601,
            50.5509694
          ],
          [
            6.2219182,
            50.5505449
          ],
          [
            6.2219418,
            50.550367
          ],
          [
            6.2218956,
            50.5502108
          ],
          [
            6.2218405,
            50.550126
          ],
          [
            6.221289,
            50.5496041
          ],
          [
            6.2212106,
            50.5495558
          ],
          [
            6.2211791,
            50.5495399
          ],
          [
            6.2211669,
            50.5495337
          ],
          [
            6.2208468,
            50.5493717
          ],
          [
            6.2207785,
            50.5492955
          ],
          [
            6.220757,
            50.5492142
          ],
          [
            6.2207985,
            50.5491527
          ],
          [
            6.2208884,
            50.5490808
          ],
          [
            6.2212638,
            50.548857
          ],
          [
            6.2217683,
            50.5486998
          ],
          [
            6.2229199,
            50.5484863
          ],
          [
            6.2232402,
            50.5484697
          ],
          [
            6.2235522,
            50.5484842
          ],
          [
            6.2243156,
            50.5486276
          ],
          [
            6.224481,
            50.5486478
          ],
          [
            6.224725,
            50.5486438
          ],
          [
            6.2248521,
            50.5486161
          ],
          [
            6.2250511,
            50.5485496
          ],
          [
            6.2255487,
            50.5484419
          ],
          [
            6.2258296,
            50.5484208
          ],
          [
            6.2260999,
            50.5484263
          ],
          [
            6.2262648,
            50.5484566
          ],
          [
            6.226698,
            50.5485452
          ],
          [
            6.2271485,
            50.548579
          ],
          [
            6.2276214,
            50.5486011
          ],
          [
            6.2277848,
            50.5485938
          ],
          [
            6.2285174,
            50.5484514
          ],
          [
            6.2290282,
            50.5482864
          ],
          [
            6.2291938,
            50.5482841
          ],
          [
            6.22935,
            50.5483066
          ],
          [
            6.2295953,
            50.5484
          ],
          [
            6.2297483,
            50.5484894
          ],
          [
            6.2299559,
            50.5485912
          ],
          [
            6.2302658,
            50.5487186
          ],
          [
            6.2307091,
            50.5488775
          ],
          [
            6.2308412,
            50.5489512
          ],
          [
            6.2309131,
            50.5490011
          ]
        ]
      }
    },
    {
      "type": "Feature",
      "properties": {
        "name": "Rur",
        "type": "Fluss"
      },
      "geometry": {
        "type": "LineString",
        "coordinates": [
          [
            6.3705832,
            50.5779312
          ],
          [
            6.3709403,
            50.5780609
          ],
          [
            6.371488,
            50.5781903
          ],
          [
            6.3717692,
            50.5782313
          ]
        ]
      }
    },
    {
      "type": "Feature",
      "properties": {
        "name": "Rur",
        "type": "Fluss"
      },
      "geometry": {
        "type": "LineString",
        "coordinates": [
          [
            6.441005,
            50.6395646
          ],
          [
            6.443401,
            50.6378341
          ],
          [
            6.443442,
            50.6378045
          ]
        ]
      }
    },
    {
      "type": "Feature",
      "properties": {
        "name": "Rur",
        "type": "Fluss"
      },
      "geometry": {
        "type": "LineString",
        "coordinates": [
          [
            6.3149844,
            50.9508975
          ],
          [
            6.3147243,
            50.9510468
          ],
          [
            6.3144402,
            50.9511596
          ],
          [
            6.314409,
            50.9512601
          ],
          [
            6.314483,
            50.9514612
          ],
          [
            6.3142962,
            50.9515862
          ],
          [
            6.3140043,
            50.9516034
          ],
          [
            6.3134867,
            50.9519638
          ],
          [
            6.3133193,
            50.9524664
          ],
          [
            6.3128717,
            50.9527238
          ],
          [
            6.3128056,
            50.9527165
          ],
          [
            6.3124047,
            50.9526356
          ],
          [
            6.3122101,
            50.9524909
          ],
          [
            6.3122724,
            50.9522752
          ],
          [
            6.311529,
            50.9516156
          ],
          [
            6.3110581,
            50.9512626
          ],
          [
            6.3108869,
            50.9510885
          ],
          [
            6.3109063,
            50.950961
          ],
          [
            6.3109813,
            50.9507733
          ],
          [
            6.311071,
            50.9506447
          ],
          [
            6.3114523,
            50.9502914
          ]
        ]
      }
    },
    {
      "type": "Feature",
      "properties": {
        "name": "Rur",
        "type": "Fluss"
      },
      "geometry": {
        "type": "LineString",
        "coordinates": [
          [
            6.3142809,
            50.9507761
          ],
          [
            6.3141366,
            50.950581
          ],
          [
            6.3140091,
            50.950495
          ],
          [
            6.3138019,
            50.9504265
          ],
          [
            6.3135823,
            50.9503833
          ],
          [
            6.3133699,
            50.950375
          ],
          [
            6.3132705,
            50.9504501
          ],
          [
            6.3132025,
            50.9505466
          ],
          [
            6.3131579,
            50.9510367
          ]
        ]
      }
    },
    {
      "type": "Feature",
      "properties": {
        "name": "Rur",
        "type": "Fluss"
      },
      "geometry": {
        "type": "LineString",
        "coordinates": [
          [
            6.3597464,
            50.584773
          ],
          [
            6.3596369,
            50.5847673
          ],
          [
            6.3589732,
            50.5846414
          ],
          [
            6.3584756,
            50.5844573
          ],
          [
            6.3581134,
            50.5843124
          ],
          [
            6.3578821,
            50.5841999
          ],
          [
            6.357794,
            50.5841458
          ],
          [
            6.3577435,
            50.584111
          ],
          [
            6.3576855,
            50.5840234
          ],
          [
            6.35779,
            50.5838527
          ],
          [
            6.3586272,
            50.5826333
          ],
          [
            6.3588212,
            50.5825093
          ],
          [
            6.3595267,
            50.5823219
          ],
          [
            6.3604168,
            50.5820993
          ],
          [
            6.3620691,
            50.582134
          ],
          [
            6.3625995,
            50.5820864
          ],
          [
            6.3630817,
            50.5820172
          ],
          [
            6.3639313,
            50.5818041
          ],
          [
            6.3644682,
            50.5816233
          ],
          [
            6.3646099,
            50.5814876
          ],
          [
            6.3644948,
            50.5812348
          ],
          [
            6.3637647,
            50.580633
          ],
          [
            6.363156,
            50.5805327
          ],
          [
            6.3625887,
            50.5803694
          ],
          [
            6.3614879,
            50.5799118
          ],
          [
            6.3609272,
            50.5796842
          ],
          [
            6.3606939,
            50.5795216
          ],
          [
            6.3606739,
            50.5794859
          ],
          [
            6.3606005,
            50.5793545
          ],
          [
            6.3604117,
            50.5786502
          ],
          [
            6.3600871,
            50.5779713
          ],
          [
            6.3599688,
            50.5773107
          ],
          [
            6.3601254,
            50.5769323
          ],
          [
            6.3602136,
            50.5767273
          ],
          [
            6.3602803,
            50.5765757
          ],
          [
            6.3603937,
            50.5764246
          ],
          [
            6.3608902,
            50.5758135
          ],
          [
            6.3612684,
            50.5754941
          ],
          [
            6.3616004,
            50.5753406
          ],
          [
            6.3621761,
            50.5752944
          ],
          [
            6.3628916,
            50.5752904
          ],
          [
            6.3634608,
            50.5753806
          ],
          [
            6.3652861,
            50.5761635
          ],
          [
            6.3674092,
            50.5771163
          ],
          [
            6.3682227,
            50.5774374
          ],
          [
            6.3689942,
            50.5776036
          ],
          [
            6.3700725,
            50.5777223
          ],
          [
            6.3705832,
            50.5779312
          ]
        ]
      }
    },
    {
      "type": "Feature",
      "properties": {
        "name": "Rur",
        "type": "Fluss"
      },
      "geometry": {
        "type": "LineString",
        "coordinates": [
          [
            6.44646,
            50.7159006
          ],
          [
            6.4465358,
            50.715924
          ]
        ]
      }
    },
    {
      "type": "Feature",
      "properties": {
        "name": "Rur",
        "type": "Fluss"
      },
      "geometry": {
        "type": "LineString",
        "coordinates": [
          [
            6.4449747,
            50.7000865
          ],
          [
            6.4447399,
            50.7001698
          ],
          [
            6.4437788,
            50.7004614
          ],
          [
            6.4422998,
            50.7009607
          ],
          [
            6.4408381,
            50.7015804
          ],
          [
            6.4403662,
            50.7021308
          ],
          [
            6.4394741,
            50.7032643
          ],
          [
            6.4376541,
            50.7045991
          ],
          [
            6.4374127,
            50.7062535
          ],
          [
            6.4374492,
            50.7074891
          ],
          [
            6.4374785,
            50.708478
          ],
          [
            6.4404642,
            50.7113139
          ],
          [
            6.4454695,
            50.7147475
          ],
          [
            6.44646,
            50.7159006
          ]
        ]
      }
    },
    {
      "type": "Feature",
      "properties": {
        "name": "Rur",
        "type": "Fluss"
      },
      "geometry": {
        "type": "LineString",
        "coordinates": [
          [
            6.3347747,
            50.5695436
          ],
          [
            6.3347863,
            50.5696389
          ],
          [
            6.3348339,
            50.5697368
          ],
          [
            6.3349474,
            50.5699184
          ],
          [
            6.3350607,
            50.5701113
          ],
          [
            6.3351442,
            50.5702326
          ],
          [
            6.3353022,
            50.5703713
          ],
          [
            6.3356725,
            50.5705755
          ],
          [
            6.3358659,
            50.5706585
          ],
          [
            6.3359398,
            50.5706799
          ],
          [
            6.336026,
            50.5706947
          ],
          [
            6.3360982,
            50.5706969
          ],
          [
            6.3361637,
            50.5706874
          ],
          [
            6.3362933,
            50.5706507
          ],
          [
            6.3364295,
            50.5706179
          ],
          [
            6.3368426,
            50.5705008
          ],
          [
            6.3375622,
            50.570372
          ],
          [
            6.3378445,
            50.5702749
          ],
          [
            6.3390324,
            50.5697907
          ],
          [
            6.339845,
            50.5694832
          ],
          [
            6.3401692,
            50.569419
          ],
          [
            6.3408765,
            50.569427
          ],
          [
            6.3417418,
            50.5695679
          ],
          [
            6.3421096,
            50.5696776
          ],
          [
            6.3423494,
            50.56979
          ],
          [
            6.342496,
            50.5698957
          ],
          [
            6.3430404,
            50.5704923
          ],
          [
            6.3433407,
            50.5708672
          ],
          [
            6.3433522,
            50.5710663
          ],
          [
            6.3432766,
            50.571191
          ],
          [
            6.3431808,
            50.5713035
          ],
          [
            6.3430849,
            50.5714334
          ],
          [
            6.3428496,
            50.5715785
          ],
          [
            6.3426531,
            50.5716564
          ],
          [
            6.342544,
            50.5716892
          ],
          [
            6.3423908,
            50.5717239
          ],
          [
            6.3422508,
            50.5717836
          ],
          [
            6.3421594,
            50.571875
          ],
          [
            6.342127,
            50.5720362
          ],
          [
            6.3421936,
            50.5721474
          ],
          [
            6.3431029,
            50.5726583
          ],
          [
            6.3436461,
            50.5729477
          ],
          [
            6.3444024,
            50.5733534
          ],
          [
            6.3445303,
            50.5734532
          ],
          [
            6.34462,
            50.5736681
          ],
          [
            6.3446291,
            50.5738582
          ],
          [
            6.34459,
            50.5740084
          ],
          [
            6.3444258,
            50.5743392
          ],
          [
            6.3443017,
            50.5746254
          ],
          [
            6.3443209,
            50.5747852
          ],
          [
            6.3444166,
            50.5749729
          ],
          [
            6.3444729,
            50.5751011
          ],
          [
            6.3444962,
            50.5752547
          ],
          [
            6.3444797,
            50.5754661
          ],
          [
            6.3443984,
            50.5758759
          ],
          [
            6.3442905,
            50.5760901
          ],
          [
            6.3441395,
            50.5762296
          ],
          [
            6.3439616,
            50.5764345
          ],
          [
            6.3439159,
            50.57656
          ],
          [
            6.3438968,
            50.5768065
          ],
          [
            6.3439252,
            50.5769682
          ],
          [
            6.3440583,
            50.5771224
          ],
          [
            6.3443121,
            50.5773419
          ],
          [
            6.3443434,
            50.5774133
          ],
          [
            6.3443436,
            50.5774908
          ],
          [
            6.3440147,
            50.5780315
          ],
          [
            6.343298,
            50.5789043
          ],
          [
            6.343038,
            50.5793271
          ],
          [
            6.3429913,
            50.5794878
          ],
          [
            6.3429858,
            50.5796086
          ],
          [
            6.3430063,
            50.5797635
          ],
          [
            6.3430464,
            50.5798706
          ],
          [
            6.343076,
            50.5799337
          ],
          [
            6.3431022,
            50.5799862
          ],
          [
            6.3433107,
            50.5802259
          ],
          [
            6.3437481,
            50.5805872
          ],
          [
            6.3443456,
            50.5808788
          ],
          [
            6.3448325,
            50.581263
          ],
          [
            6.3456237,
            50.5816484
          ],
          [
            6.347095,
            50.5823021
          ],
          [
            6.347524,
            50.5824475
          ],
          [
            6.3477777,
            50.5825063
          ],
          [
            6.3481651,
            50.5825148
          ],
          [
            6.3484826,
            50.5824986
          ],
          [
            6.3499903,
            50.5823906
          ],
          [
            6.3505884,
            50.5823314
          ],
          [
            6.3509154,
            50.5822983
          ],
          [
            6.3512485,
            50.5822065
          ],
          [
            6.3515386,
            50.5821991
          ],
          [
            6.3518388,
            50.5822294
          ],
          [
            6.3521626,
            50.5823112
          ],
          [
            6.3523543,
            50.5824025
          ],
          [
            6.3529638,
            50.5829286
          ],
          [
            6.3533801,
            50.583455
          ],
          [
            6.3534231,
            50.5835349
          ],
          [
            6.3534449,
            50.5836398
          ],
          [
            6.3534485,
            50.5840661
          ],
          [
            6.3534496,
            50.5846455
          ],
          [
            6.3534986,
            50.5852002
          ],
          [
            6.3536547,
            50.5855295
          ],
          [
            6.3538524,
            50.585707
          ],
          [
            6.3541773,
            50.5860731
          ],
          [
            6.3542432,
            50.5861897
          ],
          [
            6.3542868,
            50.5865599
          ],
          [
            6.3542726,
            50.5866592
          ],
          [
            6.3542266,
            50.5868022
          ],
          [
            6.3540187,
            50.5870744
          ],
          [
            6.3536818,
            50.5875158
          ],
          [
            6.3536354,
            50.5875997
          ],
          [
            6.3536026,
            50.5877386
          ],
          [
            6.353599,
            50.5879064
          ],
          [
            6.3535997,
            50.5880928
          ],
          [
            6.3536265,
            50.5882615
          ],
          [
            6.3536899,
            50.5884209
          ],
          [
            6.3538159,
            50.5886058
          ],
          [
            6.3543345,
            50.5890668
          ],
          [
            6.3545558,
            50.5891944
          ],
          [
            6.3546643,
            50.5892435
          ],
          [
            6.3547882,
            50.5892657
          ],
          [
            6.3550611,
            50.5892521
          ],
          [
            6.3555589,
            50.5892117
          ],
          [
            6.3557946,
            50.589213
          ],
          [
            6.3564247,
            50.5892471
          ],
          [
            6.357589,
            50.5893028
          ],
          [
            6.3582109,
            50.589358
          ],
          [
            6.3591194,
            50.5895061
          ],
          [
            6.3599532,
            50.5895193
          ],
          [
            6.360428,
            50.5894975
          ],
          [
            6.3609143,
            50.5894663
          ],
          [
            6.3611532,
            50.5894044
          ],
          [
            6.3613681,
            50.5893219
          ],
          [
            6.3615574,
            50.5892278
          ],
          [
            6.3617147,
            50.5891227
          ],
          [
            6.3618726,
            50.5889666
          ],
          [
            6.36199,
            50.5887594
          ],
          [
            6.362097,
            50.5884303
          ],
          [
            6.3621586,
            50.5878428
          ],
          [
            6.362165,
            50.5874409
          ],
          [
            6.3621554,
            50.5870436
          ],
          [
            6.3622264,
            50.5858006
          ],
          [
            6.362218,
            50.5855809
          ],
          [
            6.3621483,
            50.585348
          ],
          [
            6.3620119,
            50.5851113
          ],
          [
            6.3618775,
            50.5849995
          ],
          [
            6.3616319,
            50.5848992
          ],
          [
            6.3611194,
            50.5848206
          ],
          [
            6.3608309,
            50.5848088
          ],
          [
            6.3602128,
            50.5847973
          ],
          [
            6.3597464,
            50.584773
          ]
        ]
      }
    },
    {
      "type": "Feature",
      "properties": {
        "name": "Rur",
        "type": "Fluss"
      },
      "geometry": {
        "type": "LineString",
        "coordinates": [
          [
            6.3347837,
            50.5694515
          ],
          [
            6.3347747,
            50.5695436
          ]
        ]
      }
    },
    {
      "type": "Feature",
      "properties": {
        "name": "Rur",
        "type": "Fluss"
      },
      "geometry": {
        "type": "LineString",
        "coordinates": [
          [
            6.2525017,
            51.013371
          ],
          [
            6.252189,
            51.0136438
          ],
          [
            6.2518825,
            51.013993
          ],
          [
            6.2516333,
            51.0143604
          ],
          [
            6.2514286,
            51.0147625
          ],
          [
            6.2513153,
            51.015175
          ],
          [
            6.2512804,
            51.0155197
          ],
          [
            6.2513012,
            51.0158656
          ],
          [
            6.2513575,
            51.0161968
          ],
          [
            6.2514681,
            51.0165225
          ],
          [
            6.2518184,
            51.0171279
          ],
          [
            6.2521642,
            51.017499
          ],
          [
            6.2525582,
            51.0178617
          ],
          [
            6.2532018,
            51.0182644
          ],
          [
            6.2534755,
            51.0184092
          ],
          [
            6.2540545,
            51.0187004
          ],
          [
            6.2545795,
            51.019014
          ],
          [
            6.254831,
            51.0192184
          ],
          [
            6.2550408,
            51.0194309
          ],
          [
            6.2552984,
            51.0199165
          ],
          [
            6.2553844,
            51.0204041
          ],
          [
            6.2553544,
            51.0209657
          ],
          [
            6.2548053,
            51.021694
          ],
          [
            6.2543303,
            51.0220501
          ],
          [
            6.2512075,
            51.0237534
          ],
          [
            6.2504281,
            51.024069
          ],
          [
            6.2497305,
            51.0243525
          ],
          [
            6.2479534,
            51.0250106
          ],
          [
            6.2455693,
            51.0257078
          ],
          [
            6.2426848,
            51.0262815
          ],
          [
            6.2405691,
            51.0268403
          ],
          [
            6.2402988,
            51.0269564
          ],
          [
            6.2381661,
            51.0278722
          ],
          [
            6.2366209,
            51.0288425
          ],
          [
            6.2347174,
            51.0305895
          ],
          [
            6.2343178,
            51.031096
          ],
          [
            6.2339989,
            51.0315243
          ],
          [
            6.233169,
            51.0332087
          ],
          [
            6.2326336,
            51.033903
          ],
          [
            6.23195,
            51.034604
          ],
          [
            6.2307531,
            51.0354545
          ],
          [
            6.229217,
            51.0361898
          ],
          [
            6.2270611,
            51.0371436
          ],
          [
            6.2268867,
            51.0372208
          ],
          [
            6.2260971,
            51.0378248
          ],
          [
            6.2256966,
            51.0383204
          ],
          [
            6.2255862,
            51.0385574
          ],
          [
            6.225343,
            51.0390835
          ],
          [
            6.2252901,
            51.0396695
          ],
          [
            6.2255332,
            51.0407063
          ],
          [
            6.2256198,
            51.0411683
          ],
          [
            6.2255972,
            51.0416436
          ],
          [
            6.2250092,
            51.042406
          ],
          [
            6.2239996,
            51.0429764
          ],
          [
            6.2231844,
            51.0432859
          ],
          [
            6.2219052,
            51.0433968
          ],
          [
            6.2209266,
            51.0432587
          ],
          [
            6.2197561,
            51.0428326
          ],
          [
            6.2192227,
            51.0424294
          ],
          [
            6.2186548,
            51.0420073
          ],
          [
            6.2180845,
            51.0416704
          ],
          [
            6.2172748,
            51.0414053
          ],
          [
            6.2164599,
            51.0412342
          ],
          [
            6.215984,
            51.041181
          ],
          [
            6.215606,
            51.0411867
          ],
          [
            6.214948,
            51.0411992
          ],
          [
            6.2139105,
            51.0413631
          ],
          [
            6.2135699,
            51.0414697
          ],
          [
            6.2131155,
            51.0416049
          ],
          [
            6.2120956,
            51.0422153
          ],
          [
            6.2112918,
            51.0431058
          ],
          [
            6.2098499,
            51.0439901
          ],
          [
            6.2091344,
            51.044799
          ],
          [
            6.2090539,
            51.0452901
          ],
          [
            6.2088554,
            51.0465017
          ],
          [
            6.2081854,
            51.0476255
          ],
          [
            6.2061661,
            51.0488132
          ],
          [
            6.2053163,
            51.0498485
          ],
          [
            6.2044332,
            51.0504762
          ],
          [
            6.2039651,
            51.0507179
          ],
          [
            6.2038943,
            51.0507545
          ],
          [
            6.2031558,
            51.0509631
          ],
          [
            6.2023568,
            51.0510273
          ],
          [
            6.2015645,
            51.0508508
          ],
          [
            6.2000523,
            51.0505717
          ],
          [
            6.1988072,
            51.0503083
          ],
          [
            6.1983369,
            51.0500102
          ],
          [
            6.1973624,
            51.0493359
          ],
          [
            6.1969232,
            51.0490476
          ],
          [
            6.1964388,
            51.0487638
          ],
          [
            6.1960704,
            51.0486314
          ],
          [
            6.1956743,
            51.0485564
          ],
          [
            6.1951598,
            51.0485169
          ],
          [
            6.194646,
            51.0485304
          ],
          [
            6.1945471,
            51.0485441
          ],
          [
            6.1941707,
            51.0486264
          ],
          [
            6.1937456,
            51.0487284
          ],
          [
            6.1934223,
            51.0488621
          ],
          [
            6.1931015,
            51.0491068
          ],
          [
            6.1927373,
            51.0494458
          ],
          [
            6.1925338,
            51.0499631
          ],
          [
            6.1924252,
            51.0501488
          ],
          [
            6.19212,
            51.052015
          ],
          [
            6.1916181,
            51.0527815
          ],
          [
            6.1913165,
            51.0530761
          ],
          [
            6.1910051,
            51.0533712
          ],
          [
            6.1909424,
            51.0534056
          ],
          [
            6.1899186,
            51.0538938
          ],
          [
            6.1896189,
            51.053975
          ],
          [
            6.189019,
            51.0540083
          ],
          [
            6.1882551,
            51.0539697
          ],
          [
            6.1873325,
            51.0538145
          ],
          [
            6.1866893,
            51.0537419
          ],
          [
            6.1860514,
            51.0537308
          ],
          [
            6.1854361,
            51.0537863
          ],
          [
            6.1849566,
            51.0538722
          ],
          [
            6.1839967,
            51.054244
          ],
          [
            6.1831567,
            51.0550157
          ],
          [
            6.1828158,
            51.0553997
          ],
          [
            6.1823526,
            51.0557714
          ],
          [
            6.1818525,
            51.056076
          ],
          [
            6.181674,
            51.0561847
          ],
          [
            6.180577,
            51.0566035
          ],
          [
            6.1794286,
            51.0568796
          ],
          [
            6.1788056,
            51.0569519
          ],
          [
            6.1776499,
            51.0570473
          ],
          [
            6.1769536,
            51.0569033
          ],
          [
            6.1764031,
            51.0564741
          ],
          [
            6.1759428,
            51.0558884
          ],
          [
            6.1756864,
            51.0556311
          ],
          [
            6.1751527,
            51.0552844
          ],
          [
            6.1746569,
            51.0551987
          ],
          [
            6.1737821,
            51.0551351
          ],
          [
            6.1728155,
            51.0550341
          ],
          [
            6.1719534,
            51.0548804
          ],
          [
            6.1707749,
            51.0548252
          ],
          [
            6.1700311,
            51.0548762
          ],
          [
            6.1691955,
            51.055127
          ],
          [
            6.1685375,
            51.0554013
          ],
          [
            6.1679563,
            51.0557665
          ],
          [
            6.1673835,
            51.0564343
          ],
          [
            6.1671434,
            51.0569075
          ],
          [
            6.1667547,
            51.0580324
          ],
          [
            6.1656762,
            51.0589307
          ],
          [
            6.1646348,
            51.0602912
          ],
          [
            6.1640401,
            51.0606685
          ],
          [
            6.1625487,
            51.0613749
          ],
          [
            6.1606609,
            51.0620013
          ],
          [
            6.1598492,
            51.0625177
          ],
          [
            6.1594855,
            51.0629927
          ],
          [
            6.1589356,
            51.0642455
          ],
          [
            6.1582007,
            51.0652734
          ],
          [
            6.1571563,
            51.0662524
          ],
          [
            6.156108,
            51.0669077
          ],
          [
            6.1551473,
            51.067377
          ],
          [
            6.1540905,
            51.0678617
          ],
          [
            6.1532188,
            51.068632
          ],
          [
            6.1527332,
            51.0695992
          ],
          [
            6.1526898,
            51.0705032
          ],
          [
            6.1529814,
            51.0715034
          ],
          [
            6.1525782,
            51.0727088
          ],
          [
            6.1526907,
            51.0740724
          ],
          [
            6.1532912,
            51.0750589
          ],
          [
            6.1539145,
            51.0757172
          ],
          [
            6.1543104,
            51.0760262
          ]
        ]
      }
    },
    {
      "type": "Feature",
      "properties": {
        "name": "Rur",
        "type": "Fluss"
      },
      "geometry": {
        "type": "LineString",
        "coordinates": [
          [
            6.2542287,
            51.0122536
          ],
          [
            6.2538494,
            51.0124935
          ],
          [
            6.2525017,
            51.013371
          ]
        ]
      }
    },
    {
      "type": "Feature",
      "properties": {
        "name": "Alter Rurarm",
        "type": "Fluss"
      },
      "geometry": {
        "type": "LineString",
        "coordinates": [
          [
            6.296703,
            50.9554729
          ],
          [
            6.2964791,
            50.9562646
          ],
          [
            6.2966739,
            50.9568315
          ],
          [
            6.2973088,
            50.9573476
          ],
          [
            6.2979508,
            50.9574925
          ],
          [
            6.2985782,
            50.9573584
          ],
          [
            6.298986,
            50.9571378
          ],
          [
            6.2994954,
            50.9571065
          ],
          [
            6.3000418,
            50.9574613
          ],
          [
            6.3001265,
            50.9579662
          ],
          [
            6.3000988,
            50.9581042
          ],
          [
            6.3000096,
            50.9581559
          ],
          [
            6.2997229,
            50.9583221
          ],
          [
            6.2986221,
            50.958502
          ],
          [
            6.2982495,
            50.9585628
          ],
          [
            6.2975951,
            50.9589945
          ],
          [
            6.2965874,
            50.9593865
          ],
          [
            6.2958374,
            50.9594453
          ],
          [
            6.2953604,
            50.9592951
          ],
          [
            6.2949697,
            50.9590329
          ],
          [
            6.2952721,
            50.9580717
          ],
          [
            6.2945404,
            50.9574085
          ],
          [
            6.2933918,
            50.9574434
          ],
          [
            6.2925323,
            50.9568237
          ],
          [
            6.2925756,
            50.9566189
          ],
          [
            6.2927077,
            50.956501
          ],
          [
            6.2929902,
            50.9564317
          ],
          [
            6.2931627,
            50.9564109
          ],
          [
            6.2934012,
            50.9563831
          ],
          [
            6.293592,
            50.9563878
          ],
          [
            6.2938745,
            50.9564039
          ],
          [
            6.2940726,
            50.9564016
          ],
          [
            6.2942414,
            50.9563508
          ],
          [
            6.2944542,
            50.9562052
          ],
          [
            6.2946119,
            50.9560388
          ],
          [
            6.2947514,
            50.9558932
          ],
          [
            6.2947844,
            50.9557845
          ]
        ]
      }
    },
    {
      "type": "Feature",
      "properties": {
        "name": "Alter Rurarm",
        "type": "Fluss"
      },
      "geometry": {
        "type": "LineString",
        "coordinates": [
          [
            6.2947514,
            50.9556921
          ],
          [
            6.294666,
            50.9555561
          ]
        ]
      }
    },
    {
      "type": "Feature",
      "properties": {
        "name": "Alter Rurarm",
        "type": "Fluss"
      },
      "geometry": {
        "type": "LineString",
        "coordinates": [
          [
            6.2918088,
            50.9567222
          ],
          [
            6.2916622,
            50.9567243
          ],
          [
            6.291528,
            50.9567059
          ],
          [
            6.2913234,
            50.9567552
          ]
        ]
      }
    },
    {
      "type": "Feature",
      "properties": {
        "name": "Alter Rurarm",
        "type": "Fluss"
      },
      "geometry": {
        "type": "LineString",
        "coordinates": [
          [
            6.2925323,
            50.9568237
          ],
          [
            6.2923885,
            50.9567529
          ],
          [
            6.2921464,
            50.9567229
          ],
          [
            6.2920156,
            50.9567138
          ]
        ]
      }
    },
    {
      "type": "Feature",
      "properties": {
        "name": "Alter Rurarm",
        "type": "Fluss"
      },
      "geometry": {
        "type": "LineString",
        "coordinates": [
          [
            6.2911116,
            50.9616179
          ],
          [
            6.291062,
            50.9619195
          ],
          [
            6.290785,
            50.9621251
          ],
          [
            6.2905098,
            50.9622834
          ],
          [
            6.2900439,
            50.9624336
          ],
          [
            6.2896274,
            50.9624903
          ],
          [
            6.289123,
            50.9625157
          ],
          [
            6.2886827,
            50.9625342
          ],
          [
            6.2877287,
            50.9624683
          ],
          [
            6.2867639,
            50.9623996
          ],
          [
            6.286665,
            50.9624067
          ],
          [
            6.2865279,
            50.96243
          ]
        ]
      }
    },
    {
      "type": "Feature",
      "properties": {
        "name": "Alter Rurarm",
        "type": "Fluss"
      },
      "geometry": {
        "type": "LineString",
        "coordinates": [
          [
            6.0842661,
            51.1206079
          ],
          [
            6.0848176,
            51.1208157
          ],
          [
            6.0849977,
            51.1209465
          ],
          [
            6.0849544,
            51.1210817
          ],
          [
            6.0848266,
            51.1211985
          ],
          [
            6.0846324,
            51.1212926
          ],
          [
            6.0843607,
            51.1212996
          ],
          [
            6.083935,
            51.1212895
          ],
          [
            6.08345,
            51.1212048
          ],
          [
            6.0831602,
            51.1212307
          ],
          [
            6.0830102,
            51.1212686
          ],
          [
            6.0828824,
            51.121285
          ],
          [
            6.082662,
            51.1213241
          ],
          [
            6.0821941,
            51.1213034
          ],
          [
            6.08202,
            51.1212907
          ],
          [
            6.0816065,
            51.1212842
          ]
        ]
      }
    },
    {
      "type": "Feature",
      "properties": {
        "name": "Erftflutkanal",
        "type": "Fluss"
      },
      "geometry": {
        "type": "LineString",
        "coordinates": [
          [
            6.6515376,
            50.9400513
          ],
          [
            6.6510748,
            50.9402357
          ],
          [
            6.6503645,
            50.940519
          ],
          [
            6.6501961,
            50.9404837
          ],
          [
            6.6501188,
            50.9404379
          ],
          [
            6.6500881,
            50.9403476
          ],
          [
            6.6500715,
            50.9402168
          ],
          [
            6.6499801,
            50.9401487
          ],
          [
            6.6497559,
            50.9401173
          ],
          [
            6.649515,
            50.9401225
          ],
          [
            6.649407,
            50.9400545
          ],
          [
            6.6493904,
            50.9399184
          ],
          [
            6.6494236,
            50.9398242
          ],
          [
            6.6493489,
            50.9396306
          ],
          [
            6.6493073,
            50.9395939
          ],
          [
            6.6490522,
            50.9395289
          ],
          [
            6.648842,
            50.9395606
          ],
          [
            6.6486772,
            50.9396475
          ],
          [
            6.6486581,
            50.9398354
          ],
          [
            6.6486476,
            50.9399751
          ],
          [
            6.6484827,
            50.9401598
          ],
          [
            6.648135,
            50.9403151
          ],
          [
            6.6475965,
            50.9404039
          ],
          [
            6.6467327,
            50.9401422
          ],
          [
            6.64655,
            50.9400951
          ],
          [
            6.6463839,
            50.9401475
          ],
          [
            6.6463091,
            50.9402679
          ],
          [
            6.6460849,
            50.9404877
          ],
          [
            6.6458025,
            50.9404824
          ],
          [
            6.6456197,
            50.940315
          ],
          [
            6.6456862,
            50.9401056
          ],
          [
            6.6455948,
            50.9400009
          ],
          [
            6.6453789,
            50.9399486
          ],
          [
            6.6450549,
            50.9399957
          ],
          [
            6.6449636,
            50.9400585
          ],
          [
            6.6449885,
            50.9402836
          ],
          [
            6.644947,
            50.9403516
          ],
          [
            6.6447476,
            50.9404301
          ],
          [
            6.6446895,
            50.9404824
          ],
          [
            6.6446958,
            50.9407325
          ],
          [
            6.644684,
            50.9407732
          ],
          [
            6.6443199,
            50.9408509
          ],
          [
            6.6442259,
            50.9409138
          ],
          [
            6.6442318,
            50.9410026
          ],
          [
            6.6444021,
            50.9411729
          ],
          [
            6.6445724,
            50.9413024
          ],
          [
            6.6445842,
            50.9414134
          ],
          [
            6.6444961,
            50.9414948
          ],
          [
            6.6443434,
            50.941517
          ],
          [
            6.6441084,
            50.9414837
          ],
          [
            6.6437737,
            50.9414171
          ],
          [
            6.6436033,
            50.941369
          ],
          [
            6.6435329,
            50.9413801
          ],
          [
            6.6434918,
            50.941517
          ],
          [
            6.6433449,
            50.9416281
          ],
          [
            6.6430983,
            50.9416651
          ],
          [
            6.6428281,
            50.941617
          ],
          [
            6.6426695,
            50.9416503
          ],
          [
            6.6426225,
            50.9417206
          ],
          [
            6.6426519,
            50.9418982
          ],
          [
            6.6426343,
            50.9420018
          ],
          [
            6.6425109,
            50.9420277
          ],
          [
            6.642229,
            50.9419093
          ],
          [
            6.6421585,
            50.9419167
          ],
          [
            6.6421174,
            50.9420425
          ],
          [
            6.6419471,
            50.942161
          ],
          [
            6.6417298,
            50.9423127
          ],
          [
            6.6417239,
            50.9424089
          ],
          [
            6.6418473,
            50.9425532
          ],
          [
            6.642047,
            50.9426384
          ],
          [
            6.6421652,
            50.9427689
          ],
          [
            6.6421879,
            50.9429936
          ],
          [
            6.6422412,
            50.9431175
          ],
          [
            6.6423336,
            50.9432294
          ],
          [
            6.6423695,
            50.9433201
          ],
          [
            6.6423342,
            50.9434307
          ],
          [
            6.6422425,
            50.9434987
          ]
        ]
      }
    },
    {
      "type": "Feature",
      "properties": {
        "name": "Erftflutkanal",
        "type": "Fluss"
      },
      "geometry": {
        "type": "LineString",
        "coordinates": [
          [
            6.6422425,
            50.9434987
          ],
          [
            6.6377036,
            50.9451482
          ],
          [
            6.6374531,
            50.9452649
          ],
          [
            6.6367934,
            50.9455605
          ],
          [
            6.630979,
            50.9488268
          ],
          [
            6.6304571,
            50.9492951
          ],
          [
            6.6298791,
            50.9500429
          ],
          [
            6.6295792,
            50.950543
          ],
          [
            6.6292914,
            50.9512496
          ],
          [
            6.6292013,
            50.951514
          ],
          [
            6.6291029,
            50.951793
          ],
          [
            6.6290348,
            50.9520227
          ],
          [
            6.6288709,
            50.9522824
          ],
          [
            6.627847,
            50.9532147
          ],
          [
            6.6269765,
            50.9540825
          ],
          [
            6.6262959,
            50.9547181
          ],
          [
            6.625837,
            50.9552556
          ],
          [
            6.6257688,
            50.9553377
          ],
          [
            6.6256896,
            50.9554331
          ],
          [
            6.625649,
            50.9555061
          ],
          [
            6.6255808,
            50.9556287
          ],
          [
            6.625585,
            50.9557387
          ],
          [
            6.6255894,
            50.9558551
          ],
          [
            6.6251815,
            50.9590677
          ],
          [
            6.6249645,
            50.959557
          ],
          [
            6.6244026,
            50.9603477
          ],
          [
            6.6238939,
            50.9608535
          ]
        ]
      }
    },
    {
      "type": "Feature",
      "properties": {
        "name": "Niers",
        "type": "Fluss"
      },
      "geometry": {
        "type": "LineString",
        "coordinates": [
          [
            6.3066113,
            51.4977841
          ],
          [
            6.307162,
            51.4986607
          ],
          [
            6.3086114,
            51.5010964
          ],
          [
            6.3088357,
            51.5014767
          ],
          [
            6.3092775,
            51.5022261
          ],
          [
            6.3096814,
            51.5030556
          ],
          [
            6.3097165,
            51.5031416
          ],
          [
            6.3097739,
            51.5032825
          ],
          [
            6.3097444,
            51.5034354
          ],
          [
            6.3099273,
            51.5035544
          ],
          [
            6.3100018,
            51.503719
          ],
          [
            6.309969,
            51.5037921
          ],
          [
            6.3100767,
            51.5038481
          ],
          [
            6.3101698,
            51.5041463
          ],
          [
            6.3107375,
            51.5053
          ],
          [
            6.3140742,
            51.5127193
          ],
          [
            6.3141718,
            51.512977
          ],
          [
            6.314837,
            51.5143033
          ],
          [
            6.3149195,
            51.5147625
          ],
          [
            6.3148961,
            51.5152791
          ],
          [
            6.3145853,
            51.516193
          ],
          [
            6.3144274,
            51.5163975
          ],
          [
            6.314072,
            51.5165447
          ],
          [
            6.3140648,
            51.5166825
          ],
          [
            6.3145299,
            51.5168017
          ],
          [
            6.3145639,
            51.5169919
          ],
          [
            6.3144227,
            51.5170518
          ]
        ]
      }
    },
    {
      "type": "Feature",
      "properties": {
        "name": "Niers",
        "type": "Fluss"
      },
      "geometry": {
        "type": "LineString",
        "coordinates": [
          [
            6.4907476,
            51.2276883
          ],
          [
            6.4907651,
            51.2278323
          ],
          [
            6.4907719,
            51.2280041
          ],
          [
            6.4907624,
            51.2281805
          ],
          [
            6.4907347,
            51.2283721
          ],
          [
            6.490681,
            51.2286152
          ],
          [
            6.4905927,
            51.2288639
          ],
          [
            6.4905074,
            51.22905
          ],
          [
            6.4903999,
            51.2292492
          ],
          [
            6.4902498,
            51.229456
          ],
          [
            6.490112,
            51.229632
          ],
          [
            6.48977,
            51.229994
          ],
          [
            6.4895561,
            51.2301749
          ],
          [
            6.489321,
            51.2303738
          ],
          [
            6.488815,
            51.2306703
          ],
          [
            6.4882673,
            51.2309436
          ],
          [
            6.486278,
            51.231834
          ],
          [
            6.4799373,
            51.2347448
          ],
          [
            6.4795065,
            51.234955
          ],
          [
            6.4791158,
            51.23516
          ],
          [
            6.4788509,
            51.2353269
          ],
          [
            6.4785776,
            51.2355141
          ],
          [
            6.478357,
            51.2357006
          ],
          [
            6.4781747,
            51.2358773
          ],
          [
            6.477669,
            51.236415
          ],
          [
            6.4774423,
            51.2366199
          ],
          [
            6.47713,
            51.2368576
          ],
          [
            6.4768599,
            51.2370506
          ],
          [
            6.4763099,
            51.2373526
          ],
          [
            6.4746354,
            51.2380668
          ],
          [
            6.4736975,
            51.2384664
          ],
          [
            6.4729271,
            51.2388023
          ],
          [
            6.4721954,
            51.2391177
          ],
          [
            6.4716812,
            51.2394084
          ],
          [
            6.4682244,
            51.2415794
          ]
        ]
      }
    },
    {
      "type": "Feature",
      "properties": {
        "name": "Niers",
        "type": "Fluss"
      },
      "geometry": {
        "type": "LineString",
        "coordinates": [
          [
            6.490598,
            51.226639
          ],
          [
            6.4907476,
            51.2276883
          ]
        ]
      }
    },
    {
      "type": "Feature",
      "properties": {
        "name": "Niers",
        "type": "Fluss"
      },
      "geometry": {
        "type": "LineString",
        "coordinates": [
          [
            6.493256,
            51.1972284
          ],
          [
            6.4932197,
            51.1978263
          ],
          [
            6.492972,
            51.199127
          ],
          [
            6.492485,
            51.200577
          ],
          [
            6.49182,
            51.202071
          ],
          [
            6.4903399,
            51.2045905
          ],
          [
            6.488555,
            51.2075462
          ],
          [
            6.4883601,
            51.20797
          ],
          [
            6.4881682,
            51.2084749
          ],
          [
            6.4880195,
            51.2089705
          ],
          [
            6.4879604,
            51.2092139
          ],
          [
            6.4878611,
            51.2097298
          ],
          [
            6.487849,
            51.2100279
          ],
          [
            6.4878475,
            51.2106043
          ],
          [
            6.4878688,
            51.2108986
          ],
          [
            6.487882,
            51.2110648
          ],
          [
            6.4880147,
            51.2120753
          ],
          [
            6.490598,
            51.226639
          ]
        ]
      }
    },
    {
      "type": "Feature",
      "properties": {
        "name": "Niers",
        "type": "Fluss"
      },
      "geometry": {
        "type": "LineString",
        "coordinates": [
          [
            6.4823678,
            51.1788946
          ],
          [
            6.4825458,
            51.1790812
          ],
          [
            6.4835873,
            51.1802306
          ],
          [
            6.4847482,
            51.1815864
          ],
          [
            6.4851662,
            51.1820672
          ],
          [
            6.4854487,
            51.1824009
          ],
          [
            6.4857552,
            51.1827705
          ],
          [
            6.4868412,
            51.1841356
          ],
          [
            6.487691,
            51.1852462
          ],
          [
            6.4889937,
            51.1868869
          ],
          [
            6.4896113,
            51.187665
          ],
          [
            6.4905562,
            51.1888576
          ],
          [
            6.4914295,
            51.1898842
          ],
          [
            6.491627,
            51.1901382
          ],
          [
            6.4919129,
            51.1906398
          ],
          [
            6.4922245,
            51.1912023
          ],
          [
            6.4925022,
            51.1918705
          ],
          [
            6.4928929,
            51.1931381
          ],
          [
            6.4930833,
            51.1939886
          ],
          [
            6.4932242,
            51.1950273
          ],
          [
            6.4932817,
            51.196247
          ],
          [
            6.493256,
            51.1972284
          ]
        ]
      }
    },
    {
      "type": "Feature",
      "properties": {
        "name": "Niers",
        "type": "Fluss"
      },
      "geometry": {
        "type": "LineString",
        "coordinates": [
          [
            6.4666479,
            51.1680954
          ],
          [
            6.4673296,
            51.168671
          ],
          [
            6.4680926,
            51.1691435
          ],
          [
            6.4689014,
            51.1695984
          ],
          [
            6.4730564,
            51.1713795
          ],
          [
            6.4749218,
            51.1723133
          ],
          [
            6.4765474,
            51.1732943
          ],
          [
            6.4774128,
            51.1738523
          ],
          [
            6.4780163,
            51.174336
          ],
          [
            6.4788612,
            51.1750889
          ],
          [
            6.4795231,
            51.1756957
          ],
          [
            6.4823678,
            51.1788946
          ]
        ]
      }
    },
    {
      "type": "Feature",
      "properties": {
        "name": "Niers",
        "type": "Fluss"
      },
      "geometry": {
        "type": "LineString",
        "coordinates": [
          [
            6.4645117,
            51.1647447
          ],
          [
            6.4649503,
            51.1647063
          ],
          [
            6.4650591,
            51.1647315
          ],
          [
            6.4651635,
            51.1647813
          ],
          [
            6.4653486,
            51.1649211
          ],
          [
            6.4654046,
            51.1649467
          ],
          [
            6.4656524,
            51.1649654
          ],
          [
            6.4658758,
            51.1649587
          ],
          [
            6.4660113,
            51.1649101
          ],
          [
            6.4660768,
            51.1648672
          ],
          [
            6.4661357,
            51.1648216
          ],
          [
            6.4661779,
            51.1647617
          ],
          [
            6.4662157,
            51.1647034
          ],
          [
            6.4662484,
            51.1646161
          ],
          [
            6.4662586,
            51.1645362
          ],
          [
            6.4662337,
            51.1644291
          ],
          [
            6.4661921,
            51.1643511
          ],
          [
            6.4661032,
            51.1642419
          ],
          [
            6.4660371,
            51.1641731
          ],
          [
            6.4659432,
            51.1641299
          ],
          [
            6.465766,
            51.1640783
          ],
          [
            6.4656411,
            51.1640273
          ],
          [
            6.4655851,
            51.1639904
          ],
          [
            6.4655488,
            51.1639475
          ],
          [
            6.4654977,
            51.163918
          ],
          [
            6.4653818,
            51.1638925
          ],
          [
            6.4651092,
            51.1638214
          ],
          [
            6.4648547,
            51.1637426
          ],
          [
            6.4646915,
            51.1637062
          ],
          [
            6.4646165,
            51.1636807
          ],
          [
            6.4645506,
            51.1636507
          ],
          [
            6.4644112,
            51.1635605
          ],
          [
            6.464336,
            51.1634898
          ],
          [
            6.4642365,
            51.163394
          ],
          [
            6.4642364,
            51.1632976
          ],
          [
            6.4642706,
            51.163203
          ],
          [
            6.4642801,
            51.1631416
          ],
          [
            6.4642389,
            51.1630298
          ],
          [
            6.4642233,
            51.1629257
          ],
          [
            6.4642589,
            51.1628379
          ],
          [
            6.4642749,
            51.1627549
          ],
          [
            6.4643126,
            51.1626392
          ],
          [
            6.4643412,
            51.1625257
          ],
          [
            6.464358,
            51.1623883
          ],
          [
            6.4643823,
            51.1623349
          ],
          [
            6.464445,
            51.1622873
          ],
          [
            6.4646094,
            51.1622513
          ],
          [
            6.4647399,
            51.162242
          ],
          [
            6.4647833,
            51.1622583
          ],
          [
            6.4648205,
            51.1622869
          ],
          [
            6.4648343,
            51.1623096
          ],
          [
            6.4648345,
            51.1623393
          ],
          [
            6.4648441,
            51.162416
          ],
          [
            6.4649191,
            51.1624713
          ],
          [
            6.4649731,
            51.1624948
          ],
          [
            6.4650408,
            51.1625136
          ],
          [
            6.4651355,
            51.1625299
          ],
          [
            6.4652582,
            51.1625218
          ],
          [
            6.4653097,
            51.1625237
          ],
          [
            6.4653559,
            51.1625312
          ],
          [
            6.4654103,
            51.1625714
          ],
          [
            6.4654409,
            51.1625989
          ],
          [
            6.4654771,
            51.1626149
          ],
          [
            6.4654973,
            51.1626215
          ],
          [
            6.4655254,
            51.1626258
          ],
          [
            6.4655976,
            51.1626063
          ],
          [
            6.4656813,
            51.1625785
          ],
          [
            6.4657646,
            51.1625699
          ],
          [
            6.4658615,
            51.162581
          ],
          [
            6.4660336,
            51.1626146
          ],
          [
            6.4660854,
            51.1626181
          ],
          [
            6.4661349,
            51.1626085
          ],
          [
            6.4661813,
            51.1625957
          ],
          [
            6.4663495,
            51.1625738
          ],
          [
            6.4665043,
            51.1625578
          ],
          [
            6.4665512,
            51.1625264
          ],
          [
            6.4665683,
            51.1625004
          ],
          [
            6.4665527,
            51.1624588
          ],
          [
            6.4665484,
            51.1624276
          ],
          [
            6.4666153,
            51.1623539
          ],
          [
            6.4666463,
            51.1623233
          ],
          [
            6.4666558,
            51.1622834
          ],
          [
            6.46665,
            51.1622259
          ],
          [
            6.4666358,
            51.1621985
          ],
          [
            6.4666079,
            51.1621813
          ],
          [
            6.4665547,
            51.1621674
          ],
          [
            6.4664896,
            51.1621646
          ],
          [
            6.4664075,
            51.1621547
          ],
          [
            6.4663663,
            51.1621571
          ],
          [
            6.4662974,
            51.1620624
          ],
          [
            6.4662082,
            51.1619828
          ],
          [
            6.4661516,
            51.1619591
          ],
          [
            6.4660807,
            51.1619471
          ],
          [
            6.4659771,
            51.1619584
          ],
          [
            6.4658859,
            51.1619932
          ],
          [
            6.4656846,
            51.1620111
          ],
          [
            6.4655933,
            51.1620118
          ],
          [
            6.465517,
            51.1619982
          ],
          [
            6.4654554,
            51.1619593
          ],
          [
            6.4654058,
            51.1619034
          ],
          [
            6.4653655,
            51.1618262
          ],
          [
            6.4653118,
            51.1617318
          ],
          [
            6.4652788,
            51.1616898
          ],
          [
            6.4652301,
            51.1616585
          ],
          [
            6.4650778,
            51.1616124
          ],
          [
            6.4649233,
            51.1615812
          ],
          [
            6.4646758,
            51.1615546
          ],
          [
            6.4644509,
            51.1615554
          ],
          [
            6.4642245,
            51.1616293
          ],
          [
            6.4640193,
            51.1617229
          ],
          [
            6.4636494,
            51.1619136
          ],
          [
            6.4634676,
            51.1620865
          ],
          [
            6.4633765,
            51.1621768
          ],
          [
            6.46327,
            51.1622577
          ],
          [
            6.4631499,
            51.1623186
          ],
          [
            6.4630307,
            51.1623718
          ],
          [
            6.4629569,
            51.1623819
          ],
          [
            6.4628577,
            51.1623829
          ],
          [
            6.4627604,
            51.1623793
          ],
          [
            6.4626225,
            51.1623146
          ],
          [
            6.4625601,
            51.1622373
          ],
          [
            6.4624681,
            51.1621633
          ],
          [
            6.4623625,
            51.1620901
          ],
          [
            6.4623497,
            51.1620573
          ],
          [
            6.462353,
            51.1620261
          ],
          [
            6.4623655,
            51.1619857
          ],
          [
            6.4623753,
            51.1619253
          ],
          [
            6.4623649,
            51.1618774
          ],
          [
            6.4623384,
            51.1618224
          ],
          [
            6.462296,
            51.1617259
          ],
          [
            6.4623054,
            51.1616545
          ],
          [
            6.4623775,
            51.1616002
          ],
          [
            6.4624825,
            51.1615685
          ],
          [
            6.462635,
            51.1615455
          ],
          [
            6.4630342,
            51.1615708
          ],
          [
            6.4632579,
            51.1615678
          ],
          [
            6.4634169,
            51.1615427
          ],
          [
            6.4635359,
            51.1614965
          ],
          [
            6.4636409,
            51.1614063
          ],
          [
            6.4637113,
            51.1613121
          ],
          [
            6.4637021,
            51.1612193
          ],
          [
            6.4636553,
            51.1611369
          ],
          [
            6.4635983,
            51.161048
          ],
          [
            6.4635176,
            51.1609777
          ],
          [
            6.463218,
            51.1608439
          ],
          [
            6.4630749,
            51.1608172
          ],
          [
            6.4628966,
            51.1608119
          ],
          [
            6.4625754,
            51.160866
          ],
          [
            6.4622905,
            51.1609535
          ],
          [
            6.461913,
            51.1611177
          ],
          [
            6.4617707,
            51.1611572
          ],
          [
            6.4617184,
            51.1611741
          ],
          [
            6.4616458,
            51.1611813
          ],
          [
            6.461493,
            51.1611736
          ],
          [
            6.4613594,
            51.161131
          ],
          [
            6.4612746,
            51.1610798
          ],
          [
            6.4612304,
            51.1610084
          ],
          [
            6.461233,
            51.1609211
          ],
          [
            6.4612117,
            51.1608221
          ],
          [
            6.4612077,
            51.1607698
          ],
          [
            6.4612345,
            51.1607159
          ],
          [
            6.461328,
            51.1606389
          ],
          [
            6.4614828,
            51.1605795
          ],
          [
            6.4619158,
            51.160491
          ],
          [
            6.4621877,
            51.1604783
          ],
          [
            6.4622806,
            51.1604361
          ],
          [
            6.4623737,
            51.1603616
          ],
          [
            6.4624194,
            51.1602706
          ],
          [
            6.4624023,
            51.1601807
          ],
          [
            6.4623604,
            51.1600652
          ],
          [
            6.4622753,
            51.1599932
          ],
          [
            6.4621959,
            51.1599557
          ],
          [
            6.4620397,
            51.1599208
          ],
          [
            6.4619608,
            51.1599125
          ],
          [
            6.4618792,
            51.1599138
          ],
          [
            6.4616733,
            51.1599805
          ],
          [
            6.46149,
            51.1600089
          ],
          [
            6.4614215,
            51.1600117
          ],
          [
            6.4613659,
            51.1599959
          ],
          [
            6.4612679,
            51.1599589
          ],
          [
            6.4611231,
            51.1599586
          ],
          [
            6.4609572,
            51.1600298
          ],
          [
            6.4609122,
            51.1601199
          ],
          [
            6.4608545,
            51.1602215
          ],
          [
            6.4607824,
            51.1602759
          ],
          [
            6.4606692,
            51.1603221
          ],
          [
            6.4604945,
            51.1603463
          ],
          [
            6.4603449,
            51.1603236
          ],
          [
            6.4602059,
            51.1602705
          ],
          [
            6.4600905,
            51.1601783
          ],
          [
            6.4595869,
            51.1597417
          ],
          [
            6.45869,
            51.1592315
          ],
          [
            6.4586058,
            51.1591754
          ]
        ]
      }
    },
    {
      "type": "Feature",
      "properties": {
        "name": "Niers",
        "type": "Fluss"
      },
      "geometry": {
        "type": "LineString",
        "coordinates": [
          [
            6.3092639,
            51.4319789
          ],
          [
            6.3091225,
            51.4322573
          ],
          [
            6.3088839,
            51.4329287
          ],
          [
            6.308701,
            51.4331017
          ],
          [
            6.3085583,
            51.433346
          ],
          [
            6.3084689,
            51.4347357
          ],
          [
            6.3087064,
            51.4353588
          ],
          [
            6.3094796,
            51.4362567
          ],
          [
            6.3096356,
            51.4365268
          ],
          [
            6.3096125,
            51.4369636
          ],
          [
            6.3092929,
            51.4374127
          ],
          [
            6.308847,
            51.4377978
          ],
          [
            6.3083484,
            51.4381608
          ],
          [
            6.3081251,
            51.4384455
          ],
          [
            6.3079402,
            51.4387918
          ]
        ]
      }
    },
    {
      "type": "Feature",
      "properties": {
        "name": "Niers",
        "type": "Fluss"
      },
      "geometry": {
        "type": "LineString",
        "coordinates": [
          [
            6.3329284,
            51.4106574
          ],
          [
            6.3328122,
            51.4108392
          ],
          [
            6.3325996,
            51.4110825
          ]
        ]
      }
    },
    {
      "type": "Feature",
      "properties": {
        "name": "Niers",
        "type": "Fluss"
      },
      "geometry": {
        "type": "LineString",
        "coordinates": [
          [
            6.3325996,
            51.4110825
          ],
          [
            6.3321633,
            51.4114231
          ],
          [
            6.3319374,
            51.4115323
          ],
          [
            6.3315736,
            51.4116402
          ],
          [
            6.3309794,
            51.4117585
          ],
          [
            6.3303005,
            51.4118447
          ],
          [
            6.3291055,
            51.4118239
          ],
          [
            6.3287978,
            51.4118423
          ],
          [
            6.3279389,
            51.4120834
          ],
          [
            6.3276072,
            51.4121719
          ],
          [
            6.3273769,
            51.4122851
          ],
          [
            6.326782,
            51.4127639
          ],
          [
            6.3262729,
            51.4129811
          ],
          [
            6.3257326,
            51.413121
          ],
          [
            6.3255349,
            51.4132389
          ],
          [
            6.3254731,
            51.4134012
          ],
          [
            6.3254172,
            51.4137799
          ],
          [
            6.3253194,
            51.4139883
          ],
          [
            6.325088,
            51.4141211
          ],
          [
            6.3247524,
            51.4142207
          ],
          [
            6.3243316,
            51.4142696
          ],
          [
            6.3239187,
            51.4143156
          ],
          [
            6.3237886,
            51.4143178
          ],
          [
            6.3235686,
            51.4144422
          ],
          [
            6.3234466,
            51.4145568
          ],
          [
            6.3229269,
            51.4153854
          ],
          [
            6.3228665,
            51.4154649
          ],
          [
            6.3226613,
            51.4156422
          ],
          [
            6.3213933,
            51.4164686
          ],
          [
            6.3212122,
            51.4167444
          ],
          [
            6.3211355,
            51.4170677
          ],
          [
            6.3211314,
            51.4178076
          ],
          [
            6.3211909,
            51.4185467
          ],
          [
            6.3209114,
            51.4190003
          ],
          [
            6.3208632,
            51.4191654
          ],
          [
            6.3209199,
            51.4193093
          ],
          [
            6.3216866,
            51.4199838
          ],
          [
            6.3232752,
            51.4207087
          ],
          [
            6.3235549,
            51.4209259
          ],
          [
            6.3237525,
            51.4213208
          ],
          [
            6.323778,
            51.4213827
          ],
          [
            6.3237153,
            51.4216046
          ],
          [
            6.3231533,
            51.4221416
          ],
          [
            6.3227304,
            51.4223252
          ],
          [
            6.3225021,
            51.4224567
          ],
          [
            6.3222586,
            51.422898
          ],
          [
            6.3219507,
            51.4236245
          ],
          [
            6.3201723,
            51.4245714
          ],
          [
            6.3175535,
            51.4265161
          ],
          [
            6.3173176,
            51.4266629
          ],
          [
            6.3169421,
            51.4268632
          ],
          [
            6.3164725,
            51.4270527
          ],
          [
            6.3150601,
            51.4274519
          ],
          [
            6.314352,
            51.4277325
          ],
          [
            6.3137622,
            51.4280539
          ],
          [
            6.3130077,
            51.4286581
          ],
          [
            6.3096354,
            51.4315696
          ],
          [
            6.3092639,
            51.4319789
          ]
        ]
      }
    },
    {
      "type": "Feature",
      "properties": {
        "name": "Niers",
        "type": "Fluss"
      },
      "geometry": {
        "type": "LineString",
        "coordinates": [
          [
            6.3079402,
            51.4387918
          ],
          [
            6.3079392,
            51.4392031
          ],
          [
            6.3081285,
            51.4397481
          ],
          [
            6.3080537,
            51.4401414
          ]
        ]
      }
    },
    {
      "type": "Feature",
      "properties": {
        "name": "Niers",
        "type": "Fluss"
      },
      "geometry": {
        "type": "LineString",
        "coordinates": [
          [
            6.3080537,
            51.4401414
          ],
          [
            6.3078521,
            51.4410487
          ],
          [
            6.3076046,
            51.4415682
          ],
          [
            6.306862,
            51.4424933
          ],
          [
            6.3065445,
            51.4429863
          ],
          [
            6.3062628,
            51.4437613
          ],
          [
            6.3059072,
            51.4445576
          ],
          [
            6.305453,
            51.445145
          ],
          [
            6.3053706,
            51.4456926
          ],
          [
            6.3049324,
            51.4467666
          ],
          [
            6.3050558,
            51.4506597
          ],
          [
            6.3050949,
            51.451894
          ],
          [
            6.3050772,
            51.4521477
          ],
          [
            6.305073,
            51.4522077
          ],
          [
            6.305024,
            51.4525138
          ]
        ]
      }
    },
    {
      "type": "Feature",
      "properties": {
        "name": "Niers",
        "type": "Fluss"
      },
      "geometry": {
        "type": "LineString",
        "coordinates": [
          [
            6.305024,
            51.4525138
          ],
          [
            6.304809,
            51.4530251
          ]
        ]
      }
    },
    {
      "type": "Feature",
      "properties": {
        "name": "Niers",
        "type": "Fluss"
      },
      "geometry": {
        "type": "LineString",
        "coordinates": [
          [
            6.304809,
            51.4530251
          ],
          [
            6.3042414,
            51.453585
          ],
          [
            6.3025286,
            51.4551284
          ],
          [
            6.3016674,
            51.4558827
          ],
          [
            6.3012653,
            51.4562776
          ],
          [
            6.3009296,
            51.4566745
          ],
          [
            6.3005073,
            51.4573103
          ],
          [
            6.3003494,
            51.4577346
          ],
          [
            6.3003124,
            51.4580063
          ],
          [
            6.3002517,
            51.4588129
          ],
          [
            6.3000119,
            51.4593981
          ],
          [
            6.2999033,
            51.4599305
          ],
          [
            6.2994458,
            51.4615297
          ],
          [
            6.2986048,
            51.4629587
          ],
          [
            6.2979386,
            51.4639844
          ],
          [
            6.2973388,
            51.4650048
          ],
          [
            6.2972936,
            51.4651979
          ],
          [
            6.2972358,
            51.4654446
          ],
          [
            6.297233,
            51.4655209
          ],
          [
            6.2972154,
            51.4659949
          ],
          [
            6.2974755,
            51.4678563
          ],
          [
            6.2974214,
            51.4684476
          ],
          [
            6.2972637,
            51.4689076
          ],
          [
            6.2971798,
            51.4691525
          ],
          [
            6.2968675,
            51.4697404
          ],
          [
            6.2968007,
            51.4698837
          ],
          [
            6.2950238,
            51.4735761
          ],
          [
            6.2949045,
            51.4740896
          ],
          [
            6.2948548,
            51.4744383
          ],
          [
            6.2948974,
            51.4746238
          ],
          [
            6.2949835,
            51.4751596
          ],
          [
            6.295349,
            51.4758475
          ],
          [
            6.2955502,
            51.4761281
          ],
          [
            6.2972205,
            51.4786754
          ],
          [
            6.2973992,
            51.478948
          ],
          [
            6.298111,
            51.4800338
          ],
          [
            6.2984918,
            51.4806456
          ],
          [
            6.2987807,
            51.4811097
          ],
          [
            6.2988804,
            51.4812571
          ],
          [
            6.2989821,
            51.4814184
          ],
          [
            6.2997793,
            51.4825865
          ],
          [
            6.3002256,
            51.4832703
          ],
          [
            6.3006399,
            51.4839997
          ],
          [
            6.3006848,
            51.4840955
          ],
          [
            6.3009389,
            51.4846097
          ],
          [
            6.3012475,
            51.485441
          ],
          [
            6.3013659,
            51.4859906
          ],
          [
            6.3017327,
            51.4869567
          ],
          [
            6.3018832,
            51.4874325
          ]
        ]
      }
    },
    {
      "type": "Feature",
      "properties": {
        "name": "Niers",
        "type": "Fluss"
      },
      "geometry": {
        "type": "LineString",
        "coordinates": [
          [
            6.3557711,
            51.3812727
          ],
          [
            6.3554734,
            51.3816444
          ],
          [
            6.3550306,
            51.3819815
          ],
          [
            6.3524976,
            51.3835724
          ],
          [
            6.3520695,
            51.383861
          ],
          [
            6.3515066,
            51.3842899
          ],
          [
            6.3513727,
            51.3844182
          ],
          [
            6.3512616,
            51.3845827
          ],
          [
            6.3514133,
            51.3850939
          ],
          [
            6.3514509,
            51.3855039
          ],
          [
            6.3514384,
            51.3858902
          ],
          [
            6.3513403,
            51.3863054
          ],
          [
            6.3511802,
            51.3866208
          ],
          [
            6.350988,
            51.3869078
          ],
          [
            6.3507999,
            51.3871394
          ],
          [
            6.3504794,
            51.3873339
          ],
          [
            6.3502386,
            51.3874653
          ],
          [
            6.3496381,
            51.3876485
          ],
          [
            6.3493714,
            51.3877516
          ],
          [
            6.3491567,
            51.387878
          ],
          [
            6.3489829,
            51.387967
          ],
          [
            6.3487113,
            51.388007
          ],
          [
            6.3481557,
            51.3880814
          ],
          [
            6.3478021,
            51.3881171
          ],
          [
            6.3476244,
            51.3881451
          ],
          [
            6.3475323,
            51.3881994
          ],
          [
            6.3475153,
            51.3882362
          ],
          [
            6.3474674,
            51.3883314
          ],
          [
            6.347475,
            51.3884102
          ],
          [
            6.3475161,
            51.3889332
          ],
          [
            6.3474794,
            51.3890752
          ],
          [
            6.3472171,
            51.3895108
          ],
          [
            6.3471211,
            51.3896675
          ],
          [
            6.346946,
            51.3900578
          ],
          [
            6.3468185,
            51.3906131
          ],
          [
            6.346732,
            51.3909288
          ],
          [
            6.346718,
            51.3911623
          ],
          [
            6.3467382,
            51.3913787
          ],
          [
            6.3470037,
            51.3919754
          ],
          [
            6.3475111,
            51.3927124
          ],
          [
            6.3475436,
            51.3928674
          ],
          [
            6.3475112,
            51.3930058
          ],
          [
            6.3471904,
            51.3937337
          ],
          [
            6.3470612,
            51.3939254
          ],
          [
            6.3469064,
            51.3940996
          ],
          [
            6.3467426,
            51.39417
          ],
          [
            6.3461722,
            51.3943283
          ],
          [
            6.3456557,
            51.3945059
          ],
          [
            6.3455124,
            51.39456
          ],
          [
            6.3453963,
            51.3946268
          ],
          [
            6.3453125,
            51.3947096
          ],
          [
            6.3452509,
            51.3948061
          ],
          [
            6.3451958,
            51.394931
          ],
          [
            6.345145,
            51.3951374
          ],
          [
            6.3450629,
            51.39557
          ],
          [
            6.3450199,
            51.3957849
          ],
          [
            6.3449854,
            51.3962386
          ],
          [
            6.3449549,
            51.3968711
          ],
          [
            6.3448805,
            51.3979223
          ],
          [
            6.3448293,
            51.3984935
          ],
          [
            6.3447976,
            51.3986267
          ],
          [
            6.3447332,
            51.3987605
          ],
          [
            6.3446354,
            51.398908
          ],
          [
            6.3442758,
            51.3993827
          ],
          [
            6.3441485,
            51.3995437
          ],
          [
            6.3440251,
            51.3996868
          ],
          [
            6.3438744,
            51.3998422
          ],
          [
            6.3437446,
            51.3999766
          ],
          [
            6.343406,
            51.4002965
          ],
          [
            6.3432413,
            51.4004326
          ],
          [
            6.34314,
            51.4004958
          ],
          [
            6.3430244,
            51.4005552
          ],
          [
            6.3428959,
            51.4006029
          ],
          [
            6.3427391,
            51.4006472
          ],
          [
            6.3423997,
            51.4007159
          ],
          [
            6.34212,
            51.4007852
          ],
          [
            6.3419276,
            51.4008347
          ],
          [
            6.3417643,
            51.4008923
          ],
          [
            6.3416474,
            51.400946
          ],
          [
            6.3415293,
            51.4010137
          ],
          [
            6.3413322,
            51.4011451
          ],
          [
            6.3411874,
            51.4012589
          ],
          [
            6.3410506,
            51.4013492
          ],
          [
            6.3408092,
            51.4014739
          ],
          [
            6.3406053,
            51.4015827
          ],
          [
            6.3404095,
            51.4016931
          ],
          [
            6.340211,
            51.4018161
          ],
          [
            6.3397354,
            51.4021277
          ],
          [
            6.3395686,
            51.4022202
          ],
          [
            6.3394345,
            51.4022687
          ],
          [
            6.339291,
            51.402303
          ],
          [
            6.3390666,
            51.4023424
          ],
          [
            6.3389558,
            51.4023708
          ],
          [
            6.3388463,
            51.4024171
          ],
          [
            6.3387854,
            51.4024662
          ],
          [
            6.3387372,
            51.4025311
          ],
          [
            6.338595,
            51.4029394
          ],
          [
            6.3385454,
            51.4030736
          ],
          [
            6.3385355,
            51.4031719
          ],
          [
            6.3385534,
            51.4032677
          ],
          [
            6.3386441,
            51.4033919
          ],
          [
            6.3388977,
            51.4037206
          ],
          [
            6.3388891,
            51.4039192
          ],
          [
            6.3386224,
            51.4044757
          ],
          [
            6.3382911,
            51.4060836
          ],
          [
            6.3377728,
            51.4073508
          ],
          [
            6.3375026,
            51.4078211
          ],
          [
            6.3372628,
            51.4081431
          ],
          [
            6.3364778,
            51.4088284
          ],
          [
            6.3361635,
            51.4090502
          ],
          [
            6.3350137,
            51.409522
          ],
          [
            6.3343157,
            51.4098566
          ],
          [
            6.3341376,
            51.4099364
          ],
          [
            6.3332189,
            51.4103397
          ],
          [
            6.3329284,
            51.4106574
          ]
        ]
      }
    },
    {
      "type": "Feature",
      "properties": {
        "name": "Niers",
        "type": "Fluss"
      },
      "geometry": {
        "type": "LineString",
        "coordinates": [
          [
            6.4158769,
            51.1043086
          ],
          [
            6.4159446,
            51.1047727
          ],
          [
            6.4159034,
            51.1049372
          ],
          [
            6.4157467,
            51.1053843
          ],
          [
            6.4156774,
            51.1056003
          ],
          [
            6.4154602,
            51.1057606
          ],
          [
            6.4154222,
            51.1058361
          ],
          [
            6.4154746,
            51.1059068
          ],
          [
            6.4156661,
            51.1060294
          ],
          [
            6.4157037,
            51.1061779
          ],
          [
            6.4158948,
            51.1062312
          ],
          [
            6.4159664,
            51.1063345
          ],
          [
            6.4159399,
            51.1064929
          ],
          [
            6.4160726,
            51.1066263
          ],
          [
            6.4160142,
            51.1067113
          ],
          [
            6.4157788,
            51.1068693
          ],
          [
            6.4157568,
            51.1068988
          ],
          [
            6.4157586,
            51.106933
          ],
          [
            6.4157644,
            51.1069606
          ],
          [
            6.4157646,
            51.1069968
          ],
          [
            6.4157857,
            51.1070785
          ],
          [
            6.4158902,
            51.1072865
          ],
          [
            6.4161548,
            51.1073983
          ],
          [
            6.416228,
            51.1074496
          ],
          [
            6.4161994,
            51.107678
          ],
          [
            6.4162852,
            51.1077612
          ],
          [
            6.4164888,
            51.1078202
          ],
          [
            6.4165813,
            51.1079487
          ],
          [
            6.4167476,
            51.1079993
          ],
          [
            6.416823,
            51.1080613
          ],
          [
            6.416823,
            51.1081412
          ],
          [
            6.4167788,
            51.1082195
          ],
          [
            6.4166723,
            51.1083451
          ],
          [
            6.4166515,
            51.1084528
          ],
          [
            6.4166563,
            51.108531
          ],
          [
            6.4166151,
            51.1086339
          ],
          [
            6.4166723,
            51.1087758
          ],
          [
            6.4165164,
            51.1089226
          ],
          [
            6.4165653,
            51.1090502
          ],
          [
            6.4165756,
            51.109077
          ],
          [
            6.4166177,
            51.1091868
          ],
          [
            6.4167253,
            51.1094604
          ],
          [
            6.4167466,
            51.1095227
          ],
          [
            6.4167911,
            51.109655
          ],
          [
            6.4167514,
            51.1098682
          ],
          [
            6.4165049,
            51.1100519
          ],
          [
            6.4163126,
            51.1100988
          ],
          [
            6.4161968,
            51.1101273
          ],
          [
            6.414995,
            51.1104323
          ],
          [
            6.4145546,
            51.1105421
          ],
          [
            6.4142802,
            51.1106102
          ],
          [
            6.4126822,
            51.1110071
          ],
          [
            6.4124755,
            51.1112618
          ],
          [
            6.412157,
            51.111662
          ],
          [
            6.4120843,
            51.1117684
          ],
          [
            6.4118473,
            51.1121391
          ],
          [
            6.4114961,
            51.112631
          ],
          [
            6.4113792,
            51.1127906
          ],
          [
            6.411226,
            51.113
          ],
          [
            6.4112096,
            51.1130321
          ],
          [
            6.4110656,
            51.1132253
          ],
          [
            6.4109849,
            51.1134278
          ],
          [
            6.4109055,
            51.1134608
          ],
          [
            6.4101429,
            51.1134638
          ],
          [
            6.4100496,
            51.1135089
          ],
          [
            6.4100308,
            51.1136957
          ],
          [
            6.409977,
            51.114108
          ],
          [
            6.4099337,
            51.1143706
          ],
          [
            6.4099298,
            51.1143943
          ],
          [
            6.4099261,
            51.115313
          ]
        ]
      }
    },
    {
      "type": "Feature",
      "properties": {
        "name": "Niers",
        "type": "Fluss"
      },
      "geometry": {
        "type": "LineString",
        "coordinates": [
          [
            6.4099821,
            51.1209269
          ],
          [
            6.4099823,
            51.1210327
          ],
          [
            6.4099822,
            51.1210768
          ],
          [
            6.4099677,
            51.1211328
          ],
          [
            6.4099493,
            51.1212413
          ],
          [
            6.4099518,
            51.1213554
          ],
          [
            6.4099809,
            51.1214941
          ],
          [
            6.4099723,
            51.1216027
          ],
          [
            6.409969,
            51.1216554
          ],
          [
            6.4099806,
            51.1217094
          ],
          [
            6.4100716,
            51.1218203
          ],
          [
            6.4101215,
            51.1218833
          ],
          [
            6.4101281,
            51.1219204
          ],
          [
            6.410128,
            51.1220117
          ],
          [
            6.4101397,
            51.1220541
          ],
          [
            6.4102137,
            51.122119
          ],
          [
            6.4102636,
            51.122147
          ],
          [
            6.4102819,
            51.1221788
          ],
          [
            6.410281,
            51.1222329
          ],
          [
            6.4102861,
            51.1223166
          ],
          [
            6.4102987,
            51.1223518
          ],
          [
            6.4103421,
            51.1223853
          ],
          [
            6.4103988,
            51.1224394
          ],
          [
            6.4104247,
            51.1224827
          ],
          [
            6.4104388,
            51.1225353
          ],
          [
            6.4104442,
            51.1226012
          ],
          [
            6.4104635,
            51.1226645
          ],
          [
            6.4105027,
            51.1226972
          ],
          [
            6.410572,
            51.1227785
          ],
          [
            6.4106933,
            51.1230117
          ],
          [
            6.4107133,
            51.1230213
          ],
          [
            6.4107408,
            51.1230267
          ],
          [
            6.4108976,
            51.1230011
          ],
          [
            6.4116011,
            51.1228265
          ],
          [
            6.413405,
            51.124826
          ],
          [
            6.4134379,
            51.1264659
          ],
          [
            6.4134548,
            51.1265676
          ],
          [
            6.4134748,
            51.1267096
          ],
          [
            6.4136191,
            51.1269063
          ],
          [
            6.4136128,
            51.1269666
          ],
          [
            6.413656,
            51.1270122
          ],
          [
            6.4137492,
            51.1270237
          ],
          [
            6.4138237,
            51.1270212
          ],
          [
            6.4138754,
            51.1270291
          ],
          [
            6.4138799,
            51.1270398
          ],
          [
            6.413975,
            51.127148
          ],
          [
            6.4140241,
            51.1273868
          ],
          [
            6.414072,
            51.1275184
          ],
          [
            6.4141458,
            51.1276549
          ],
          [
            6.4142514,
            51.1277774
          ],
          [
            6.4147263,
            51.1282108
          ],
          [
            6.4148174,
            51.1282866
          ],
          [
            6.4148851,
            51.1283435
          ]
        ]
      }
    },
    {
      "type": "Feature",
      "properties": {
        "name": "Niers",
        "type": "Fluss"
      },
      "geometry": {
        "type": "LineString",
        "coordinates": [
          [
            6.4099261,
            51.115313
          ],
          [
            6.4100455,
            51.1154429
          ],
          [
            6.4100328,
            51.1164795
          ],
          [
            6.4099325,
            51.1203774
          ],
          [
            6.4099343,
            51.1205738
          ],
          [
            6.4099821,
            51.1209269
          ]
        ]
      }
    },
    {
      "type": "Feature",
      "properties": {
        "name": "Niers",
        "type": "Fluss"
      },
      "geometry": {
        "type": "LineString",
        "coordinates": [
          [
            6.3018832,
            51.4874325
          ],
          [
            6.3019382,
            51.4875747
          ],
          [
            6.3020873,
            51.4880153
          ],
          [
            6.3022224,
            51.4884035
          ],
          [
            6.3024082,
            51.4885129
          ],
          [
            6.3028496,
            51.488773
          ],
          [
            6.3030521,
            51.4891033
          ],
          [
            6.3029986,
            51.4895831
          ],
          [
            6.3029844,
            51.4899155
          ],
          [
            6.3031126,
            51.4902717
          ],
          [
            6.303426,
            51.4908084
          ],
          [
            6.3038297,
            51.4912216
          ],
          [
            6.3038867,
            51.4914115
          ],
          [
            6.3038962,
            51.4915445
          ],
          [
            6.3038155,
            51.4916442
          ],
          [
            6.3036682,
            51.4917345
          ],
          [
            6.3031333,
            51.4918015
          ],
          [
            6.3028715,
            51.4919173
          ],
          [
            6.3027524,
            51.492083
          ],
          [
            6.3026433,
            51.4921701
          ],
          [
            6.3023436,
            51.4923155
          ],
          [
            6.302234,
            51.4924279
          ],
          [
            6.3022387,
            51.4926653
          ],
          [
            6.3022957,
            51.4928173
          ],
          [
            6.3025997,
            51.4932257
          ],
          [
            6.3026329,
            51.4934252
          ],
          [
            6.3025902,
            51.4936389
          ],
          [
            6.3024952,
            51.4939239
          ],
          [
            6.3024287,
            51.4941233
          ],
          [
            6.3025332,
            51.4943323
          ],
          [
            6.3026709,
            51.4944938
          ],
          [
            6.3029131,
            51.494603
          ],
          [
            6.3031648,
            51.4946505
          ],
          [
            6.3039579,
            51.494698
          ],
          [
            6.3040909,
            51.4947122
          ],
          [
            6.3041764,
            51.4948262
          ],
          [
            6.3041954,
            51.4949639
          ],
          [
            6.3041669,
            51.4951112
          ],
          [
            6.3040529,
            51.4952489
          ],
          [
            6.3038012,
            51.4954199
          ],
          [
            6.3037015,
            51.4956146
          ],
          [
            6.3037917,
            51.4958615
          ],
          [
            6.3038106,
            51.4960542
          ],
          [
            6.303739,
            51.4963285
          ],
          [
            6.303824,
            51.4967992
          ],
          [
            6.3038061,
            51.4969866
          ],
          [
            6.3038954,
            51.497049
          ],
          [
            6.3043068,
            51.4973855
          ],
          [
            6.3046782,
            51.4975421
          ],
          [
            6.3051635,
            51.4975838
          ],
          [
            6.3055593,
            51.4975174
          ],
          [
            6.3058805,
            51.4974773
          ],
          [
            6.3061348,
            51.4974907
          ],
          [
            6.3064203,
            51.4975665
          ],
          [
            6.3066113,
            51.4977841
          ]
        ]
      }
    },
    {
      "type": "Feature",
      "properties": {
        "name": "Niers",
        "type": "Fluss"
      },
      "geometry": {
        "type": "LineString",
        "coordinates": [
          [
            6.4682244,
            51.2415794
          ],
          [
            6.4657771,
            51.2430609
          ],
          [
            6.4649733,
            51.2436455
          ],
          [
            6.4645127,
            51.2438489
          ],
          [
            6.4636142,
            51.2444292
          ],
          [
            6.4634116,
            51.2446586
          ],
          [
            6.4629644,
            51.2448419
          ],
          [
            6.4621003,
            51.2453482
          ],
          [
            6.4590712,
            51.2471366
          ],
          [
            6.458678,
            51.2473679
          ],
          [
            6.4508054,
            51.2520296
          ],
          [
            6.4469487,
            51.2543132
          ],
          [
            6.4458513,
            51.2549629
          ],
          [
            6.4430881,
            51.2565904
          ],
          [
            6.4416453,
            51.2574465
          ],
          [
            6.439198,
            51.2588901
          ],
          [
            6.4366146,
            51.2604222
          ],
          [
            6.435446,
            51.2611159
          ],
          [
            6.4338232,
            51.2620544
          ],
          [
            6.4321948,
            51.2629226
          ],
          [
            6.4313456,
            51.2633856
          ],
          [
            6.4298109,
            51.2642052
          ],
          [
            6.4291624,
            51.2645515
          ],
          [
            6.4260468,
            51.2662173
          ],
          [
            6.42476,
            51.2669069
          ],
          [
            6.4218491,
            51.2684647
          ],
          [
            6.4144172,
            51.2724383
          ],
          [
            6.4132363,
            51.2730715
          ],
          [
            6.4079651,
            51.27569
          ],
          [
            6.4017044,
            51.2787915
          ],
          [
            6.397655,
            51.2808119
          ],
          [
            6.3957833,
            51.2817451
          ],
          [
            6.3911712,
            51.2840199
          ],
          [
            6.3897485,
            51.2847375
          ],
          [
            6.3888114,
            51.2853309
          ],
          [
            6.3879451,
            51.2859755
          ],
          [
            6.3870319,
            51.2868006
          ],
          [
            6.3860324,
            51.287713
          ],
          [
            6.3852353,
            51.2885348
          ],
          [
            6.3840057,
            51.289868
          ],
          [
            6.3824349,
            51.2915966
          ],
          [
            6.3821657,
            51.2919586
          ],
          [
            6.3817012,
            51.2927188
          ],
          [
            6.3816972,
            51.2927265
          ],
          [
            6.3816314,
            51.2928523
          ],
          [
            6.3814347,
            51.293471
          ],
          [
            6.3813466,
            51.2938452
          ],
          [
            6.3812379,
            51.294581
          ],
          [
            6.3812604,
            51.2950693
          ],
          [
            6.381186,
            51.2954825
          ],
          [
            6.3810156,
            51.2957249
          ],
          [
            6.3804856,
            51.2971453
          ],
          [
            6.3802186,
            51.2978921
          ],
          [
            6.3801443,
            51.2980756
          ],
          [
            6.3801691,
            51.2981854
          ],
          [
            6.3800352,
            51.2983521
          ],
          [
            6.3794968,
            51.2997949
          ],
          [
            6.3793215,
            51.3002655
          ],
          [
            6.379298,
            51.3002898
          ],
          [
            6.3786953,
            51.3003738
          ],
          [
            6.3784724,
            51.3004992
          ],
          [
            6.3784751,
            51.300705
          ],
          [
            6.3786203,
            51.3008663
          ],
          [
            6.3785893,
            51.3009714
          ],
          [
            6.3786146,
            51.30111
          ],
          [
            6.3784146,
            51.3014048
          ],
          [
            6.378466,
            51.3015195
          ],
          [
            6.3787374,
            51.3016224
          ],
          [
            6.3787739,
            51.3016887
          ],
          [
            6.3786078,
            51.3021793
          ],
          [
            6.3785763,
            51.302325
          ],
          [
            6.3784947,
            51.3023912
          ],
          [
            6.3781891,
            51.3024754
          ],
          [
            6.3778822,
            51.3026952
          ],
          [
            6.3776666,
            51.3031901
          ],
          [
            6.3772701,
            51.3032908
          ],
          [
            6.3771224,
            51.3034123
          ],
          [
            6.3772164,
            51.30363
          ],
          [
            6.3776292,
            51.3038282
          ],
          [
            6.3778321,
            51.3040009
          ],
          [
            6.3778824,
            51.3041242
          ],
          [
            6.3777582,
            51.3044622
          ],
          [
            6.3777056,
            51.304597
          ],
          [
            6.3750874,
            51.3116119
          ],
          [
            6.3749628,
            51.3118783
          ],
          [
            6.3744204,
            51.3134153
          ],
          [
            6.3742268,
            51.3140828
          ],
          [
            6.3735038,
            51.3167896
          ],
          [
            6.3733529,
            51.317333
          ],
          [
            6.3720357,
            51.3222459
          ],
          [
            6.3710711,
            51.3258416
          ],
          [
            6.3702583,
            51.3289035
          ],
          [
            6.3698521,
            51.3304229
          ],
          [
            6.3697306,
            51.3308093
          ],
          [
            6.3694982,
            51.3313892
          ],
          [
            6.3691422,
            51.3321335
          ],
          [
            6.3690038,
            51.3323791
          ],
          [
            6.3689313,
            51.3324997
          ],
          [
            6.3682046,
            51.3335667
          ],
          [
            6.3676566,
            51.3342031
          ],
          [
            6.3659304,
            51.3361101
          ],
          [
            6.3646318,
            51.3375568
          ],
          [
            6.3633551,
            51.3389746
          ],
          [
            6.3622836,
            51.3401383
          ],
          [
            6.3613041,
            51.3411158
          ],
          [
            6.3598378,
            51.342579
          ],
          [
            6.3575406,
            51.3448813
          ],
          [
            6.3565822,
            51.3458665
          ],
          [
            6.3562219,
            51.3463918
          ],
          [
            6.3560758,
            51.3472075
          ],
          [
            6.3559448,
            51.3474984
          ],
          [
            6.3552434,
            51.3481707
          ],
          [
            6.3545059,
            51.3485179
          ],
          [
            6.3535509,
            51.3487613
          ],
          [
            6.3532633,
            51.3490299
          ],
          [
            6.3530303,
            51.3493926
          ],
          [
            6.352811,
            51.3500648
          ],
          [
            6.3527365,
            51.3504295
          ],
          [
            6.3527558,
            51.351167
          ],
          [
            6.3526879,
            51.351316
          ],
          [
            6.3521744,
            51.3517807
          ],
          [
            6.3521363,
            51.3518567
          ],
          [
            6.3521535,
            51.3519625
          ],
          [
            6.3524309,
            51.3522647
          ],
          [
            6.3524997,
            51.3523513
          ],
          [
            6.3524862,
            51.3525949
          ],
          [
            6.3523964,
            51.3527175
          ],
          [
            6.3518085,
            51.3530892
          ],
          [
            6.3515128,
            51.3533329
          ],
          [
            6.3514934,
            51.3534203
          ],
          [
            6.3515053,
            51.3534962
          ],
          [
            6.3516102,
            51.3536432
          ],
          [
            6.3519222,
            51.3539679
          ],
          [
            6.3521819,
            51.3542545
          ],
          [
            6.3523816,
            51.3545595
          ],
          [
            6.3524658,
            51.354747
          ],
          [
            6.3526826,
            51.3552366
          ],
          [
            6.352792,
            51.355368
          ],
          [
            6.3529783,
            51.3554872
          ],
          [
            6.3532934,
            51.3556751
          ],
          [
            6.3536753,
            51.3558663
          ],
          [
            6.3544003,
            51.3561323
          ],
          [
            6.3547234,
            51.3563848
          ],
          [
            6.3552696,
            51.3569188
          ],
          [
            6.3555701,
            51.3573405
          ],
          [
            6.3556619,
            51.3575182
          ],
          [
            6.3560217,
            51.3583575
          ],
          [
            6.356054,
            51.3587479
          ],
          [
            6.3559679,
            51.3590826
          ],
          [
            6.3553443,
            51.3597012
          ],
          [
            6.355077,
            51.3600768
          ],
          [
            6.3549569,
            51.360462
          ],
          [
            6.3551283,
            51.3613464
          ],
          [
            6.3552683,
            51.3618972
          ],
          [
            6.3550714,
            51.3630067
          ],
          [
            6.3549906,
            51.3631721
          ],
          [
            6.3548404,
            51.3633072
          ],
          [
            6.3540326,
            51.3637372
          ],
          [
            6.3538558,
            51.3640269
          ],
          [
            6.3537021,
            51.3645058
          ],
          [
            6.3537081,
            51.3647104
          ],
          [
            6.3538706,
            51.3649051
          ],
          [
            6.3537917,
            51.3650951
          ],
          [
            6.3530054,
            51.3653343
          ],
          [
            6.352912,
            51.3654604
          ],
          [
            6.352935,
            51.3655651
          ],
          [
            6.3532122,
            51.3660871
          ],
          [
            6.3531172,
            51.3663075
          ],
          [
            6.352693,
            51.3666861
          ],
          [
            6.3524987,
            51.3667728
          ],
          [
            6.3516418,
            51.3669931
          ],
          [
            6.3512103,
            51.3672418
          ],
          [
            6.3510036,
            51.3674252
          ],
          [
            6.3508761,
            51.3678008
          ],
          [
            6.3508139,
            51.3682025
          ],
          [
            6.3505552,
            51.3689486
          ],
          [
            6.3504937,
            51.3691912
          ],
          [
            6.3505306,
            51.3695428
          ],
          [
            6.3506617,
            51.3703576
          ],
          [
            6.350796,
            51.3705873
          ],
          [
            6.3516557,
            51.3711913
          ],
          [
            6.3534548,
            51.3719644
          ],
          [
            6.3548179,
            51.3725081
          ],
          [
            6.3555293,
            51.3729918
          ],
          [
            6.3559564,
            51.3735276
          ],
          [
            6.3560858,
            51.3738287
          ],
          [
            6.356204,
            51.374312
          ],
          [
            6.3562994,
            51.3745073
          ],
          [
            6.3564285,
            51.3745904
          ],
          [
            6.3570282,
            51.3748772
          ],
          [
            6.3573677,
            51.3751023
          ],
          [
            6.3575229,
            51.3753588
          ],
          [
            6.3575963,
            51.3757212
          ],
          [
            6.3578859,
            51.3762421
          ],
          [
            6.3580094,
            51.3766694
          ],
          [
            6.358054,
            51.3769261
          ],
          [
            6.3580425,
            51.3777169
          ],
          [
            6.3579741,
            51.3780797
          ],
          [
            6.357949,
            51.3783473
          ],
          [
            6.3578633,
            51.3784757
          ],
          [
            6.3577878,
            51.3788173
          ],
          [
            6.3576164,
            51.3791559
          ],
          [
            6.3574457,
            51.3794229
          ],
          [
            6.3570916,
            51.3798479
          ],
          [
            6.3569602,
            51.3801231
          ],
          [
            6.3568313,
            51.3806081
          ],
          [
            6.356706,
            51.3807558
          ],
          [
            6.3559378,
            51.3811358
          ],
          [
            6.3557711,
            51.3812727
          ]
        ]
      }
    },
    {
      "type": "Feature",
      "properties": {
        "name": "Niers",
        "type": "Fluss"
      },
      "geometry": {
        "type": "LineString",
        "coordinates": [
          [
            6.4643723,
            51.164755
          ],
          [
            6.4642961,
            51.1647866
          ],
          [
            6.4642507,
            51.1648328
          ],
          [
            6.464278,
            51.1650267
          ],
          [
            6.4642458,
            51.1650654
          ],
          [
            6.4641888,
            51.1650827
          ],
          [
            6.464113,
            51.1651074
          ],
          [
            6.4640301,
            51.1650905
          ],
          [
            6.4638821,
            51.1649165
          ],
          [
            6.4637989,
            51.1647761
          ],
          [
            6.463827,
            51.1646734
          ],
          [
            6.4638855,
            51.1646
          ],
          [
            6.4640509,
            51.1644723
          ],
          [
            6.4640718,
            51.1644404
          ],
          [
            6.4640796,
            51.1643907
          ],
          [
            6.4640837,
            51.1643345
          ],
          [
            6.4640757,
            51.1642936
          ],
          [
            6.4640577,
            51.1642577
          ],
          [
            6.4640205,
            51.1642062
          ],
          [
            6.4639217,
            51.1641191
          ],
          [
            6.4638223,
            51.1641026
          ],
          [
            6.463723,
            51.1640841
          ],
          [
            6.4636522,
            51.1640884
          ],
          [
            6.4635825,
            51.1640959
          ],
          [
            6.4635023,
            51.1641305
          ],
          [
            6.4634416,
            51.1641872
          ],
          [
            6.4633852,
            51.1643535
          ],
          [
            6.4632963,
            51.1644207
          ],
          [
            6.4631761,
            51.1644631
          ],
          [
            6.4630274,
            51.1644855
          ],
          [
            6.4628654,
            51.1644901
          ],
          [
            6.4627338,
            51.1644792
          ],
          [
            6.4626299,
            51.1644574
          ],
          [
            6.4625302,
            51.164425
          ],
          [
            6.4621768,
            51.1641386
          ],
          [
            6.4616276,
            51.1639704
          ],
          [
            6.461495,
            51.1638848
          ],
          [
            6.4614527,
            51.1638181
          ],
          [
            6.4614443,
            51.1637399
          ],
          [
            6.4614195,
            51.1635374
          ],
          [
            6.4614347,
            51.1634384
          ],
          [
            6.4614017,
            51.1633588
          ],
          [
            6.4613334,
            51.1633137
          ],
          [
            6.4612522,
            51.1632878
          ],
          [
            6.4611691,
            51.1632749
          ],
          [
            6.4610255,
            51.1632829
          ],
          [
            6.4609312,
            51.1632948
          ],
          [
            6.4608477,
            51.1633427
          ],
          [
            6.4608072,
            51.1634048
          ],
          [
            6.4608156,
            51.1635186
          ],
          [
            6.4609742,
            51.163647
          ],
          [
            6.4610678,
            51.1637703
          ],
          [
            6.4610853,
            51.1639739
          ],
          [
            6.4611262,
            51.1640562
          ],
          [
            6.4612968,
            51.1642222
          ],
          [
            6.4614282,
            51.1643019
          ],
          [
            6.4617926,
            51.1644874
          ],
          [
            6.4618831,
            51.164562
          ],
          [
            6.4618734,
            51.1646138
          ],
          [
            6.4618059,
            51.1646915
          ],
          [
            6.4617745,
            51.1648129
          ],
          [
            6.4617688,
            51.1649116
          ],
          [
            6.4619221,
            51.1650448
          ],
          [
            6.4621282,
            51.1652075
          ],
          [
            6.4622994,
            51.165401
          ],
          [
            6.4624395,
            51.1654892
          ],
          [
            6.4625694,
            51.165506
          ],
          [
            6.4627149,
            51.1654857
          ],
          [
            6.4627826,
            51.1653681
          ],
          [
            6.4627307,
            51.1652409
          ],
          [
            6.4625573,
            51.1650603
          ],
          [
            6.4625128,
            51.1649869
          ],
          [
            6.4626559,
            51.1648402
          ],
          [
            6.4629811,
            51.1648316
          ],
          [
            6.4631844,
            51.1649573
          ],
          [
            6.4632907,
            51.1655018
          ],
          [
            6.4636157,
            51.1657306
          ],
          [
            6.4637633,
            51.1659302
          ],
          [
            6.4641561,
            51.1663224
          ],
          [
            6.4642308,
            51.1664171
          ],
          [
            6.4642521,
            51.1664606
          ],
          [
            6.4642615,
            51.1664953
          ],
          [
            6.464248,
            51.1665328
          ],
          [
            6.4642297,
            51.1665503
          ],
          [
            6.4642048,
            51.1665666
          ],
          [
            6.4641384,
            51.1665788
          ],
          [
            6.4640593,
            51.1665818
          ],
          [
            6.4640044,
            51.1665791
          ],
          [
            6.4639541,
            51.1665668
          ],
          [
            6.4638864,
            51.1665313
          ],
          [
            6.4638345,
            51.16649
          ],
          [
            6.463691,
            51.1663444
          ],
          [
            6.4635662,
            51.1662343
          ],
          [
            6.4634933,
            51.1661925
          ],
          [
            6.4634149,
            51.1661618
          ],
          [
            6.4633488,
            51.1661547
          ],
          [
            6.4632845,
            51.1661594
          ],
          [
            6.463216,
            51.1661689
          ],
          [
            6.463155,
            51.1661958
          ],
          [
            6.4631201,
            51.1662329
          ],
          [
            6.4631074,
            51.1662721
          ],
          [
            6.4631176,
            51.1663289
          ],
          [
            6.463146,
            51.1663604
          ],
          [
            6.4631924,
            51.1663901
          ],
          [
            6.4634259,
            51.1665421
          ],
          [
            6.4635225,
            51.1666157
          ],
          [
            6.4635586,
            51.1666482
          ],
          [
            6.4636154,
            51.1666869
          ],
          [
            6.4638166,
            51.1667924
          ],
          [
            6.4639135,
            51.1668527
          ],
          [
            6.4639891,
            51.1669344
          ],
          [
            6.4640204,
            51.1669833
          ],
          [
            6.4640406,
            51.1670083
          ],
          [
            6.4640692,
            51.1670264
          ],
          [
            6.4640926,
            51.1670283
          ],
          [
            6.4641132,
            51.1670304
          ],
          [
            6.4641378,
            51.1670208
          ],
          [
            6.4641526,
            51.1670042
          ],
          [
            6.4642136,
            51.1668272
          ],
          [
            6.4642369,
            51.166801
          ],
          [
            6.4642714,
            51.1667799
          ],
          [
            6.4643152,
            51.1667686
          ],
          [
            6.464359,
            51.1667632
          ],
          [
            6.4644481,
            51.1667603
          ],
          [
            6.4644859,
            51.1667667
          ],
          [
            6.4645227,
            51.1667759
          ],
          [
            6.4645499,
            51.1667949
          ],
          [
            6.4645728,
            51.1668164
          ],
          [
            6.4646146,
            51.1668969
          ],
          [
            6.4646502,
            51.1670024
          ],
          [
            6.464684,
            51.1670599
          ],
          [
            6.4647495,
            51.167107
          ],
          [
            6.464835,
            51.167152
          ],
          [
            6.4651552,
            51.1673545
          ],
          [
            6.4655744,
            51.1675426
          ],
          [
            6.4656962,
            51.1676143
          ],
          [
            6.465784,
            51.1676736
          ],
          [
            6.4658973,
            51.1677098
          ],
          [
            6.4660536,
            51.1677438
          ],
          [
            6.4661796,
            51.1677514
          ],
          [
            6.4662588,
            51.1677829
          ],
          [
            6.4664679,
            51.1679421
          ],
          [
            6.4666479,
            51.1680954
          ]
        ]
      }
    },
    {
      "type": "Feature",
      "properties": {
        "name": "Niers",
        "type": "Fluss"
      },
      "geometry": {
        "type": "LineString",
        "coordinates": [
          [
            6.4645117,
            51.1647447
          ],
          [
            6.4643723,
            51.164755
          ]
        ]
      }
    },
    {
      "type": "Feature",
      "properties": {
        "name": "Niers",
        "type": "Fluss"
      },
      "geometry": {
        "type": "LineString",
        "coordinates": [
          [
            6.4148851,
            51.1283435
          ],
          [
            6.4149023,
            51.1283487
          ],
          [
            6.4150729,
            51.1284007
          ],
          [
            6.4150829,
            51.1284037
          ],
          [
            6.4154181,
            51.1284621
          ],
          [
            6.415441,
            51.1284661
          ],
          [
            6.4156937,
            51.1285201
          ],
          [
            6.4159705,
            51.1285792
          ],
          [
            6.4174633,
            51.1288966
          ],
          [
            6.417758,
            51.1289867
          ],
          [
            6.41801,
            51.1290652
          ],
          [
            6.4183228,
            51.1291599
          ]
        ]
      }
    },
    {
      "type": "Feature",
      "properties": {
        "name": "Niers",
        "type": "Fluss"
      },
      "geometry": {
        "type": "LineString",
        "coordinates": [
          [
            6.4183228,
            51.1291599
          ],
          [
            6.4184546,
            51.1292654
          ],
          [
            6.4185474,
            51.1293915
          ],
          [
            6.4189572,
            51.1299215
          ],
          [
            6.4190904,
            51.1300444
          ],
          [
            6.419294,
            51.1302216
          ],
          [
            6.4207893,
            51.1315645
          ],
          [
            6.4209195,
            51.1316488
          ]
        ]
      }
    },
    {
      "type": "Feature",
      "properties": {
        "name": "Niers",
        "type": "Fluss"
      },
      "geometry": {
        "type": "LineString",
        "coordinates": [
          [
            6.4657646,
            51.1625699
          ],
          [
            6.4658189,
            51.1625113
          ],
          [
            6.4658926,
            51.1624885
          ],
          [
            6.4660335,
            51.1624776
          ],
          [
            6.4661528,
            51.1624591
          ],
          [
            6.466244,
            51.1624187
          ],
          [
            6.4663137,
            51.1623792
          ],
          [
            6.4663567,
            51.1623237
          ],
          [
            6.4663754,
            51.1622623
          ],
          [
            6.4663728,
            51.1621841
          ],
          [
            6.4663663,
            51.1621571
          ]
        ]
      }
    },
    {
      "type": "Feature",
      "properties": {
        "name": "Niers",
        "type": "Fluss"
      },
      "geometry": {
        "type": "LineString",
        "coordinates": [
          [
            6.464278,
            51.1650267
          ],
          [
            6.4643383,
            51.1649729
          ],
          [
            6.464431,
            51.1649365
          ]
        ]
      }
    },
    {
      "type": "Feature",
      "properties": {
        "name": "Niers",
        "type": "Fluss"
      },
      "geometry": {
        "type": "LineString",
        "coordinates": [
          [
            6.4654046,
            51.1649467
          ],
          [
            6.4652348,
            51.1649354
          ],
          [
            6.4649532,
            51.1648921
          ],
          [
            6.4648081,
            51.1648904
          ],
          [
            6.464683,
            51.1648884
          ],
          [
            6.4645599,
            51.1649003
          ]
        ]
      }
    },
    {
      "type": "Feature",
      "properties": {
        "name": "Niers",
        "type": "Fluss"
      },
      "geometry": {
        "type": "LineString",
        "coordinates": [
          [
            6.4645599,
            51.1649003
          ],
          [
            6.464431,
            51.1649365
          ]
        ]
      }
    },
    {
      "type": "Feature",
      "properties": {
        "name": "Wurm",
        "type": "Fluss"
      },
      "geometry": {
        "type": "LineString",
        "coordinates": [
          [
            6.142307,
            50.9767977
          ],
          [
            6.1431246,
            50.9777993
          ],
          [
            6.1435211,
            50.9782263
          ],
          [
            6.143788,
            50.9784759
          ],
          [
            6.1441999,
            50.978796
          ],
          [
            6.1444603,
            50.9790015
          ],
          [
            6.1449041,
            50.9793067
          ],
          [
            6.1452797,
            50.9795486
          ],
          [
            6.1457388,
            50.979807
          ],
          [
            6.146189,
            50.980035
          ],
          [
            6.1464398,
            50.9801577
          ],
          [
            6.1470983,
            50.9804506
          ],
          [
            6.148049,
            50.9807985
          ],
          [
            6.1486279,
            50.9809843
          ],
          [
            6.1492743,
            50.9811543
          ],
          [
            6.1500179,
            50.9813278
          ],
          [
            6.1510087,
            50.9814828
          ],
          [
            6.1519457,
            50.9816311
          ],
          [
            6.1526001,
            50.9817817
          ],
          [
            6.1533071,
            50.9819956
          ],
          [
            6.1538562,
            50.9821951
          ],
          [
            6.1544809,
            50.9824868
          ],
          [
            6.1550506,
            50.9828037
          ],
          [
            6.1555048,
            50.9830903
          ],
          [
            6.1559121,
            50.9833972
          ],
          [
            6.1567253,
            50.9841963
          ],
          [
            6.1567953,
            50.984265
          ],
          [
            6.1571248,
            50.9846979
          ],
          [
            6.1574668,
            50.98513
          ],
          [
            6.1579199,
            50.9855909
          ],
          [
            6.1583477,
            50.9859597
          ],
          [
            6.1589083,
            50.9863162
          ],
          [
            6.1594769,
            50.9866366
          ],
          [
            6.1600844,
            50.9869377
          ],
          [
            6.1607491,
            50.9872013
          ],
          [
            6.1616758,
            50.9875095
          ],
          [
            6.1625521,
            50.9878444
          ],
          [
            6.1626815,
            50.9879034
          ],
          [
            6.1630452,
            50.9880691
          ],
          [
            6.1634925,
            50.9883276
          ],
          [
            6.1642201,
            50.9888216
          ],
          [
            6.1647498,
            50.9892667
          ],
          [
            6.1651937,
            50.9897398
          ],
          [
            6.165609,
            50.9903195
          ],
          [
            6.1659911,
            50.9909194
          ],
          [
            6.1666421,
            50.9914998
          ],
          [
            6.1669769,
            50.9917437
          ],
          [
            6.1673328,
            50.9919361
          ],
          [
            6.1677502,
            50.9921378
          ],
          [
            6.1681353,
            50.9922885
          ],
          [
            6.168666,
            50.9925136
          ],
          [
            6.1690041,
            50.9927111
          ],
          [
            6.1694216,
            50.9929993
          ],
          [
            6.16997,
            50.9933598
          ],
          [
            6.1704344,
            50.9937875
          ],
          [
            6.171054,
            50.9945238
          ],
          [
            6.17141,
            50.9950808
          ],
          [
            6.1716316,
            50.9955797
          ],
          [
            6.1711349,
            50.9971754
          ],
          [
            6.1709899,
            50.997618
          ],
          [
            6.1708971,
            50.9979014
          ],
          [
            6.1707046,
            50.9986437
          ],
          [
            6.1706544,
            50.9992322
          ],
          [
            6.1707385,
            51.0003186
          ],
          [
            6.171046,
            51.0011128
          ],
          [
            6.1711754,
            51.0013973
          ],
          [
            6.1713453,
            51.0017705
          ],
          [
            6.1720826,
            51.0028358
          ],
          [
            6.1738494,
            51.0043314
          ],
          [
            6.1744254,
            51.0048578
          ],
          [
            6.1748655,
            51.0054208
          ],
          [
            6.1753735,
            51.0063625
          ],
          [
            6.1756732,
            51.0070962
          ],
          [
            6.17578,
            51.0075981
          ],
          [
            6.1758239,
            51.0081559
          ],
          [
            6.175776,
            51.009788
          ],
          [
            6.1759069,
            51.0104222
          ],
          [
            6.1759575,
            51.0107758
          ],
          [
            6.1760991,
            51.0110972
          ],
          [
            6.1762737,
            51.0115587
          ],
          [
            6.1764539,
            51.0118484
          ],
          [
            6.1765634,
            51.0120245
          ],
          [
            6.1774449,
            51.0131349
          ],
          [
            6.1789254,
            51.0144942
          ],
          [
            6.1792073,
            51.0147142
          ],
          [
            6.1794909,
            51.0149809
          ],
          [
            6.180032,
            51.0153713
          ],
          [
            6.1802391,
            51.0155029
          ],
          [
            6.1804537,
            51.015795
          ],
          [
            6.1795123,
            51.0169769
          ],
          [
            6.1794847,
            51.0170959
          ],
          [
            6.1794957,
            51.0173254
          ],
          [
            6.1796444,
            51.0178428
          ],
          [
            6.1799315,
            51.0185889
          ],
          [
            6.180013,
            51.0187553
          ],
          [
            6.1801461,
            51.0189288
          ],
          [
            6.1805233,
            51.0192712
          ],
          [
            6.180662,
            51.0193668
          ],
          [
            6.1807447,
            51.0195459
          ],
          [
            6.1809284,
            51.0201287
          ],
          [
            6.1811426,
            51.0203851
          ],
          [
            6.1814041,
            51.0205264
          ],
          [
            6.1817338,
            51.0206285
          ],
          [
            6.1824834,
            51.0207973
          ],
          [
            6.1827821,
            51.0208727
          ],
          [
            6.1829497,
            51.0209494
          ],
          [
            6.1830734,
            51.0210641
          ],
          [
            6.1837794,
            51.0218809
          ],
          [
            6.1839532,
            51.0220244
          ],
          [
            6.1844246,
            51.0225214
          ],
          [
            6.1846015,
            51.0227202
          ],
          [
            6.1846975,
            51.0228905
          ],
          [
            6.1847909,
            51.0231858
          ],
          [
            6.1848319,
            51.0234686
          ],
          [
            6.1848416,
            51.0237028
          ],
          [
            6.1847962,
            51.0240601
          ],
          [
            6.1847453,
            51.0244627
          ],
          [
            6.1847485,
            51.024703
          ],
          [
            6.1848188,
            51.0249164
          ],
          [
            6.1849177,
            51.0251116
          ],
          [
            6.1850709,
            51.0253562
          ],
          [
            6.1852276,
            51.0255866
          ],
          [
            6.1855025,
            51.0259388
          ],
          [
            6.1857307,
            51.0261489
          ],
          [
            6.1860053,
            51.0263483
          ],
          [
            6.1863752,
            51.0265789
          ],
          [
            6.1866438,
            51.0267019
          ],
          [
            6.1870268,
            51.02687
          ],
          [
            6.1876631,
            51.0271186
          ],
          [
            6.1881255,
            51.0273001
          ],
          [
            6.1883794,
            51.0274245
          ],
          [
            6.1886021,
            51.027563
          ],
          [
            6.1887721,
            51.027705
          ],
          [
            6.1890563,
            51.0279601
          ],
          [
            6.1892394,
            51.0281754
          ],
          [
            6.1893805,
            51.0284383
          ],
          [
            6.1895214,
            51.0288429
          ],
          [
            6.1895355,
            51.0291416
          ],
          [
            6.1894965,
            51.0293426
          ],
          [
            6.1892171,
            51.0301291
          ],
          [
            6.1891479,
            51.0304449
          ],
          [
            6.1891617,
            51.0307801
          ],
          [
            6.1892061,
            51.0310611
          ],
          [
            6.1892234,
            51.0311626
          ],
          [
            6.1893131,
            51.0313863
          ],
          [
            6.1893631,
            51.0315105
          ],
          [
            6.1893965,
            51.031598
          ],
          [
            6.1895319,
            51.031814
          ],
          [
            6.1896734,
            51.0320062
          ],
          [
            6.189955,
            51.0323264
          ],
          [
            6.1902286,
            51.0325678
          ],
          [
            6.1905449,
            51.0327973
          ],
          [
            6.1907805,
            51.0329908
          ],
          [
            6.1910193,
            51.0332011
          ],
          [
            6.1912357,
            51.0334149
          ],
          [
            6.1914477,
            51.0337029
          ],
          [
            6.1916316,
            51.0340123
          ],
          [
            6.1917315,
            51.0342553
          ],
          [
            6.19182,
            51.0345601
          ],
          [
            6.1918706,
            51.0349851
          ],
          [
            6.1917898,
            51.0354756
          ],
          [
            6.1916628,
            51.0359036
          ],
          [
            6.1914628,
            51.0363032
          ],
          [
            6.1912514,
            51.0366864
          ],
          [
            6.1911594,
            51.0369625
          ],
          [
            6.1911679,
            51.0372131
          ],
          [
            6.1912571,
            51.0374292
          ],
          [
            6.1914036,
            51.0376815
          ],
          [
            6.1918112,
            51.0380789
          ],
          [
            6.1919293,
            51.0382154
          ],
          [
            6.1920062,
            51.0384736
          ],
          [
            6.1919507,
            51.0387414
          ],
          [
            6.1919,
            51.0388762
          ],
          [
            6.1918607,
            51.03897
          ],
          [
            6.1916911,
            51.0391218
          ],
          [
            6.1914827,
            51.0392601
          ],
          [
            6.1912084,
            51.0394044
          ],
          [
            6.1909182,
            51.0394852
          ],
          [
            6.1906498,
            51.0395134
          ],
          [
            6.1897486,
            51.0395279
          ],
          [
            6.1893143,
            51.0395629
          ],
          [
            6.1889529,
            51.0396212
          ],
          [
            6.188629,
            51.03969
          ],
          [
            6.1882823,
            51.0398081
          ],
          [
            6.1880345,
            51.0399446
          ],
          [
            6.1878218,
            51.040137
          ],
          [
            6.1876402,
            51.0404234
          ],
          [
            6.1875826,
            51.0406222
          ],
          [
            6.1874634,
            51.0408047
          ],
          [
            6.1872776,
            51.0408862
          ],
          [
            6.1867319,
            51.0409833
          ],
          [
            6.1863348,
            51.0410553
          ],
          [
            6.1859935,
            51.0411396
          ],
          [
            6.1856453,
            51.0412567
          ],
          [
            6.1852171,
            51.0414177
          ],
          [
            6.1848022,
            51.0416001
          ],
          [
            6.1845459,
            51.0417351
          ],
          [
            6.1842659,
            51.0418887
          ],
          [
            6.183958,
            51.0421234
          ],
          [
            6.1837029,
            51.0423401
          ],
          [
            6.1834895,
            51.0425861
          ],
          [
            6.1833348,
            51.0428218
          ],
          [
            6.1832791,
            51.0430504
          ],
          [
            6.1832872,
            51.0432856
          ],
          [
            6.1833647,
            51.0434884
          ],
          [
            6.1834958,
            51.0436591
          ],
          [
            6.1835632,
            51.0438278
          ],
          [
            6.1835719,
            51.0439905
          ],
          [
            6.1835109,
            51.0442001
          ],
          [
            6.1833987,
            51.0443433
          ],
          [
            6.1832106,
            51.044516
          ],
          [
            6.1829919,
            51.044631
          ],
          [
            6.1825729,
            51.0447739
          ],
          [
            6.1820728,
            51.044909
          ],
          [
            6.1818913,
            51.0449785
          ],
          [
            6.1816537,
            51.0451031
          ],
          [
            6.1814778,
            51.0452459
          ],
          [
            6.1813116,
            51.0454473
          ],
          [
            6.1811627,
            51.0457004
          ],
          [
            6.1810402,
            51.0459097
          ],
          [
            6.180758,
            51.0461564
          ],
          [
            6.1804505,
            51.0464008
          ],
          [
            6.180184,
            51.046546
          ],
          [
            6.1798715,
            51.0466325
          ],
          [
            6.179478,
            51.0466665
          ],
          [
            6.1792023,
            51.0467151
          ],
          [
            6.1788858,
            51.0467932
          ],
          [
            6.1785634,
            51.0469068
          ],
          [
            6.1782295,
            51.0470347
          ],
          [
            6.1779941,
            51.0470973
          ],
          [
            6.1776326,
            51.0471273
          ],
          [
            6.177387,
            51.0471207
          ],
          [
            6.1770439,
            51.0470974
          ],
          [
            6.1767403,
            51.0471375
          ],
          [
            6.1764674,
            51.047246
          ],
          [
            6.1761732,
            51.04734
          ],
          [
            6.1759052,
            51.04736
          ],
          [
            6.175585,
            51.0473478
          ],
          [
            6.1752952,
            51.0473147
          ],
          [
            6.1751366,
            51.0472749
          ],
          [
            6.1747939,
            51.0471319
          ],
          [
            6.174701,
            51.0470884
          ],
          [
            6.1744886,
            51.0470855
          ],
          [
            6.1743487,
            51.0471326
          ],
          [
            6.1742302,
            51.0471948
          ],
          [
            6.173943,
            51.0473642
          ]
        ]
      }
    },
    {
      "type": "Feature",
      "properties": {
        "name": "Wurm",
        "type": "Fluss"
      },
      "geometry": {
        "type": "LineString",
        "coordinates": [
          [
            6.0932661,
            50.8677029
          ],
          [
            6.0931662,
            50.8677916
          ],
          [
            6.0930763,
            50.8678949
          ],
          [
            6.0930165,
            50.8680398
          ]
        ]
      }
    },
    {
      "type": "Feature",
      "properties": {
        "name": "Wurm",
        "type": "Fluss"
      },
      "geometry": {
        "type": "LineString",
        "coordinates": [
          [
            6.1234707,
            50.9634366
          ],
          [
            6.1236274,
            50.9637765
          ],
          [
            6.1237648,
            50.9640251
          ],
          [
            6.1238334,
            50.96409
          ],
          [
            6.1239536,
            50.9641494
          ],
          [
            6.1241148,
            50.9642707
          ],
          [
            6.1242844,
            50.9644044
          ],
          [
            6.124427,
            50.9645416
          ],
          [
            6.1246954,
            50.9649356
          ],
          [
            6.1248605,
            50.9652284
          ],
          [
            6.1253715,
            50.9660806
          ],
          [
            6.1256972,
            50.9665432
          ],
          [
            6.1257825,
            50.9666465
          ],
          [
            6.125896,
            50.9667179
          ],
          [
            6.1280118,
            50.9677717
          ],
          [
            6.1289843,
            50.9682526
          ],
          [
            6.1293105,
            50.9684584
          ],
          [
            6.1293346,
            50.968499
          ],
          [
            6.1293288,
            50.9685976
          ],
          [
            6.1291425,
            50.9688465
          ],
          [
            6.1289154,
            50.9691025
          ],
          [
            6.1289088,
            50.9692935
          ],
          [
            6.1290121,
            50.9693848
          ],
          [
            6.1291454,
            50.96939
          ],
          [
            6.1295221,
            50.9692326
          ],
          [
            6.1296554,
            50.9692305
          ],
          [
            6.1297604,
            50.969305
          ],
          [
            6.1297954,
            50.9695768
          ],
          [
            6.1299301,
            50.9696931
          ],
          [
            6.130282,
            50.9697772
          ],
          [
            6.1303754,
            50.9698602
          ],
          [
            6.1302954,
            50.9701352
          ],
          [
            6.1305821,
            50.970492
          ],
          [
            6.131019,
            50.97056
          ],
          [
            6.1311787,
            50.9706494
          ],
          [
            6.1312164,
            50.9708709
          ],
          [
            6.1312654,
            50.9710147
          ],
          [
            6.131442,
            50.9711196
          ],
          [
            6.1315854,
            50.9712812
          ],
          [
            6.1316854,
            50.9714093
          ],
          [
            6.1317987,
            50.9714533
          ],
          [
            6.1321777,
            50.971463
          ],
          [
            6.1327251,
            50.9720305
          ],
          [
            6.1331272,
            50.972365
          ],
          [
            6.1341548,
            50.9731004
          ],
          [
            6.1346489,
            50.9733791
          ],
          [
            6.1351913,
            50.97364
          ],
          [
            6.1358371,
            50.9739123
          ],
          [
            6.1366883,
            50.974193
          ],
          [
            6.1375082,
            50.9744122
          ],
          [
            6.1382078,
            50.9745791
          ],
          [
            6.1389232,
            50.9747785
          ],
          [
            6.139624,
            50.9750458
          ],
          [
            6.1400428,
            50.9752197
          ],
          [
            6.1404404,
            50.975417
          ],
          [
            6.1412406,
            50.9758816
          ],
          [
            6.1417184,
            50.9762316
          ],
          [
            6.1421569,
            50.9766096
          ],
          [
            6.142307,
            50.9767977
          ]
        ]
      }
    },
    {
      "type": "Feature",
      "properties": {
        "name": "Wurm",
        "type": "Fluss"
      },
      "geometry": {
        "type": "LineString",
        "coordinates": [
          [
            6.0930165,
            50.8680398
          ],
          [
            6.0929393,
            50.8683122
          ],
          [
            6.0928532,
            50.8685901
          ],
          [
            6.0927722,
            50.8687922
          ],
          [
            6.0926683,
            50.869106
          ],
          [
            6.092621,
            50.8692383
          ],
          [
            6.0925486,
            50.8693867
          ],
          [
            6.0924655,
            50.8695115
          ],
          [
            6.0923441,
            50.8696381
          ],
          [
            6.0918693,
            50.8700467
          ],
          [
            6.0916545,
            50.8702729
          ],
          [
            6.0915527,
            50.8704595
          ],
          [
            6.0914937,
            50.8707659
          ],
          [
            6.0914126,
            50.8711388
          ],
          [
            6.0913113,
            50.8715123
          ],
          [
            6.0910553,
            50.8724743
          ],
          [
            6.0908982,
            50.8732659
          ],
          [
            6.0908016,
            50.8734724
          ],
          [
            6.0907104,
            50.8735841
          ],
          [
            6.0902759,
            50.8740241
          ],
          [
            6.0895624,
            50.8747655
          ],
          [
            6.0887363,
            50.8756083
          ],
          [
            6.0880014,
            50.8763767
          ],
          [
            6.0878941,
            50.8765189
          ],
          [
            6.0878297,
            50.8766509
          ],
          [
            6.087404,
            50.8780075
          ],
          [
            6.0873371,
            50.8781808
          ]
        ]
      }
    },
    {
      "type": "Feature",
      "properties": {
        "name": "Wurm",
        "type": "Fluss"
      },
      "geometry": {
        "type": "LineString",
        "coordinates": [
          [
            6.0960579,
            50.9332441
          ],
          [
            6.0960975,
            50.9333189
          ],
          [
            6.0961801,
            50.9333836
          ],
          [
            6.0962275,
            50.9334556
          ],
          [
            6.0963045,
            50.933509
          ],
          [
            6.0963679,
            50.9335421
          ],
          [
            6.0964129,
            50.9335889
          ],
          [
            6.0965201,
            50.9336841
          ],
          [
            6.0966294,
            50.9337629
          ],
          [
            6.0967298,
            50.9338251
          ],
          [
            6.0968239,
            50.9338961
          ],
          [
            6.096897,
            50.9339666
          ],
          [
            6.096938,
            50.9340122
          ],
          [
            6.0969699,
            50.9340501
          ],
          [
            6.0969889,
            50.9340884
          ],
          [
            6.0970616,
            50.9341745
          ],
          [
            6.0971562,
            50.9342636
          ],
          [
            6.0972102,
            50.9343304
          ],
          [
            6.0972439,
            50.9343808
          ],
          [
            6.0973023,
            50.9344793
          ],
          [
            6.0973805,
            50.9345687
          ],
          [
            6.0975027,
            50.9346427
          ],
          [
            6.0979064,
            50.9348004
          ],
          [
            6.0982176,
            50.934885
          ],
          [
            6.0984565,
            50.9350202
          ],
          [
            6.0985838,
            50.935107
          ],
          [
            6.0986262,
            50.9351373
          ],
          [
            6.0987199,
            50.9352142
          ],
          [
            6.098774,
            50.9353115
          ],
          [
            6.0993081,
            50.9365938
          ],
          [
            6.0993345,
            50.9366634
          ],
          [
            6.0993604,
            50.9367603
          ],
          [
            6.0993502,
            50.9369253
          ],
          [
            6.099336,
            50.9371088
          ],
          [
            6.0993414,
            50.9373581
          ],
          [
            6.0993212,
            50.9377055
          ],
          [
            6.0993532,
            50.9380417
          ],
          [
            6.099361,
            50.9384269
          ],
          [
            6.0994105,
            50.938804
          ],
          [
            6.0994691,
            50.9392083
          ],
          [
            6.0995162,
            50.9394461
          ],
          [
            6.0995817,
            50.9397479
          ],
          [
            6.0996885,
            50.9400972
          ],
          [
            6.0997521,
            50.9402381
          ],
          [
            6.0998699,
            50.9405588
          ],
          [
            6.1000422,
            50.9408806
          ],
          [
            6.1002182,
            50.941194
          ],
          [
            6.1004241,
            50.941505
          ],
          [
            6.1006535,
            50.9418077
          ],
          [
            6.1009535,
            50.9421637
          ],
          [
            6.1011468,
            50.9424087
          ],
          [
            6.1013721,
            50.9426328
          ],
          [
            6.1017999,
            50.9430437
          ],
          [
            6.1025312,
            50.9437898
          ],
          [
            6.1030896,
            50.9444864
          ],
          [
            6.103579,
            50.9451623
          ],
          [
            6.1037253,
            50.9454062
          ],
          [
            6.1038038,
            50.9455722
          ],
          [
            6.1038545,
            50.9457526
          ],
          [
            6.1038593,
            50.9459887
          ],
          [
            6.1039918,
            50.9468998
          ],
          [
            6.1040018,
            50.9481764
          ],
          [
            6.1040006,
            50.9486473
          ],
          [
            6.1040877,
            50.9490585
          ],
          [
            6.1041451,
            50.9491366
          ],
          [
            6.1041974,
            50.9491907
          ],
          [
            6.1043195,
            50.9492546
          ],
          [
            6.1050094,
            50.9494023
          ],
          [
            6.1053322,
            50.9495671
          ],
          [
            6.1054768,
            50.9496064
          ],
          [
            6.1056278,
            50.9496259
          ],
          [
            6.1059476,
            50.9496123
          ],
          [
            6.1062663,
            50.9495553
          ],
          [
            6.1064766,
            50.9495193
          ],
          [
            6.1067512,
            50.9495065
          ],
          [
            6.1069584,
            50.9495655
          ],
          [
            6.1070998,
            50.9496542
          ],
          [
            6.1071445,
            50.9497289
          ],
          [
            6.1071681,
            50.9498052
          ],
          [
            6.1071722,
            50.949979
          ],
          [
            6.1071271,
            50.9500622
          ],
          [
            6.1070996,
            50.9501032
          ],
          [
            6.1070623,
            50.9501374
          ],
          [
            6.1069775,
            50.9501788
          ],
          [
            6.1068736,
            50.9502168
          ],
          [
            6.10666,
            50.9503108
          ],
          [
            6.1065477,
            50.9503626
          ],
          [
            6.1064866,
            50.9504295
          ],
          [
            6.1065028,
            50.9505214
          ],
          [
            6.1065748,
            50.950576
          ],
          [
            6.1067046,
            50.9506587
          ],
          [
            6.1068371,
            50.9506885
          ],
          [
            6.1070179,
            50.9507837
          ],
          [
            6.1070764,
            50.9509879
          ],
          [
            6.1071447,
            50.9512657
          ],
          [
            6.1074104,
            50.951433
          ],
          [
            6.1077896,
            50.9515351
          ],
          [
            6.1080504,
            50.9516113
          ],
          [
            6.1082934,
            50.951699
          ],
          [
            6.1084072,
            50.9517959
          ],
          [
            6.1084985,
            50.9518997
          ],
          [
            6.1085238,
            50.9520679
          ],
          [
            6.1085393,
            50.9522435
          ],
          [
            6.1086021,
            50.9526539
          ],
          [
            6.108816,
            50.9529019
          ],
          [
            6.1092261,
            50.9534644
          ],
          [
            6.1094468,
            50.9536536
          ],
          [
            6.109602,
            50.9537601
          ],
          [
            6.1098172,
            50.9538613
          ],
          [
            6.110043,
            50.9539706
          ],
          [
            6.1103318,
            50.9540443
          ],
          [
            6.1105721,
            50.9540894
          ],
          [
            6.1109117,
            50.9541193
          ],
          [
            6.1113967,
            50.9541415
          ],
          [
            6.1118509,
            50.954172
          ],
          [
            6.1121938,
            50.9542387
          ],
          [
            6.1123856,
            50.9542984
          ],
          [
            6.1127946,
            50.9544179
          ],
          [
            6.1129048,
            50.9544658
          ],
          [
            6.1129803,
            50.9545015
          ],
          [
            6.1130873,
            50.9545706
          ],
          [
            6.1132414,
            50.9546623
          ],
          [
            6.1133403,
            50.9547436
          ],
          [
            6.1134428,
            50.954895
          ],
          [
            6.1135255,
            50.9551061
          ],
          [
            6.1136655,
            50.9552776
          ],
          [
            6.1138804,
            50.9554568
          ],
          [
            6.1142652,
            50.9557963
          ],
          [
            6.1146565,
            50.9560554
          ],
          [
            6.1149421,
            50.9561929
          ],
          [
            6.1153312,
            50.9563998
          ],
          [
            6.1157755,
            50.956613
          ],
          [
            6.1162385,
            50.9568095
          ],
          [
            6.116685,
            50.9569845
          ],
          [
            6.1172384,
            50.9571678
          ],
          [
            6.1177168,
            50.9573157
          ],
          [
            6.1180343,
            50.9573963
          ],
          [
            6.1181457,
            50.95744
          ],
          [
            6.1184554,
            50.9575372
          ],
          [
            6.1186869,
            50.9576442
          ],
          [
            6.1190662,
            50.9578574
          ],
          [
            6.1193429,
            50.958058
          ],
          [
            6.1196008,
            50.9582532
          ],
          [
            6.1197905,
            50.9584559
          ],
          [
            6.1199415,
            50.9586788
          ],
          [
            6.1200076,
            50.9588503
          ],
          [
            6.1200264,
            50.9590663
          ],
          [
            6.1199856,
            50.959326
          ],
          [
            6.1199062,
            50.95951
          ],
          [
            6.1196593,
            50.9600835
          ],
          [
            6.1194388,
            50.9605425
          ],
          [
            6.1193775,
            50.9606865
          ],
          [
            6.1192931,
            50.9608845
          ],
          [
            6.1191746,
            50.9612198
          ],
          [
            6.1191165,
            50.961413
          ],
          [
            6.1191269,
            50.9615304
          ],
          [
            6.1191324,
            50.9616326
          ],
          [
            6.1191609,
            50.9617408
          ],
          [
            6.119223,
            50.9619334
          ],
          [
            6.1194939,
            50.962253
          ],
          [
            6.1202669,
            50.9629675
          ]
        ]
      }
    },
    {
      "type": "Feature",
      "properties": {
        "name": "Wurm",
        "type": "Fluss"
      },
      "geometry": {
        "type": "LineString",
        "coordinates": [
          [
            6.0959862,
            50.933149
          ],
          [
            6.0960579,
            50.9332441
          ]
        ]
      }
    },
    {
      "type": "Feature",
      "properties": {
        "name": "Wurm",
        "type": "Fluss"
      },
      "geometry": {
        "type": "LineString",
        "coordinates": [
          [
            6.1079614,
            50.8015755
          ],
          [
            6.1075538,
            50.8019353
          ]
        ]
      }
    },
    {
      "type": "Feature",
      "properties": {
        "name": "Wurm",
        "type": "Fluss"
      },
      "geometry": {
        "type": "LineString",
        "coordinates": [
          [
            6.1018821,
            50.8035208
          ],
          [
            6.1010189,
            50.8035247
          ],
          [
            6.1008357,
            50.803544
          ],
          [
            6.1005132,
            50.8035908
          ],
          [
            6.100408,
            50.8036237
          ],
          [
            6.1000429,
            50.8037663
          ],
          [
            6.0998143,
            50.80393
          ],
          [
            6.0994696,
            50.8041625
          ],
          [
            6.0991665,
            50.8044146
          ],
          [
            6.099013,
            50.8045449
          ],
          [
            6.0989533,
            50.8046132
          ],
          [
            6.098922,
            50.8046719
          ],
          [
            6.0989305,
            50.8047103
          ],
          [
            6.0989525,
            50.8047417
          ],
          [
            6.0990149,
            50.8048271
          ],
          [
            6.0991184,
            50.804931
          ],
          [
            6.0995357,
            50.8052986
          ],
          [
            6.1000494,
            50.8055157
          ],
          [
            6.1006041,
            50.8056853
          ],
          [
            6.1012085,
            50.8058212
          ],
          [
            6.1015117,
            50.8059135
          ],
          [
            6.1017418,
            50.8059507
          ],
          [
            6.1021847,
            50.806197
          ],
          [
            6.1025833,
            50.8065441
          ],
          [
            6.1029288,
            50.8068632
          ],
          [
            6.1032211,
            50.8070927
          ],
          [
            6.1036566,
            50.8072564
          ],
          [
            6.1040877,
            50.8073052
          ],
          [
            6.1044219,
            50.8073904
          ],
          [
            6.1047332,
            50.8075887
          ],
          [
            6.1049181,
            50.8077436
          ],
          [
            6.1052414,
            50.8080333
          ],
          [
            6.1054179,
            50.8082845
          ],
          [
            6.1054812,
            50.8084181
          ]
        ]
      }
    },
    {
      "type": "Feature",
      "properties": {
        "name": "Wurm",
        "type": "Fluss"
      },
      "geometry": {
        "type": "LineString",
        "coordinates": [
          [
            6.1738472,
            51.0474049
          ],
          [
            6.1731333,
            51.0477575
          ],
          [
            6.1728662,
            51.0478482
          ],
          [
            6.1724353,
            51.0479138
          ],
          [
            6.1723055,
            51.0479256
          ],
          [
            6.1715489,
            51.0479888
          ],
          [
            6.1709409,
            51.047998
          ],
          [
            6.1696303,
            51.0479462
          ],
          [
            6.16847,
            51.0478868
          ],
          [
            6.1674187,
            51.047832
          ],
          [
            6.1668978,
            51.0478183
          ],
          [
            6.166532,
            51.047832
          ],
          [
            6.1661275,
            51.0478472
          ],
          [
            6.1657811,
            51.0478792
          ],
          [
            6.1652821,
            51.0479477
          ],
          [
            6.1648169,
            51.048036
          ],
          [
            6.1641199,
            51.0482045
          ],
          [
            6.1639487,
            51.0482547
          ],
          [
            6.1634825,
            51.0483913
          ],
          [
            6.1627728,
            51.0486223
          ],
          [
            6.1620931,
            51.0489125
          ],
          [
            6.1614792,
            51.0492352
          ],
          [
            6.1609112,
            51.0495738
          ],
          [
            6.1600786,
            51.0501583
          ],
          [
            6.1593214,
            51.0507524
          ],
          [
            6.1582665,
            51.0516598
          ],
          [
            6.1573583,
            51.0523433
          ]
        ]
      }
    },
    {
      "type": "Feature",
      "properties": {
        "name": "Wurm",
        "type": "Fluss"
      },
      "geometry": {
        "type": "LineString",
        "coordinates": [
          [
            6.173943,
            51.0473642
          ],
          [
            6.1738472,
            51.0474049
          ]
        ]
      }
    },
    {
      "type": "Feature",
      "properties": {
        "name": "Wurm",
        "type": "Fluss"
      },
      "geometry": {
        "type": "LineString",
        "coordinates": [
          [
            6.1331277,
            51.0587025
          ],
          [
            6.1322127,
            51.059332
          ],
          [
            6.1320133,
            51.0594969
          ],
          [
            6.1318531,
            51.0596357
          ],
          [
            6.1317551,
            51.0597338
          ],
          [
            6.1316764,
            51.05985
          ],
          [
            6.1316295,
            51.0599368
          ],
          [
            6.1316115,
            51.0600835
          ],
          [
            6.1315798,
            51.0603099
          ],
          [
            6.1316488,
            51.0605277
          ],
          [
            6.1318462,
            51.0608618
          ],
          [
            6.1325876,
            51.0620904
          ],
          [
            6.1326884,
            51.0624227
          ],
          [
            6.1327022,
            51.0627056
          ],
          [
            6.1326787,
            51.0629459
          ],
          [
            6.1325683,
            51.0631984
          ],
          [
            6.1321503,
            51.0637029
          ],
          [
            6.131867,
            51.0639877
          ],
          [
            6.1314085,
            51.0642194
          ],
          [
            6.1294384,
            51.0651243
          ],
          [
            6.1290187,
            51.0652996
          ],
          [
            6.1285518,
            51.0654152
          ],
          [
            6.1282303,
            51.0654948
          ],
          [
            6.1273657,
            51.0656039
          ],
          [
            6.1267503,
            51.0656466
          ],
          [
            6.1264429,
            51.0656814
          ],
          [
            6.1261208,
            51.0657334
          ],
          [
            6.1257107,
            51.0658286
          ],
          [
            6.1253237,
            51.0659487
          ],
          [
            6.1250479,
            51.0660636
          ],
          [
            6.1247137,
            51.0662386
          ],
          [
            6.1238862,
            51.0667417
          ],
          [
            6.123554,
            51.0669623
          ],
          [
            6.1230642,
            51.0672267
          ],
          [
            6.1226471,
            51.0674102
          ],
          [
            6.1221865,
            51.0675574
          ],
          [
            6.1216152,
            51.0677192
          ],
          [
            6.1206641,
            51.0678369
          ],
          [
            6.1192521,
            51.0680134
          ],
          [
            6.1182563,
            51.0681916
          ],
          [
            6.1177509,
            51.0683167
          ],
          [
            6.1172519,
            51.0684644
          ],
          [
            6.1169857,
            51.0685519
          ],
          [
            6.1166278,
            51.0686713
          ],
          [
            6.1160262,
            51.0689155
          ],
          [
            6.1154148,
            51.0691927
          ],
          [
            6.1151246,
            51.0693448
          ],
          [
            6.1148692,
            51.0695136
          ],
          [
            6.1146696,
            51.0696529
          ],
          [
            6.1142938,
            51.0700296
          ],
          [
            6.1139627,
            51.0704886
          ],
          [
            6.1137531,
            51.0708026
          ],
          [
            6.1136043,
            51.0711021
          ],
          [
            6.1132807,
            51.0717688
          ],
          [
            6.1126532,
            51.0725533
          ],
          [
            6.1122531,
            51.07294
          ],
          [
            6.1118937,
            51.0731833
          ],
          [
            6.1114447,
            51.0734432
          ],
          [
            6.1110255,
            51.0737789
          ],
          [
            6.1083706,
            51.0768364
          ],
          [
            6.1082092,
            51.0771242
          ],
          [
            6.1080974,
            51.077422
          ],
          [
            6.1080572,
            51.0777336
          ],
          [
            6.1080539,
            51.0779246
          ],
          [
            6.1081494,
            51.0782808
          ],
          [
            6.1081246,
            51.0784506
          ],
          [
            6.1079918,
            51.0786761
          ],
          [
            6.1079229,
            51.078745
          ],
          [
            6.1068334,
            51.0794946
          ],
          [
            6.106264,
            51.0798579
          ],
          [
            6.106009,
            51.0800549
          ],
          [
            6.1058442,
            51.0802766
          ],
          [
            6.1058201,
            51.0807402
          ],
          [
            6.1059633,
            51.0820025
          ],
          [
            6.1060414,
            51.0824059
          ],
          [
            6.1065488,
            51.0828353
          ],
          [
            6.1108012,
            51.0867043
          ],
          [
            6.1117969,
            51.0875853
          ],
          [
            6.1127344,
            51.0884166
          ],
          [
            6.1131604,
            51.0888205
          ],
          [
            6.1135259,
            51.0891877
          ],
          [
            6.1137119,
            51.089422
          ],
          [
            6.1138773,
            51.0896706
          ],
          [
            6.113925,
            51.0897782
          ],
          [
            6.1139655,
            51.0898878
          ],
          [
            6.1139837,
            51.0900251
          ],
          [
            6.1139894,
            51.0901669
          ],
          [
            6.1139652,
            51.0903568
          ],
          [
            6.1139059,
            51.0905552
          ],
          [
            6.1138575,
            51.0906581
          ],
          [
            6.1137914,
            51.0907604
          ],
          [
            6.1136819,
            51.0908997
          ],
          [
            6.1135008,
            51.0910927
          ],
          [
            6.1132506,
            51.0913037
          ],
          [
            6.1129974,
            51.091516
          ],
          [
            6.1126082,
            51.091924
          ],
          [
            6.1124915,
            51.092095
          ],
          [
            6.1123967,
            51.0922955
          ],
          [
            6.1123384,
            51.0924782
          ],
          [
            6.1122976,
            51.0926609
          ],
          [
            6.1122887,
            51.0927866
          ],
          [
            6.1123016,
            51.0929109
          ],
          [
            6.1125166,
            51.0935065
          ],
          [
            6.1125255,
            51.0935853
          ],
          [
            6.1125191,
            51.093666
          ],
          [
            6.1124943,
            51.0938061
          ],
          [
            6.1124013,
            51.0940903
          ],
          [
            6.1122607,
            51.0942905
          ],
          [
            6.1120864,
            51.0944962
          ],
          [
            6.1113559,
            51.0950851
          ],
          [
            6.1106333,
            51.0955707
          ],
          [
            6.1101953,
            51.0957616
          ],
          [
            6.109677,
            51.0959594
          ],
          [
            6.1079932,
            51.0963404
          ],
          [
            6.1077317,
            51.0964005
          ],
          [
            6.1072748,
            51.0966307
          ],
          [
            6.1069947,
            51.0968018
          ],
          [
            6.1067754,
            51.0970261
          ],
          [
            6.106574,
            51.097401
          ],
          [
            6.1064028,
            51.0976365
          ],
          [
            6.1062929,
            51.0978072
          ]
        ]
      }
    },
    {
      "type": "Feature",
      "properties": {
        "name": "Wurm",
        "type": "Fluss"
      },
      "geometry": {
        "type": "LineString",
        "coordinates": [
          [
            6.1573583,
            51.0523433
          ],
          [
            6.1571173,
            51.0525084
          ]
        ]
      }
    },
    {
      "type": "Feature",
      "properties": {
        "name": "Wurm",
        "type": "Fluss"
      },
      "geometry": {
        "type": "LineString",
        "coordinates": [
          [
            6.0947131,
            50.8583721
          ],
          [
            6.094801,
            50.8584272
          ],
          [
            6.094913,
            50.8585479
          ],
          [
            6.0949606,
            50.8586066
          ],
          [
            6.095041,
            50.8586455
          ],
          [
            6.0951094,
            50.8586675
          ],
          [
            6.0951859,
            50.8586692
          ],
          [
            6.0954067,
            50.8586347
          ],
          [
            6.0957212,
            50.8586242
          ],
          [
            6.0958792,
            50.8586726
          ],
          [
            6.0961245,
            50.8587427
          ],
          [
            6.0962276,
            50.8587933
          ],
          [
            6.0963007,
            50.8588142
          ],
          [
            6.096358,
            50.8588224
          ],
          [
            6.0964714,
            50.858819
          ],
          [
            6.0965911,
            50.8587863
          ],
          [
            6.0966802,
            50.8587192
          ],
          [
            6.0967711,
            50.8586859
          ],
          [
            6.0968569,
            50.8586971
          ],
          [
            6.0969224,
            50.8587283
          ],
          [
            6.096948,
            50.8587814
          ],
          [
            6.0969318,
            50.8588334
          ],
          [
            6.0967757,
            50.8590615
          ],
          [
            6.0967159,
            50.8591682
          ],
          [
            6.0966785,
            50.8592017
          ],
          [
            6.0966459,
            50.8592274
          ],
          [
            6.0963385,
            50.8593156
          ],
          [
            6.0962856,
            50.8593693
          ],
          [
            6.0962936,
            50.859459
          ],
          [
            6.0963352,
            50.8595107
          ],
          [
            6.096421,
            50.8595378
          ],
          [
            6.0965651,
            50.8595579
          ],
          [
            6.0967287,
            50.859587
          ],
          [
            6.0967625,
            50.8596575
          ],
          [
            6.096767,
            50.8597325
          ],
          [
            6.0967257,
            50.8598131
          ],
          [
            6.0965776,
            50.8599192
          ],
          [
            6.0965015,
            50.8600582
          ],
          [
            6.0964641,
            50.8601649
          ],
          [
            6.0963632,
            50.8602157
          ],
          [
            6.096073,
            50.860352
          ],
          [
            6.0959596,
            50.8604766
          ],
          [
            6.0959828,
            50.8605852
          ],
          [
            6.0960023,
            50.8606204
          ],
          [
            6.0960216,
            50.8606656
          ],
          [
            6.0960586,
            50.8607383
          ],
          [
            6.09613,
            50.8608211
          ],
          [
            6.0961336,
            50.860886
          ],
          [
            6.096078,
            50.8609308
          ],
          [
            6.0958266,
            50.8610368
          ],
          [
            6.095671,
            50.8610619
          ],
          [
            6.0956024,
            50.8610477
          ],
          [
            6.0955263,
            50.8609983
          ],
          [
            6.0955077,
            50.8609159
          ],
          [
            6.095503,
            50.8608392
          ],
          [
            6.0955324,
            50.8607359
          ],
          [
            6.0955187,
            50.8606718
          ],
          [
            6.0955062,
            50.8606185
          ],
          [
            6.0954271,
            50.860598
          ],
          [
            6.0953388,
            50.8606052
          ],
          [
            6.0952874,
            50.8606386
          ],
          [
            6.0950939,
            50.860754
          ],
          [
            6.0950326,
            50.860772
          ],
          [
            6.0949263,
            50.8607944
          ],
          [
            6.0948194,
            50.860835
          ],
          [
            6.0947379,
            50.8608617
          ],
          [
            6.0947017,
            50.86091
          ],
          [
            6.094695,
            50.8609845
          ],
          [
            6.094727,
            50.8610626
          ],
          [
            6.0948023,
            50.8611749
          ],
          [
            6.0948234,
            50.8612803
          ],
          [
            6.0948546,
            50.8613277
          ],
          [
            6.0949776,
            50.8613891
          ],
          [
            6.095058,
            50.8614618
          ],
          [
            6.0951172,
            50.8614992
          ],
          [
            6.0951748,
            50.8615262
          ],
          [
            6.0952635,
            50.8615564
          ],
          [
            6.0953151,
            50.8616577
          ],
          [
            6.0953943,
            50.8617572
          ],
          [
            6.0955292,
            50.861803
          ],
          [
            6.0957169,
            50.8618288
          ],
          [
            6.0957401,
            50.8618793
          ],
          [
            6.0957378,
            50.8619421
          ],
          [
            6.0956745,
            50.862022
          ],
          [
            6.0954249,
            50.8623028
          ],
          [
            6.0951742,
            50.8629639
          ],
          [
            6.0951601,
            50.8630094
          ],
          [
            6.0951259,
            50.8631198
          ],
          [
            6.0951502,
            50.8632906
          ],
          [
            6.0951774,
            50.8638543
          ],
          [
            6.0951349,
            50.8642902
          ],
          [
            6.0951299,
            50.8643485
          ],
          [
            6.0950224,
            50.864562
          ],
          [
            6.0948493,
            50.8648106
          ],
          [
            6.0948418,
            50.86485
          ],
          [
            6.094871,
            50.8648865
          ],
          [
            6.0949053,
            50.8649039
          ],
          [
            6.0950544,
            50.8649481
          ],
          [
            6.0951304,
            50.8649847
          ],
          [
            6.095168,
            50.8650191
          ],
          [
            6.0951846,
            50.8650662
          ],
          [
            6.0951481,
            50.8651529
          ],
          [
            6.09511,
            50.865214
          ],
          [
            6.0949451,
            50.8653366
          ],
          [
            6.0948802,
            50.8653949
          ],
          [
            6.0948097,
            50.8655252
          ],
          [
            6.094779,
            50.8656253
          ],
          [
            6.0947384,
            50.8658161
          ],
          [
            6.0946852,
            50.8659731
          ],
          [
            6.0946818,
            50.8660355
          ],
          [
            6.0946954,
            50.8661012
          ],
          [
            6.0947337,
            50.8661547
          ],
          [
            6.0948412,
            50.8663019
          ],
          [
            6.0948711,
            50.8664263
          ],
          [
            6.0948238,
            50.8665596
          ],
          [
            6.094693,
            50.8668241
          ],
          [
            6.0946366,
            50.8669319
          ],
          [
            6.0945557,
            50.8670864
          ],
          [
            6.0944886,
            50.8671432
          ],
          [
            6.0944054,
            50.867183
          ],
          [
            6.0942894,
            50.8672183
          ],
          [
            6.0941255,
            50.8672457
          ],
          [
            6.0939726,
            50.8672471
          ]
        ]
      }
    },
    {
      "type": "Feature",
      "properties": {
        "name": "Wurm",
        "type": "Fluss"
      },
      "geometry": {
        "type": "LineString",
        "coordinates": [
          [
            6.0944449,
            50.8581659
          ],
          [
            6.0947131,
            50.8583721
          ]
        ]
      }
    },
    {
      "type": "Feature",
      "properties": {
        "name": "Wurm",
        "type": "Fluss"
      },
      "geometry": {
        "type": "LineString",
        "coordinates": [
          [
            6.0936879,
            50.8672739
          ],
          [
            6.0935897,
            50.8673241
          ],
          [
            6.0935121,
            50.86739
          ],
          [
            6.0933342,
            50.8676322
          ],
          [
            6.0932661,
            50.8677029
          ]
        ]
      }
    },
    {
      "type": "Feature",
      "properties": {
        "name": "Wurm",
        "type": "Fluss"
      },
      "geometry": {
        "type": "LineString",
        "coordinates": [
          [
            6.0939726,
            50.8672471
          ],
          [
            6.0939018,
            50.8672486
          ],
          [
            6.0938111,
            50.8672566
          ],
          [
            6.0936879,
            50.8672739
          ]
        ]
      }
    },
    {
      "type": "Feature",
      "properties": {
        "name": "Wurm",
        "type": "Fluss"
      },
      "geometry": {
        "type": "LineString",
        "coordinates": [
          [
            6.1571173,
            51.0525084
          ],
          [
            6.1563564,
            51.052964
          ],
          [
            6.1556523,
            51.0532887
          ],
          [
            6.1551753,
            51.0534013
          ],
          [
            6.15409,
            51.0534864
          ],
          [
            6.1530193,
            51.0534642
          ],
          [
            6.1519591,
            51.0535427
          ],
          [
            6.1513466,
            51.0536213
          ],
          [
            6.1501405,
            51.0538465
          ],
          [
            6.1491615,
            51.0541372
          ],
          [
            6.1479888,
            51.0546348
          ],
          [
            6.1479465,
            51.0546589
          ],
          [
            6.1465477,
            51.0554358
          ],
          [
            6.1456358,
            51.0559358
          ],
          [
            6.1451088,
            51.0562078
          ],
          [
            6.1444406,
            51.0564685
          ],
          [
            6.1437592,
            51.0566625
          ],
          [
            6.1432653,
            51.056763
          ],
          [
            6.1427801,
            51.0568557
          ],
          [
            6.1423796,
            51.056919
          ],
          [
            6.1418731,
            51.0569578
          ],
          [
            6.1413516,
            51.0569289
          ],
          [
            6.1408499,
            51.0568717
          ],
          [
            6.1404938,
            51.0568315
          ],
          [
            6.1399457,
            51.056724
          ],
          [
            6.1397218,
            51.0566242
          ],
          [
            6.1392721,
            51.0563338
          ],
          [
            6.1388841,
            51.0561597
          ],
          [
            6.13854,
            51.0560097
          ],
          [
            6.1381719,
            51.0558785
          ],
          [
            6.1379396,
            51.055836
          ],
          [
            6.1375686,
            51.0558288
          ],
          [
            6.1372401,
            51.0558999
          ],
          [
            6.1370614,
            51.0559681
          ],
          [
            6.1358134,
            51.0568549
          ],
          [
            6.1338311,
            51.0582277
          ],
          [
            6.133399,
            51.0585085
          ]
        ]
      }
    },
    {
      "type": "Feature",
      "properties": {
        "name": "Wurm",
        "type": "Fluss"
      },
      "geometry": {
        "type": "LineString",
        "coordinates": [
          [
            6.133399,
            51.0585085
          ],
          [
            6.1331277,
            51.0587025
          ]
        ]
      }
    },
    {
      "type": "Feature",
      "properties": {
        "name": "Wurm",
        "type": "Fluss"
      },
      "geometry": {
        "type": "LineString",
        "coordinates": [
          [
            6.1066406,
            50.8024965
          ],
          [
            6.1062299,
            50.8027124
          ],
          [
            6.1055956,
            50.8029844
          ],
          [
            6.1048137,
            50.803215
          ],
          [
            6.1043563,
            50.8033108
          ],
          [
            6.1035902,
            50.8034314
          ],
          [
            6.1029258,
            50.8034781
          ],
          [
            6.1024104,
            50.8035142
          ],
          [
            6.1018821,
            50.8035208
          ]
        ]
      }
    },
    {
      "type": "Feature",
      "properties": {
        "name": "Wurm",
        "type": "Fluss"
      },
      "geometry": {
        "type": "LineString",
        "coordinates": [
          [
            6.1075538,
            50.8019353
          ],
          [
            6.1069873,
            50.8022867
          ],
          [
            6.1066406,
            50.8024965
          ]
        ]
      }
    },
    {
      "type": "Feature",
      "properties": {
        "name": "Erftkanal",
        "type": "Fluss"
      },
      "geometry": {
        "type": "LineString",
        "coordinates": [
          [
            6.7008512,
            51.1937802
          ],
          [
            6.7006422,
            51.1940138
          ],
          [
            6.6998354,
            51.1949398
          ]
        ]
      }
    },
    {
      "type": "Feature",
      "properties": {
        "name": "Inde",
        "type": "Fluss"
      },
      "geometry": {
        "type": "LineString",
        "coordinates": [
          [
            6.208331,
            50.7797798
          ],
          [
            6.2087695,
            50.7798583
          ],
          [
            6.2091271,
            50.7800903
          ],
          [
            6.2093534,
            50.7801043
          ],
          [
            6.2094828,
            50.780139
          ],
          [
            6.2096609,
            50.7801563
          ],
          [
            6.2099773,
            50.7802214
          ],
          [
            6.210106,
            50.7803708
          ],
          [
            6.2103121,
            50.7804481
          ],
          [
            6.2106314,
            50.7804584
          ],
          [
            6.2110126,
            50.7805099
          ],
          [
            6.2113628,
            50.7806232
          ],
          [
            6.2117914,
            50.7809172
          ],
          [
            6.2119562,
            50.7810689
          ],
          [
            6.2120024,
            50.7812073
          ],
          [
            6.2120024,
            50.7813194
          ],
          [
            6.2120452,
            50.781448
          ],
          [
            6.2121606,
            50.7815205
          ],
          [
            6.2122595,
            50.7816392
          ],
          [
            6.21222,
            50.7817414
          ],
          [
            6.2122002,
            50.7818205
          ],
          [
            6.2121598,
            50.7820213
          ],
          [
            6.2120158,
            50.7821642
          ],
          [
            6.2122323,
            50.7823849
          ],
          [
            6.2123588,
            50.78249
          ],
          [
            6.2123723,
            50.7826515
          ],
          [
            6.2123353,
            50.7827468
          ],
          [
            6.2122265,
            50.7828698
          ],
          [
            6.2119962,
            50.7829836
          ],
          [
            6.2119552,
            50.7831545
          ]
        ]
      }
    },
    {
      "type": "Feature",
      "properties": {
        "name": "Inde",
        "type": "Fluss"
      },
      "geometry": {
        "type": "LineString",
        "coordinates": [
          [
            6.1872393,
            50.7261558
          ],
          [
            6.1872361,
            50.7262323
          ],
          [
            6.1872388,
            50.7264099
          ],
          [
            6.1871938,
            50.7264683
          ],
          [
            6.1870184,
            50.7266099
          ],
          [
            6.1866819,
            50.7268969
          ],
          [
            6.1865339,
            50.7269851
          ],
          [
            6.1864507,
            50.7271552
          ],
          [
            6.1864795,
            50.7273224
          ],
          [
            6.1864631,
            50.7274369
          ],
          [
            6.1863392,
            50.7275952
          ],
          [
            6.1862027,
            50.7277004
          ],
          [
            6.1857605,
            50.7278531
          ],
          [
            6.1855279,
            50.7279522
          ],
          [
            6.1853992,
            50.7280326
          ],
          [
            6.1851071,
            50.7281312
          ],
          [
            6.1848246,
            50.7282186
          ],
          [
            6.1844017,
            50.7282958
          ],
          [
            6.1841666,
            50.7283325
          ],
          [
            6.1839188,
            50.7283211
          ],
          [
            6.1834091,
            50.7281097
          ],
          [
            6.1830493,
            50.7279802
          ],
          [
            6.1826843,
            50.7279446
          ],
          [
            6.1822757,
            50.7279404
          ],
          [
            6.1818871,
            50.7279828
          ],
          [
            6.1815622,
            50.7280612
          ],
          [
            6.1813338,
            50.728166
          ],
          [
            6.1810519,
            50.7283108
          ],
          [
            6.180827,
            50.7284223
          ],
          [
            6.1805649,
            50.7285562
          ],
          [
            6.1803856,
            50.7286633
          ],
          [
            6.1802189,
            50.7288054
          ],
          [
            6.1801408,
            50.7289489
          ],
          [
            6.1801097,
            50.7291337
          ],
          [
            6.1801279,
            50.7293739
          ],
          [
            6.1801924,
            50.7298926
          ],
          [
            6.1812912,
            50.7311343
          ],
          [
            6.1814284,
            50.7312199
          ],
          [
            6.1817343,
            50.7315201
          ],
          [
            6.1820296,
            50.7319698
          ],
          [
            6.1822681,
            50.7324483
          ],
          [
            6.1823698,
            50.7326002
          ],
          [
            6.1824721,
            50.7327478
          ],
          [
            6.182535,
            50.7328474
          ],
          [
            6.1826277,
            50.7329909
          ],
          [
            6.1827055,
            50.7330992
          ],
          [
            6.1827692,
            50.7332459
          ],
          [
            6.1829041,
            50.7335943
          ],
          [
            6.1829631,
            50.7337987
          ],
          [
            6.1828813,
            50.7339418
          ],
          [
            6.1827775,
            50.7339882
          ],
          [
            6.1825887,
            50.7339862
          ],
          [
            6.1823985,
            50.7339003
          ],
          [
            6.1818052,
            50.7334895
          ],
          [
            6.1815551,
            50.7333673
          ],
          [
            6.1812255,
            50.7332296
          ],
          [
            6.1806377,
            50.7330811
          ],
          [
            6.1802025,
            50.7330005
          ],
          [
            6.1797432,
            50.7328155
          ],
          [
            6.1794443,
            50.7327444
          ],
          [
            6.1791216,
            50.7327841
          ],
          [
            6.1788803,
            50.7328404
          ],
          [
            6.1785771,
            50.7329584
          ],
          [
            6.1782917,
            50.7331802
          ],
          [
            6.1781597,
            50.733296
          ],
          [
            6.1779849,
            50.7333725
          ],
          [
            6.1777949,
            50.7333566
          ],
          [
            6.1774411,
            50.733323
          ],
          [
            6.1772718,
            50.7333547
          ],
          [
            6.1771084,
            50.7334376
          ],
          [
            6.1770289,
            50.7335201
          ],
          [
            6.176933,
            50.7336197
          ],
          [
            6.1768827,
            50.7338065
          ],
          [
            6.1768339,
            50.734047
          ],
          [
            6.1768412,
            50.7341482
          ],
          [
            6.1767532,
            50.7342117
          ],
          [
            6.1766579,
            50.7342917
          ],
          [
            6.1765823,
            50.7343209
          ],
          [
            6.1764147,
            50.734442
          ],
          [
            6.1762348,
            50.7345596
          ],
          [
            6.1761748,
            50.7346703
          ],
          [
            6.1761484,
            50.7348256
          ],
          [
            6.1761328,
            50.7349766
          ],
          [
            6.1761096,
            50.7351347
          ],
          [
            6.1761502,
            50.7352596
          ],
          [
            6.1761828,
            50.7353235
          ],
          [
            6.1762122,
            50.735426
          ],
          [
            6.1762839,
            50.7355633
          ],
          [
            6.1763775,
            50.7356953
          ],
          [
            6.1763736,
            50.7357569
          ],
          [
            6.1765505,
            50.7358648
          ],
          [
            6.177271,
            50.7365459
          ],
          [
            6.1775981,
            50.7366697
          ],
          [
            6.1777299,
            50.7368244
          ],
          [
            6.1779285,
            50.7369296
          ],
          [
            6.1782265,
            50.7370178
          ],
          [
            6.1783509,
            50.737099
          ],
          [
            6.1784892,
            50.7371912
          ],
          [
            6.1786042,
            50.7373141
          ],
          [
            6.1787727,
            50.7374512
          ],
          [
            6.178788,
            50.7375577
          ],
          [
            6.1788667,
            50.7377344
          ],
          [
            6.1789135,
            50.7378446
          ],
          [
            6.178995,
            50.7378861
          ],
          [
            6.1790035,
            50.7379243
          ],
          [
            6.1789743,
            50.7379587
          ],
          [
            6.178958,
            50.7380112
          ],
          [
            6.1790011,
            50.7380627
          ],
          [
            6.179098,
            50.7380801
          ],
          [
            6.1791622,
            50.7381316
          ],
          [
            6.1791843,
            50.7381935
          ],
          [
            6.179201,
            50.7382402
          ],
          [
            6.1793037,
            50.7383237
          ],
          [
            6.1793186,
            50.7384156
          ],
          [
            6.179195,
            50.7384971
          ],
          [
            6.1789857,
            50.7385416
          ],
          [
            6.1788667,
            50.7386233
          ],
          [
            6.1787452,
            50.7386833
          ],
          [
            6.1786964,
            50.7387127
          ],
          [
            6.178698,
            50.7387298
          ],
          [
            6.1787219,
            50.7388205
          ],
          [
            6.1788139,
            50.7388343
          ],
          [
            6.1790197,
            50.73881
          ],
          [
            6.1791561,
            50.7388571
          ],
          [
            6.1791305,
            50.7389469
          ],
          [
            6.1789308,
            50.7390822
          ],
          [
            6.1788474,
            50.7391802
          ],
          [
            6.1788626,
            50.7392302
          ],
          [
            6.1789669,
            50.7392588
          ],
          [
            6.1790912,
            50.7392301
          ],
          [
            6.1792645,
            50.7392081
          ],
          [
            6.1793905,
            50.7392265
          ],
          [
            6.1794863,
            50.7392973
          ],
          [
            6.1794801,
            50.739389
          ],
          [
            6.1794326,
            50.7394446
          ],
          [
            6.1793496,
            50.7395215
          ],
          [
            6.1791274,
            50.7396602
          ],
          [
            6.1791209,
            50.7397276
          ],
          [
            6.1791707,
            50.7397927
          ],
          [
            6.179321,
            50.7398158
          ],
          [
            6.1795467,
            50.7397803
          ],
          [
            6.1796488,
            50.7398032
          ],
          [
            6.1796769,
            50.7398622
          ],
          [
            6.1796563,
            50.7399475
          ],
          [
            6.1795819,
            50.7399988
          ],
          [
            6.1794835,
            50.740055
          ],
          [
            6.1793363,
            50.740089
          ],
          [
            6.1791212,
            50.7400799
          ],
          [
            6.1789456,
            50.7400328
          ],
          [
            6.1788491,
            50.7400187
          ],
          [
            6.1787556,
            50.7400146
          ],
          [
            6.1786324,
            50.7400128
          ],
          [
            6.178527,
            50.7400433
          ],
          [
            6.1784796,
            50.7401006
          ],
          [
            6.1785274,
            50.740189
          ],
          [
            6.1785462,
            50.7402715
          ],
          [
            6.1784948,
            50.7403406
          ],
          [
            6.1783633,
            50.7403544
          ],
          [
            6.1782569,
            50.7403351
          ],
          [
            6.178173,
            50.7403181
          ],
          [
            6.1780811,
            50.7402768
          ],
          [
            6.1779961,
            50.7402071
          ],
          [
            6.1779039,
            50.7401722
          ],
          [
            6.1777336,
            50.740117
          ],
          [
            6.1775274,
            50.7401525
          ],
          [
            6.177466,
            50.7402263
          ],
          [
            6.177506,
            50.7403102
          ],
          [
            6.1775149,
            50.7403861
          ],
          [
            6.1774551,
            50.7404519
          ],
          [
            6.1770815,
            50.7406484
          ],
          [
            6.1769381,
            50.7407171
          ],
          [
            6.1768537,
            50.7408038
          ],
          [
            6.1768978,
            50.7408754
          ],
          [
            6.1770215,
            50.7409195
          ],
          [
            6.1771276,
            50.7409452
          ],
          [
            6.177217,
            50.7409856
          ],
          [
            6.1772498,
            50.7410093
          ],
          [
            6.1772809,
            50.7410392
          ],
          [
            6.1773185,
            50.7411022
          ],
          [
            6.1773155,
            50.741196
          ],
          [
            6.1772581,
            50.7412758
          ],
          [
            6.1770711,
            50.7413986
          ],
          [
            6.1769793,
            50.7414406
          ],
          [
            6.1769635,
            50.7415073
          ],
          [
            6.1770418,
            50.7415635
          ],
          [
            6.1771638,
            50.7416024
          ],
          [
            6.1772784,
            50.7416858
          ],
          [
            6.1774945,
            50.7417765
          ],
          [
            6.1776352,
            50.7418131
          ],
          [
            6.1777783,
            50.7418203
          ],
          [
            6.1782634,
            50.7417248
          ],
          [
            6.178391,
            50.7417141
          ],
          [
            6.1785749,
            50.7417547
          ],
          [
            6.1786956,
            50.741772
          ],
          [
            6.1791937,
            50.7418061
          ],
          [
            6.1793124,
            50.7418354
          ],
          [
            6.1794694,
            50.7419403
          ],
          [
            6.1798635,
            50.7422774
          ],
          [
            6.180095,
            50.7424892
          ],
          [
            6.1801539,
            50.7426305
          ],
          [
            6.1801553,
            50.7427163
          ],
          [
            6.1802082,
            50.7428038
          ],
          [
            6.1803053,
            50.7428443
          ],
          [
            6.1803959,
            50.7428634
          ],
          [
            6.1806166,
            50.7429761
          ],
          [
            6.1807724,
            50.7430815
          ],
          [
            6.1809143,
            50.74328
          ],
          [
            6.1809695,
            50.7434065
          ],
          [
            6.1810781,
            50.7435125
          ],
          [
            6.1812216,
            50.7436313
          ],
          [
            6.1814177,
            50.7437508
          ],
          [
            6.181698,
            50.7438317
          ],
          [
            6.1820255,
            50.7440105
          ],
          [
            6.1822537,
            50.7440613
          ],
          [
            6.1824341,
            50.7440835
          ],
          [
            6.1826016,
            50.7441426
          ],
          [
            6.1826234,
            50.7442379
          ],
          [
            6.1826028,
            50.7443879
          ],
          [
            6.1827237,
            50.7445533
          ],
          [
            6.182911,
            50.7446118
          ],
          [
            6.1829884,
            50.7446534
          ],
          [
            6.1830181,
            50.744694
          ],
          [
            6.1829838,
            50.7449142
          ],
          [
            6.1830269,
            50.7450451
          ],
          [
            6.183152,
            50.7451486
          ],
          [
            6.1834149,
            50.7453089
          ],
          [
            6.1834654,
            50.7453822
          ],
          [
            6.1834573,
            50.7454555
          ],
          [
            6.1834964,
            50.7454885
          ],
          [
            6.1836324,
            50.745562
          ],
          [
            6.1837622,
            50.7457296
          ],
          [
            6.1839565,
            50.7459522
          ],
          [
            6.1842495,
            50.7462719
          ],
          [
            6.1843486,
            50.7464079
          ],
          [
            6.1843757,
            50.7465381
          ],
          [
            6.1843357,
            50.7466765
          ],
          [
            6.1843449,
            50.7469158
          ],
          [
            6.1843891,
            50.7470259
          ],
          [
            6.1844879,
            50.7470847
          ],
          [
            6.1846098,
            50.7471299
          ],
          [
            6.1848826,
            50.7471061
          ],
          [
            6.1850272,
            50.7470585
          ],
          [
            6.1851011,
            50.7470005
          ],
          [
            6.1851882,
            50.7469826
          ],
          [
            6.1852734,
            50.7470118
          ],
          [
            6.1853351,
            50.7470741
          ],
          [
            6.1853344,
            50.7471915
          ],
          [
            6.1853551,
            50.7473342
          ],
          [
            6.1853116,
            50.7474117
          ],
          [
            6.1851825,
            50.7474883
          ],
          [
            6.1850577,
            50.7476406
          ],
          [
            6.1848669,
            50.7477341
          ],
          [
            6.184805,
            50.7478036
          ],
          [
            6.1848259,
            50.7479139
          ],
          [
            6.1849181,
            50.7479807
          ],
          [
            6.1850754,
            50.7480253
          ],
          [
            6.1852439,
            50.7480394
          ],
          [
            6.1858102,
            50.748176
          ],
          [
            6.1861098,
            50.7482479
          ],
          [
            6.1863958,
            50.7482748
          ],
          [
            6.1865205,
            50.7483154
          ],
          [
            6.1865399,
            50.7483923
          ],
          [
            6.186478,
            50.7484564
          ],
          [
            6.1863389,
            50.748504
          ],
          [
            6.1862988,
            50.7485648
          ],
          [
            6.1863295,
            50.748637
          ],
          [
            6.1865319,
            50.7487549
          ],
          [
            6.1866372,
            50.7488493
          ],
          [
            6.1869213,
            50.7489193
          ],
          [
            6.1871549,
            50.7489233
          ],
          [
            6.1873639,
            50.7488545
          ],
          [
            6.1878293,
            50.7487148
          ],
          [
            6.1880629,
            50.7486774
          ],
          [
            6.1881823,
            50.7486909
          ],
          [
            6.1883828,
            50.7486833
          ],
          [
            6.1887462,
            50.748643
          ],
          [
            6.1889583,
            50.7486859
          ],
          [
            6.1891488,
            50.7487887
          ],
          [
            6.1891747,
            50.748962
          ],
          [
            6.1892331,
            50.7490289
          ],
          [
            6.1892706,
            50.7490804
          ],
          [
            6.1893799,
            50.7491409
          ],
          [
            6.189456,
            50.7492235
          ],
          [
            6.1895912,
            50.7493208
          ],
          [
            6.1897044,
            50.7493908
          ],
          [
            6.1899066,
            50.7494502
          ],
          [
            6.1900411,
            50.7494621
          ],
          [
            6.1901201,
            50.7494234
          ],
          [
            6.190261,
            50.7493935
          ],
          [
            6.1903037,
            50.7493594
          ],
          [
            6.190372,
            50.749338
          ],
          [
            6.190436,
            50.7493551
          ],
          [
            6.190471,
            50.7493898
          ],
          [
            6.1904767,
            50.7494505
          ],
          [
            6.1903835,
            50.7495813
          ],
          [
            6.190431,
            50.7497208
          ],
          [
            6.1903723,
            50.749917
          ],
          [
            6.1903754,
            50.7499902
          ],
          [
            6.1904057,
            50.7500332
          ],
          [
            6.1904698,
            50.750056
          ],
          [
            6.1905222,
            50.7500542
          ],
          [
            6.1905863,
            50.7500533
          ],
          [
            6.1907616,
            50.7500131
          ],
          [
            6.1908068,
            50.7499593
          ],
          [
            6.1908128,
            50.7498966
          ],
          [
            6.1908569,
            50.7498463
          ],
          [
            6.1909738,
            50.7498244
          ],
          [
            6.1910939,
            50.749837
          ],
          [
            6.191173,
            50.7498911
          ],
          [
            6.1912307,
            50.7500022
          ],
          [
            6.1912588,
            50.7500892
          ],
          [
            6.1912006,
            50.7501869
          ],
          [
            6.1910767,
            50.7502441
          ],
          [
            6.1910149,
            50.7503072
          ],
          [
            6.191047,
            50.7503729
          ],
          [
            6.1911724,
            50.7504384
          ],
          [
            6.1913454,
            50.750503
          ],
          [
            6.1914126,
            50.7505495
          ],
          [
            6.1915222,
            50.7506608
          ],
          [
            6.1916424,
            50.7508393
          ],
          [
            6.1916484,
            50.7509446
          ],
          [
            6.1916685,
            50.7510017
          ],
          [
            6.1917602,
            50.7510606
          ],
          [
            6.1919326,
            50.7511249
          ],
          [
            6.1920707,
            50.751169
          ],
          [
            6.1921788,
            50.751181
          ],
          [
            6.1926577,
            50.7510603
          ],
          [
            6.1927849,
            50.7510666
          ],
          [
            6.193043,
            50.7511366
          ],
          [
            6.1933356,
            50.751228
          ],
          [
            6.1934419,
            50.7513037
          ],
          [
            6.1934493,
            50.7513696
          ],
          [
            6.1934535,
            50.7514507
          ],
          [
            6.1934836,
            50.7515036
          ],
          [
            6.1936367,
            50.7516038
          ],
          [
            6.1937766,
            50.7516159
          ],
          [
            6.193849,
            50.7515857
          ],
          [
            6.1938937,
            50.7515323
          ],
          [
            6.193887,
            50.7514442
          ],
          [
            6.1939009,
            50.7513563
          ],
          [
            6.1939961,
            50.7513181
          ],
          [
            6.1943797,
            50.7512976
          ],
          [
            6.1946168,
            50.7513152
          ],
          [
            6.1947731,
            50.75141
          ],
          [
            6.1948946,
            50.7515635
          ],
          [
            6.1949659,
            50.7516284
          ],
          [
            6.1949945,
            50.7516825
          ],
          [
            6.1949928,
            50.7517716
          ],
          [
            6.1949321,
            50.7518583
          ],
          [
            6.1948417,
            50.7519166
          ],
          [
            6.194803,
            50.7519766
          ],
          [
            6.1948903,
            50.7520422
          ],
          [
            6.1950782,
            50.7520851
          ],
          [
            6.1952419,
            50.7521771
          ],
          [
            6.1953731,
            50.7522234
          ],
          [
            6.1956266,
            50.7522346
          ],
          [
            6.1958974,
            50.7523498
          ],
          [
            6.1959708,
            50.7524342
          ],
          [
            6.1960486,
            50.7524675
          ],
          [
            6.1961751,
            50.7524337
          ],
          [
            6.1963421,
            50.7523007
          ],
          [
            6.1964938,
            50.752258
          ],
          [
            6.1967177,
            50.752236
          ],
          [
            6.1969274,
            50.7522691
          ],
          [
            6.1972473,
            50.7524274
          ],
          [
            6.1974914,
            50.7525225
          ],
          [
            6.1976699,
            50.752647
          ],
          [
            6.1977854,
            50.7527534
          ],
          [
            6.197906,
            50.7529975
          ],
          [
            6.1980238,
            50.7530564
          ],
          [
            6.1982978,
            50.7531409
          ],
          [
            6.1985239,
            50.7531714
          ],
          [
            6.1986847,
            50.7532506
          ],
          [
            6.1989338,
            50.7534482
          ],
          [
            6.1992325,
            50.7536189
          ],
          [
            6.1994462,
            50.7537447
          ],
          [
            6.1995228,
            50.7537897
          ],
          [
            6.1995987,
            50.7539053
          ],
          [
            6.1997163,
            50.7540973
          ],
          [
            6.1998688,
            50.7542266
          ],
          [
            6.2000349,
            50.7543445
          ],
          [
            6.2002587,
            50.7544743
          ],
          [
            6.2005855,
            50.7546095
          ],
          [
            6.201244,
            50.754793
          ],
          [
            6.2013962,
            50.7548672
          ],
          [
            6.2015306,
            50.7549677
          ],
          [
            6.2015838,
            50.7550459
          ],
          [
            6.2016919,
            50.7551189
          ],
          [
            6.2017646,
            50.7551466
          ],
          [
            6.2018978,
            50.7551875
          ],
          [
            6.2019683,
            50.7552017
          ],
          [
            6.2020454,
            50.7552243
          ],
          [
            6.2021342,
            50.7552586
          ],
          [
            6.202228,
            50.755292
          ],
          [
            6.202332,
            50.7553543
          ],
          [
            6.202408,
            50.7553784
          ],
          [
            6.2025107,
            50.7553969
          ],
          [
            6.2026088,
            50.7554037
          ],
          [
            6.2027954,
            50.7554089
          ],
          [
            6.2029166,
            50.7554012
          ],
          [
            6.2030099,
            50.7553995
          ],
          [
            6.2031134,
            50.7554078
          ],
          [
            6.2031791,
            50.7554252
          ],
          [
            6.2032402,
            50.7554485
          ],
          [
            6.2033164,
            50.7555012
          ],
          [
            6.2033949,
            50.755579
          ],
          [
            6.2035293,
            50.7557275
          ],
          [
            6.2035915,
            50.7557974
          ],
          [
            6.2036443,
            50.7558349
          ],
          [
            6.2037406,
            50.7558893
          ],
          [
            6.2040517,
            50.7560534
          ],
          [
            6.2044549,
            50.7563377
          ],
          [
            6.20456,
            50.7564679
          ],
          [
            6.2045696,
            50.7565534
          ],
          [
            6.2045041,
            50.7567848
          ],
          [
            6.2044614,
            50.756969
          ],
          [
            6.2044327,
            50.7571414
          ],
          [
            6.2044694,
            50.7572701
          ],
          [
            6.2045247,
            50.7573693
          ],
          [
            6.2046261,
            50.7575767
          ],
          [
            6.204763,
            50.7577881
          ],
          [
            6.2047778,
            50.7578513
          ],
          [
            6.2047832,
            50.7579005
          ],
          [
            6.2048076,
            50.7580301
          ],
          [
            6.2048367,
            50.758117
          ],
          [
            6.2049021,
            50.7582649
          ],
          [
            6.2049916,
            50.7584098
          ],
          [
            6.2052276,
            50.7587928
          ],
          [
            6.2052646,
            50.7588572
          ],
          [
            6.2052795,
            50.7589235
          ],
          [
            6.2052741,
            50.7590053
          ],
          [
            6.2052702,
            50.7590506
          ],
          [
            6.2052799,
            50.7591151
          ],
          [
            6.2052848,
            50.7592524
          ],
          [
            6.2052474,
            50.7593813
          ],
          [
            6.2051702,
            50.7596025
          ],
          [
            6.2050486,
            50.759969
          ],
          [
            6.2050134,
            50.7601195
          ],
          [
            6.205013,
            50.7602616
          ],
          [
            6.2050393,
            50.760339
          ],
          [
            6.2050708,
            50.760398
          ],
          [
            6.2052603,
            50.7607449
          ],
          [
            6.2053272,
            50.7608041
          ],
          [
            6.2053993,
            50.7608532
          ],
          [
            6.2055197,
            50.760913
          ],
          [
            6.2056918,
            50.7610109
          ],
          [
            6.205796,
            50.7611277
          ],
          [
            6.2060458,
            50.761293
          ],
          [
            6.2061438,
            50.7613474
          ],
          [
            6.2062699,
            50.7614088
          ],
          [
            6.2063853,
            50.7614459
          ],
          [
            6.2064919,
            50.7614633
          ],
          [
            6.2067338,
            50.7616048
          ],
          [
            6.2068822,
            50.7616679
          ],
          [
            6.2070159,
            50.7617084
          ],
          [
            6.2071603,
            50.761737
          ],
          [
            6.2073088,
            50.7617792
          ],
          [
            6.2074975,
            50.7618468
          ],
          [
            6.2078673,
            50.7619633
          ],
          [
            6.2080227,
            50.7619995
          ],
          [
            6.2081808,
            50.7620061
          ],
          [
            6.2088136,
            50.7619632
          ],
          [
            6.208939,
            50.7619692
          ],
          [
            6.2090643,
            50.761999
          ],
          [
            6.2091329,
            50.7620295
          ],
          [
            6.2091706,
            50.762064
          ],
          [
            6.2095917,
            50.7626012
          ],
          [
            6.209791,
            50.7628461
          ],
          [
            6.2099292,
            50.7629588
          ],
          [
            6.2100551,
            50.7630363
          ],
          [
            6.2102379,
            50.7631509
          ],
          [
            6.2103404,
            50.7632064
          ],
          [
            6.2104581,
            50.7632486
          ],
          [
            6.210613,
            50.7633147
          ],
          [
            6.2107533,
            50.7633817
          ],
          [
            6.2108004,
            50.7634156
          ],
          [
            6.2108475,
            50.7634537
          ],
          [
            6.210894,
            50.7635232
          ],
          [
            6.2109009,
            50.7635806
          ],
          [
            6.2108595,
            50.7636527
          ],
          [
            6.2108013,
            50.7637181
          ],
          [
            6.2107207,
            50.7638076
          ],
          [
            6.2104843,
            50.7640212
          ],
          [
            6.2104257,
            50.7640779
          ],
          [
            6.2103626,
            50.7641692
          ],
          [
            6.2102104,
            50.7644164
          ],
          [
            6.2099875,
            50.764565
          ],
          [
            6.2098808,
            50.7646185
          ],
          [
            6.2098239,
            50.7646368
          ],
          [
            6.2097612,
            50.7646477
          ],
          [
            6.2097,
            50.7646512
          ],
          [
            6.2096284,
            50.7646224
          ],
          [
            6.2095524,
            50.7645938
          ],
          [
            6.2094775,
            50.7645512
          ],
          [
            6.2094336,
            50.7645101
          ],
          [
            6.2093409,
            50.7645007
          ],
          [
            6.2092422,
            50.7645153
          ],
          [
            6.2091807,
            50.7645328
          ],
          [
            6.2089933,
            50.7645979
          ],
          [
            6.2087535,
            50.7646638
          ],
          [
            6.2085431,
            50.7647303
          ],
          [
            6.2084373,
            50.7647778
          ],
          [
            6.2083375,
            50.7648716
          ],
          [
            6.2082563,
            50.7649552
          ],
          [
            6.20817,
            50.7650171
          ],
          [
            6.2080535,
            50.7650657
          ],
          [
            6.2079734,
            50.7651098
          ],
          [
            6.2078893,
            50.7651931
          ],
          [
            6.2078873,
            50.7652822
          ],
          [
            6.2079538,
            50.7653775
          ],
          [
            6.2080867,
            50.765436
          ],
          [
            6.2081198,
            50.7654699
          ],
          [
            6.2081285,
            50.7655209
          ],
          [
            6.2080836,
            50.765554
          ],
          [
            6.2080365,
            50.7655797
          ],
          [
            6.2079642,
            50.7655956
          ],
          [
            6.2078989,
            50.7656026
          ],
          [
            6.2077789,
            50.7656022
          ],
          [
            6.2076776,
            50.76559
          ],
          [
            6.2075334,
            50.7655663
          ],
          [
            6.2073926,
            50.7655619
          ],
          [
            6.2073135,
            50.7655817
          ],
          [
            6.2072285,
            50.7656198
          ],
          [
            6.2071553,
            50.7656621
          ],
          [
            6.2070681,
            50.7657
          ],
          [
            6.2069552,
            50.7657204
          ],
          [
            6.2068446,
            50.7657172
          ],
          [
            6.2066566,
            50.7656938
          ],
          [
            6.2061562,
            50.7655802
          ],
          [
            6.2058978,
            50.7655263
          ],
          [
            6.2056348,
            50.765471
          ],
          [
            6.2054014,
            50.7654216
          ],
          [
            6.2051703,
            50.7653721
          ],
          [
            6.2050347,
            50.7653742
          ],
          [
            6.2049098,
            50.7653909
          ],
          [
            6.204719,
            50.7654624
          ],
          [
            6.2045495,
            50.7655317
          ],
          [
            6.2044678,
            50.7655818
          ],
          [
            6.204436,
            50.7656554
          ],
          [
            6.2044622,
            50.765716
          ],
          [
            6.2045144,
            50.7658076
          ],
          [
            6.2045495,
            50.7658838
          ],
          [
            6.2045382,
            50.7659645
          ],
          [
            6.2044902,
            50.7660351
          ],
          [
            6.2044116,
            50.7660678
          ],
          [
            6.204308,
            50.7660836
          ],
          [
            6.2042587,
            50.7661357
          ],
          [
            6.2041613,
            50.7662159
          ],
          [
            6.2040897,
            50.7663176
          ],
          [
            6.2039772,
            50.7664812
          ],
          [
            6.2039423,
            50.7665966
          ],
          [
            6.2039053,
            50.7666713
          ],
          [
            6.2038601,
            50.7667322
          ],
          [
            6.2037491,
            50.7668551
          ],
          [
            6.2036811,
            50.7669607
          ],
          [
            6.2036398,
            50.7670212
          ],
          [
            6.2035583,
            50.7670783
          ],
          [
            6.2034182,
            50.7670896
          ],
          [
            6.2032831,
            50.7670594
          ],
          [
            6.2029381,
            50.7669639
          ],
          [
            6.2027711,
            50.7669201
          ],
          [
            6.2025829,
            50.7668897
          ],
          [
            6.2023558,
            50.7669168
          ],
          [
            6.2021132,
            50.7669564
          ],
          [
            6.2015719,
            50.7669782
          ],
          [
            6.2014568,
            50.7669572
          ],
          [
            6.2012648,
            50.76684
          ],
          [
            6.2009044,
            50.7666998
          ],
          [
            6.2007203,
            50.7666901
          ],
          [
            6.200568,
            50.7667338
          ],
          [
            6.2004619,
            50.76684
          ],
          [
            6.2003857,
            50.7669083
          ],
          [
            6.2002911,
            50.766992
          ],
          [
            6.2001176,
            50.767074
          ],
          [
            6.2000498,
            50.7671148
          ],
          [
            6.200014,
            50.7671556
          ],
          [
            6.1999938,
            50.7672224
          ],
          [
            6.2000412,
            50.7672645
          ],
          [
            6.2000928,
            50.7673034
          ],
          [
            6.2001016,
            50.7673829
          ],
          [
            6.2000388,
            50.767493
          ],
          [
            6.199906,
            50.7676011
          ],
          [
            6.1997913,
            50.7677043
          ],
          [
            6.1997083,
            50.7677584
          ],
          [
            6.1996254,
            50.7677867
          ],
          [
            6.1995251,
            50.7678002
          ],
          [
            6.1994208,
            50.7677969
          ],
          [
            6.1992824,
            50.7677582
          ],
          [
            6.1991562,
            50.7677118
          ],
          [
            6.1990447,
            50.7676908
          ],
          [
            6.1989044,
            50.7677229
          ],
          [
            6.1986622,
            50.7678463
          ],
          [
            6.1985227,
            50.76793
          ],
          [
            6.1984036,
            50.7679748
          ],
          [
            6.1981432,
            50.7680802
          ],
          [
            6.1980954,
            50.7681686
          ],
          [
            6.1980523,
            50.768263
          ],
          [
            6.1980192,
            50.7684523
          ],
          [
            6.1980094,
            50.7685903
          ],
          [
            6.1980811,
            50.7687064
          ],
          [
            6.1982802,
            50.7688826
          ],
          [
            6.1984328,
            50.7690236
          ],
          [
            6.1984864,
            50.7690917
          ],
          [
            6.1984778,
            50.7691765
          ],
          [
            6.1984644,
            50.7692702
          ],
          [
            6.1983895,
            50.7694147
          ],
          [
            6.1983077,
            50.7695013
          ],
          [
            6.1981831,
            50.7695354
          ],
          [
            6.198068,
            50.7695486
          ],
          [
            6.1978352,
            50.7695645
          ],
          [
            6.1977808,
            50.7695755
          ],
          [
            6.1974053,
            50.7696862
          ],
          [
            6.1972193,
            50.7697978
          ],
          [
            6.1970705,
            50.7699714
          ],
          [
            6.1970705,
            50.770114
          ],
          [
            6.1971399,
            50.7702151
          ],
          [
            6.1971595,
            50.7702634
          ],
          [
            6.1971511,
            50.7703559
          ],
          [
            6.1971511,
            50.7704923
          ],
          [
            6.1971511,
            50.7706473
          ],
          [
            6.1971263,
            50.7707465
          ],
          [
            6.197103,
            50.7708214
          ],
          [
            6.1971355,
            50.7708876
          ],
          [
            6.1971707,
            50.7709242
          ],
          [
            6.1972642,
            50.7709512
          ],
          [
            6.1974083,
            50.7709485
          ],
          [
            6.1975478,
            50.7709795
          ],
          [
            6.1976828,
            50.7710223
          ],
          [
            6.1977773,
            50.7711061
          ],
          [
            6.1977656,
            50.7711932
          ],
          [
            6.1977031,
            50.7712519
          ],
          [
            6.1976545,
            50.7713118
          ],
          [
            6.1976099,
            50.7714022
          ],
          [
            6.1975975,
            50.7714596
          ],
          [
            6.1976161,
            50.7715898
          ],
          [
            6.1976719,
            50.7717324
          ],
          [
            6.1976787,
            50.7718199
          ],
          [
            6.197693,
            50.7718495
          ],
          [
            6.1977112,
            50.77187
          ],
          [
            6.1977309,
            50.7718819
          ],
          [
            6.1977649,
            50.7719467
          ],
          [
            6.1977867,
            50.7720183
          ],
          [
            6.1979822,
            50.7723756
          ],
          [
            6.1980862,
            50.7726213
          ],
          [
            6.1981681,
            50.7727667
          ],
          [
            6.1982827,
            50.772904
          ],
          [
            6.1983447,
            50.7729669
          ],
          [
            6.1984583,
            50.7731067
          ],
          [
            6.1985718,
            50.7732513
          ],
          [
            6.198647,
            50.7733193
          ],
          [
            6.1987198,
            50.7733756
          ],
          [
            6.1988271,
            50.7734594
          ],
          [
            6.198906,
            50.7735079
          ],
          [
            6.1989872,
            50.773552
          ],
          [
            6.1990942,
            50.7735989
          ],
          [
            6.1992081,
            50.7736343
          ],
          [
            6.1993073,
            50.7736613
          ],
          [
            6.1994122,
            50.7736935
          ],
          [
            6.1994871,
            50.7737477
          ],
          [
            6.1995326,
            50.7737995
          ],
          [
            6.1995505,
            50.773844
          ],
          [
            6.1995681,
            50.7739307
          ],
          [
            6.1996067,
            50.7739995
          ],
          [
            6.1996594,
            50.77406
          ],
          [
            6.1996959,
            50.7741017
          ],
          [
            6.1998068,
            50.7742284
          ],
          [
            6.1998514,
            50.7743178
          ],
          [
            6.1998672,
            50.7743578
          ],
          [
            6.1998715,
            50.7743933
          ],
          [
            6.19987,
            50.7744173
          ],
          [
            6.199864,
            50.7744384
          ],
          [
            6.1998447,
            50.7744632
          ],
          [
            6.1998139,
            50.7744838
          ],
          [
            6.1997682,
            50.7745079
          ],
          [
            6.1997501,
            50.7745233
          ],
          [
            6.1997299,
            50.7745419
          ],
          [
            6.1997154,
            50.7745655
          ],
          [
            6.1997088,
            50.7745942
          ],
          [
            6.199708,
            50.7746352
          ],
          [
            6.1997184,
            50.7747457
          ],
          [
            6.1997323,
            50.7748492
          ],
          [
            6.199768,
            50.77492
          ],
          [
            6.1997981,
            50.7749658
          ],
          [
            6.1998501,
            50.7750422
          ],
          [
            6.1999182,
            50.7751114
          ],
          [
            6.2000176,
            50.775193
          ],
          [
            6.2001325,
            50.7752237
          ],
          [
            6.2002021,
            50.7752235
          ],
          [
            6.2002649,
            50.7752088
          ],
          [
            6.200341,
            50.7751808
          ],
          [
            6.200394,
            50.7751427
          ],
          [
            6.2004183,
            50.7750822
          ],
          [
            6.200423,
            50.7750377
          ],
          [
            6.200453,
            50.775002
          ],
          [
            6.200512,
            50.7749675
          ],
          [
            6.2005986,
            50.7749505
          ],
          [
            6.2006858,
            50.7749547
          ],
          [
            6.2008201,
            50.7749777
          ],
          [
            6.2009983,
            50.7750018
          ],
          [
            6.2011519,
            50.7750305
          ],
          [
            6.2012667,
            50.7750692
          ],
          [
            6.2013236,
            50.7751014
          ],
          [
            6.2013638,
            50.7751556
          ],
          [
            6.2013661,
            50.7752069
          ],
          [
            6.2013356,
            50.77528
          ],
          [
            6.2013471,
            50.7753601
          ],
          [
            6.2013402,
            50.7754256
          ],
          [
            6.201308,
            50.7754679
          ],
          [
            6.2012385,
            50.7755969
          ],
          [
            6.2011817,
            50.775735
          ],
          [
            6.2011775,
            50.775831
          ],
          [
            6.201204,
            50.7758769
          ],
          [
            6.2012759,
            50.7759172
          ],
          [
            6.2013348,
            50.7759512
          ],
          [
            6.2013642,
            50.7759762
          ],
          [
            6.2013799,
            50.7760012
          ],
          [
            6.2014182,
            50.7760667
          ],
          [
            6.201461,
            50.7761032
          ],
          [
            6.2015946,
            50.7761963
          ],
          [
            6.2017085,
            50.7762588
          ],
          [
            6.2017516,
            50.7762901
          ],
          [
            6.2017948,
            50.7763352
          ],
          [
            6.2018171,
            50.7763791
          ],
          [
            6.2018269,
            50.7764506
          ],
          [
            6.2018186,
            50.7765093
          ],
          [
            6.2017989,
            50.776568
          ],
          [
            6.2017479,
            50.7766183
          ],
          [
            6.2016831,
            50.7766468
          ],
          [
            6.2015557,
            50.7766799
          ],
          [
            6.2014329,
            50.7766867
          ],
          [
            6.2013177,
            50.7767063
          ],
          [
            6.2012509,
            50.7767365
          ],
          [
            6.2012082,
            50.7767661
          ],
          [
            6.2011575,
            50.7768399
          ],
          [
            6.2011259,
            50.7768855
          ],
          [
            6.2011309,
            50.7769297
          ],
          [
            6.2012037,
            50.7769822
          ],
          [
            6.2012903,
            50.7770172
          ],
          [
            6.2014621,
            50.7770487
          ],
          [
            6.201541,
            50.7770518
          ],
          [
            6.2016199,
            50.7770521
          ],
          [
            6.2016652,
            50.7770264
          ],
          [
            6.2017022,
            50.7770083
          ],
          [
            6.2017517,
            50.7770065
          ],
          [
            6.2018011,
            50.777025
          ],
          [
            6.2018725,
            50.7770494
          ],
          [
            6.2019438,
            50.7770578
          ],
          [
            6.2020802,
            50.7770375
          ],
          [
            6.2021896,
            50.7770356
          ],
          [
            6.2022676,
            50.7770477
          ],
          [
            6.2023122,
            50.7770871
          ],
          [
            6.2023494,
            50.7771438
          ],
          [
            6.2023339,
            50.7772042
          ],
          [
            6.2022754,
            50.7773145
          ],
          [
            6.202271,
            50.7773786
          ],
          [
            6.2023009,
            50.7774246
          ],
          [
            6.2023582,
            50.7774985
          ],
          [
            6.202443,
            50.7775602
          ],
          [
            6.2025194,
            50.7775952
          ],
          [
            6.2025957,
            50.7776168
          ],
          [
            6.2026845,
            50.7776089
          ],
          [
            6.2027581,
            50.7775759
          ],
          [
            6.2028543,
            50.7775395
          ],
          [
            6.2029245,
            50.7775195
          ],
          [
            6.2030211,
            50.7775243
          ],
          [
            6.2030583,
            50.7775436
          ],
          [
            6.2031069,
            50.7775727
          ],
          [
            6.2031219,
            50.7776017
          ],
          [
            6.2031185,
            50.777649
          ],
          [
            6.2030938,
            50.7776944
          ],
          [
            6.2030568,
            50.7777367
          ],
          [
            6.2030168,
            50.7777733
          ],
          [
            6.2029904,
            50.7778195
          ],
          [
            6.2029616,
            50.7778605
          ],
          [
            6.202948,
            50.7779016
          ],
          [
            6.2029205,
            50.7779994
          ],
          [
            6.2029188,
            50.7780607
          ],
          [
            6.2029304,
            50.7781098
          ],
          [
            6.2029593,
            50.7781597
          ],
          [
            6.2030024,
            50.7782035
          ],
          [
            6.2030401,
            50.7782261
          ],
          [
            6.2031141,
            50.7782301
          ],
          [
            6.2031896,
            50.7782254
          ],
          [
            6.2033254,
            50.7781987
          ],
          [
            6.2034203,
            50.7781538
          ],
          [
            6.2035,
            50.7781031
          ],
          [
            6.2036503,
            50.7780027
          ],
          [
            6.2038619,
            50.777893
          ],
          [
            6.2041344,
            50.7777949
          ],
          [
            6.2044429,
            50.7777754
          ],
          [
            6.2045721,
            50.7777418
          ],
          [
            6.2047853,
            50.7776647
          ],
          [
            6.204934,
            50.7776477
          ],
          [
            6.2050507,
            50.7776535
          ],
          [
            6.2051302,
            50.7776405
          ],
          [
            6.2051885,
            50.7776224
          ],
          [
            6.2053056,
            50.7776275
          ],
          [
            6.2053972,
            50.7776593
          ],
          [
            6.205465,
            50.7776911
          ],
          [
            6.205649,
            50.7777535
          ],
          [
            6.2058071,
            50.7777839
          ],
          [
            6.2059134,
            50.7778028
          ],
          [
            6.2060072,
            50.7778238
          ],
          [
            6.2060767,
            50.7778323
          ],
          [
            6.2061882,
            50.7778396
          ],
          [
            6.2062601,
            50.7778564
          ],
          [
            6.2063319,
            50.777879
          ],
          [
            6.2063916,
            50.7778976
          ],
          [
            6.2064392,
            50.7779201
          ],
          [
            6.2065012,
            50.7779513
          ],
          [
            6.2065479,
            50.7779921
          ],
          [
            6.2065892,
            50.7780554
          ],
          [
            6.2066275,
            50.7781263
          ],
          [
            6.2066006,
            50.778418
          ],
          [
            6.2065521,
            50.7787333
          ],
          [
            6.2065717,
            50.7788831
          ],
          [
            6.2066172,
            50.778975
          ],
          [
            6.2066876,
            50.7790576
          ],
          [
            6.2067687,
            50.7791267
          ],
          [
            6.2068422,
            50.7792005
          ],
          [
            6.2068899,
            50.7792619
          ],
          [
            6.206907,
            50.7792893
          ],
          [
            6.2069598,
            50.7793638
          ],
          [
            6.2070228,
            50.7794434
          ],
          [
            6.2071192,
            50.7795027
          ],
          [
            6.207248,
            50.7795434
          ],
          [
            6.20732,
            50.7795656
          ],
          [
            6.2074392,
            50.7795763
          ],
          [
            6.2076435,
            50.7795706
          ],
          [
            6.2078254,
            50.7795731
          ],
          [
            6.2079933,
            50.7795788
          ],
          [
            6.2081267,
            50.7796162
          ],
          [
            6.2083092,
            50.7797268
          ],
          [
            6.208331,
            50.7797798
          ],
          [
            6.2082756,
            50.7800651
          ],
          [
            6.2083474,
            50.7802395
          ],
          [
            6.2085534,
            50.7804165
          ],
          [
            6.2086761,
            50.7805453
          ],
          [
            6.2087302,
            50.7806423
          ],
          [
            6.2088813,
            50.7806965
          ],
          [
            6.2090497,
            50.7808361
          ],
          [
            6.2091271,
            50.7810196
          ],
          [
            6.2091557,
            50.7811311
          ],
          [
            6.209236,
            50.7812423
          ],
          [
            6.2094352,
            50.7813527
          ],
          [
            6.2095945,
            50.7814947
          ],
          [
            6.2096639,
            50.7816106
          ],
          [
            6.2096973,
            50.781756
          ],
          [
            6.2098366,
            50.781942
          ],
          [
            6.2099783,
            50.7820953
          ],
          [
            6.2101163,
            50.7821982
          ],
          [
            6.2105523,
            50.7823239
          ],
          [
            6.2109119,
            50.7824401
          ],
          [
            6.2111114,
            50.7824783
          ],
          [
            6.2112914,
            50.7825437
          ],
          [
            6.2113126,
            50.7826446
          ],
          [
            6.2113083,
            50.7827364
          ],
          [
            6.2112208,
            50.7828196
          ],
          [
            6.211107,
            50.7829202
          ],
          [
            6.2110501,
            50.7829989
          ],
          [
            6.2110895,
            50.7830908
          ],
          [
            6.2112076,
            50.7831302
          ],
          [
            6.2113914,
            50.7831302
          ],
          [
            6.2116801,
            50.7831258
          ],
          [
            6.2119552,
            50.7831545
          ],
          [
            6.2122401,
            50.7831564
          ],
          [
            6.2123626,
            50.7832002
          ],
          [
            6.212472,
            50.7832964
          ],
          [
            6.2127056,
            50.7835134
          ],
          [
            6.2128253,
            50.7836079
          ],
          [
            6.2128505,
            50.7837591
          ],
          [
            6.212693,
            50.7838221
          ],
          [
            6.212567,
            50.7838851
          ],
          [
            6.212567,
            50.78403
          ],
          [
            6.2126993,
            50.7842127
          ],
          [
            6.2129198,
            50.7843387
          ],
          [
            6.2130899,
            50.7844395
          ],
          [
            6.2133532,
            50.7846801
          ],
          [
            6.2135387,
            50.7847487
          ],
          [
            6.2138411,
            50.7848334
          ],
          [
            6.2142604,
            50.7848092
          ],
          [
            6.214712,
            50.7847406
          ],
          [
            6.2150829,
            50.7847567
          ],
          [
            6.2155143,
            50.7848132
          ],
          [
            6.2160003,
            50.7849978
          ],
          [
            6.2163615,
            50.7852965
          ],
          [
            6.2166469,
            50.7856711
          ],
          [
            6.2167651,
            50.7858913
          ],
          [
            6.2169218,
            50.7861645
          ],
          [
            6.2170768,
            50.7864384
          ],
          [
            6.2170927,
            50.7866449
          ],
          [
            6.2169722,
            50.7868284
          ],
          [
            6.2167601,
            50.7870104
          ],
          [
            6.2165926,
            50.7871399
          ],
          [
            6.2163902,
            50.7872851
          ],
          [
            6.2162493,
            50.7875468
          ],
          [
            6.2161456,
            50.7879993
          ],
          [
            6.2162982,
            50.7885376
          ],
          [
            6.2164461,
            50.7887645
          ],
          [
            6.2168385,
            50.7891057
          ],
          [
            6.2169894,
            50.7891978
          ],
          [
            6.2171529,
            50.7892148
          ],
          [
            6.2173107,
            50.7892017
          ],
          [
            6.2175474,
            50.7891458
          ],
          [
            6.2176559,
            50.7891096
          ],
          [
            6.2177874,
            50.7891031
          ],
          [
            6.2179616,
            50.7891491
          ],
          [
            6.2188295,
            50.7897606
          ],
          [
            6.2192668,
            50.7900071
          ],
          [
            6.2201536,
            50.7901857
          ],
          [
            6.2208534,
            50.7902654
          ],
          [
            6.2215256,
            50.7904386
          ],
          [
            6.221768,
            50.7904952
          ],
          [
            6.2222738,
            50.7906742
          ],
          [
            6.2228073,
            50.7909722
          ],
          [
            6.2232646,
            50.7914087
          ],
          [
            6.2237496,
            50.7920254
          ],
          [
            6.2241376,
            50.7924411
          ],
          [
            6.2248582,
            50.7928152
          ],
          [
            6.2250245,
            50.7929885
          ],
          [
            6.2252393,
            50.7930231
          ],
          [
            6.2254264,
            50.7931963
          ],
          [
            6.2259183,
            50.7934527
          ],
          [
            6.2264034,
            50.7938684
          ],
          [
            6.2267423,
            50.7941009
          ],
          [
            6.2269357,
            50.7942148
          ],
          [
            6.2270991,
            50.7942799
          ],
          [
            6.2273051,
            50.794324
          ],
          [
            6.2278238,
            50.7944019
          ],
          [
            6.2282617,
            50.7945555
          ],
          [
            6.2284773,
            50.7946255
          ],
          [
            6.2286144,
            50.794673
          ]
        ]
      }
    },
    {
      "type": "Feature",
      "properties": {
        "name": "Inde",
        "type": "Fluss"
      },
      "geometry": {
        "type": "LineString",
        "coordinates": [
          [
            6.2286144,
            50.794673
          ],
          [
            6.2285303,
            50.7948103
          ],
          [
            6.2285375,
            50.7949366
          ],
          [
            6.2285577,
            50.7951879
          ],
          [
            6.228571,
            50.7952988
          ],
          [
            6.2285934,
            50.795348
          ],
          [
            6.2285998,
            50.7954595
          ],
          [
            6.2286109,
            50.7955072
          ],
          [
            6.2286083,
            50.795642
          ],
          [
            6.228625,
            50.7956744
          ],
          [
            6.2286489,
            50.7957541
          ],
          [
            6.228671,
            50.7958003
          ],
          [
            6.2286884,
            50.7958692
          ],
          [
            6.2287244,
            50.7960862
          ],
          [
            6.2287684,
            50.7962035
          ],
          [
            6.2288527,
            50.7964104
          ],
          [
            6.2288395,
            50.7965782
          ],
          [
            6.2288888,
            50.7967653
          ],
          [
            6.2290534,
            50.7971804
          ],
          [
            6.2293496,
            50.7974624
          ],
          [
            6.2296167,
            50.7976307
          ],
          [
            6.2298793,
            50.7977513
          ],
          [
            6.230246,
            50.7979433
          ],
          [
            6.2304205,
            50.7980512
          ],
          [
            6.2308426,
            50.7982667
          ],
          [
            6.2311848,
            50.7984623
          ],
          [
            6.2320549,
            50.7987826
          ],
          [
            6.2322775,
            50.7989923
          ],
          [
            6.2324086,
            50.7991213
          ],
          [
            6.2324794,
            50.7992695
          ],
          [
            6.2324033,
            50.7993787
          ],
          [
            6.2321086,
            50.7994542
          ],
          [
            6.2317271,
            50.7994575
          ],
          [
            6.2310562,
            50.7995468
          ],
          [
            6.2308044,
            50.7996542
          ],
          [
            6.2306969,
            50.7997955
          ],
          [
            6.2306693,
            50.799946
          ],
          [
            6.2307215,
            50.8001057
          ],
          [
            6.2311392,
            50.8003636
          ],
          [
            6.2314401,
            50.8004926
          ],
          [
            6.2319423,
            50.8006023
          ],
          [
            6.2324167,
            50.8007598
          ],
          [
            6.2327668,
            50.8009471
          ],
          [
            6.2331322,
            50.8010884
          ],
          [
            6.2336859,
            50.801315
          ],
          [
            6.2342824,
            50.8014973
          ],
          [
            6.2348624,
            50.8016078
          ],
          [
            6.2355141,
            50.8017182
          ],
          [
            6.2362266,
            50.8017845
          ],
          [
            6.2369391,
            50.8018729
          ],
          [
            6.2374362,
            50.8019557
          ],
          [
            6.2379996,
            50.8021325
          ],
          [
            6.2383573,
            50.802271
          ],
          [
            6.2386514,
            50.8024435
          ],
          [
            6.2388165,
            50.8026241
          ],
          [
            6.2388892,
            50.8027743
          ],
          [
            6.2390166,
            50.8031243
          ],
          [
            6.2390998,
            50.8034209
          ],
          [
            6.2391213,
            50.8036617
          ],
          [
            6.2391078,
            50.8039142
          ],
          [
            6.2391973,
            50.8042762
          ],
          [
            6.2394143,
            50.8046096
          ],
          [
            6.2395782,
            50.8047416
          ],
          [
            6.2396617,
            50.8047846
          ],
          [
            6.2404358,
            50.8051758
          ],
          [
            6.2407255,
            50.8053634
          ],
          [
            6.2409462,
            50.8055942
          ],
          [
            6.2410628,
            50.8057828
          ],
          [
            6.2412501,
            50.8061796
          ],
          [
            6.2414273,
            50.8069477
          ],
          [
            6.2414438,
            50.8071616
          ],
          [
            6.2414132,
            50.8073133
          ],
          [
            6.2413346,
            50.8075137
          ],
          [
            6.2411066,
            50.807821
          ],
          [
            6.2410461,
            50.8080064
          ],
          [
            6.2410604,
            50.8085341
          ],
          [
            6.2410386,
            50.8087641
          ],
          [
            6.2410359,
            50.8090261
          ],
          [
            6.241031,
            50.8093233
          ],
          [
            6.240916,
            50.8096929
          ],
          [
            6.2406758,
            50.81019
          ],
          [
            6.2404484,
            50.810504
          ],
          [
            6.2400447,
            50.8108764
          ],
          [
            6.2397831,
            50.8110691
          ],
          [
            6.2392878,
            50.8112686
          ],
          [
            6.2390395,
            50.8113473
          ],
          [
            6.2388233,
            50.8114485
          ],
          [
            6.2385684,
            50.8116276
          ],
          [
            6.2385286,
            50.8117214
          ],
          [
            6.2385242,
            50.8118769
          ],
          [
            6.2384975,
            50.8120032
          ],
          [
            6.2385161,
            50.8121016
          ],
          [
            6.2385633,
            50.8123205
          ],
          [
            6.2386227,
            50.8125003
          ],
          [
            6.238691,
            50.8127073
          ],
          [
            6.2388247,
            50.8128633
          ],
          [
            6.2389207,
            50.813013
          ],
          [
            6.238976,
            50.813133
          ],
          [
            6.2390005,
            50.8132259
          ],
          [
            6.2391569,
            50.814042
          ],
          [
            6.2392547,
            50.8145677
          ],
          [
            6.2393535,
            50.8150154
          ],
          [
            6.2398361,
            50.8164022
          ],
          [
            6.2398947,
            50.8167687
          ],
          [
            6.2400365,
            50.816925
          ],
          [
            6.2401049,
            50.8172085
          ],
          [
            6.2398911,
            50.8176967
          ],
          [
            6.2398535,
            50.8178688
          ],
          [
            6.2398415,
            50.8181465
          ],
          [
            6.2399262,
            50.8186569
          ],
          [
            6.240007,
            50.818943
          ],
          [
            6.240345,
            50.8192172
          ],
          [
            6.2414872,
            50.8195918
          ],
          [
            6.2424466,
            50.8199299
          ],
          [
            6.2431501,
            50.8202862
          ],
          [
            6.2435613,
            50.8204872
          ],
          [
            6.2437989,
            50.8206426
          ],
          [
            6.2440818,
            50.8207233
          ],
          [
            6.2444034,
            50.8206999
          ],
          [
            6.2447758,
            50.8206082
          ],
          [
            6.2454153,
            50.8205483
          ],
          [
            6.2456452,
            50.820522
          ],
          [
            6.2467159,
            50.8203591
          ],
          [
            6.2471829,
            50.8203909
          ],
          [
            6.2474606,
            50.8204347
          ],
          [
            6.2483821,
            50.8206893
          ],
          [
            6.2495531,
            50.8209658
          ],
          [
            6.250319,
            50.8211932
          ],
          [
            6.2507432,
            50.8213231
          ],
          [
            6.2514511,
            50.8216854
          ],
          [
            6.2517771,
            50.8218028
          ],
          [
            6.2520136,
            50.8218772
          ],
          [
            6.2522723,
            50.8219236
          ],
          [
            6.2525487,
            50.8219454
          ],
          [
            6.2528713,
            50.8219492
          ],
          [
            6.2533397,
            50.8219126
          ],
          [
            6.2551279,
            50.8216838
          ],
          [
            6.2556806,
            50.8215651
          ],
          [
            6.2563131,
            50.8214341
          ],
          [
            6.2567594,
            50.8213264
          ]
        ]
      }
    },
    {
      "type": "Feature",
      "properties": {
        "name": "Inde",
        "type": "Fluss"
      },
      "geometry": {
        "type": "LineString",
        "coordinates": [
          [
            6.2567594,
            50.8213264
          ],
          [
            6.257135,
            50.8212088
          ]
        ]
      }
    },
    {
      "type": "Feature",
      "properties": {
        "name": "Inde",
        "type": "Fluss"
      },
      "geometry": {
        "type": "LineString",
        "coordinates": [
          [
            6.3565005,
            50.8518989
          ],
          [
            6.356331,
            50.8520754
          ],
          [
            6.3560295,
            50.8522403
          ],
          [
            6.3558594,
            50.8522952
          ],
          [
            6.3557523,
            50.8523214
          ],
          [
            6.355623,
            50.852345
          ],
          [
            6.3553143,
            50.8523844
          ],
          [
            6.3552004,
            50.8523912
          ],
          [
            6.3551006,
            50.8523884
          ],
          [
            6.3546373,
            50.852353
          ],
          [
            6.3542921,
            50.8523283
          ],
          [
            6.3541623,
            50.8523213
          ],
          [
            6.3540304,
            50.8523194
          ],
          [
            6.3538721,
            50.8523396
          ],
          [
            6.3532012,
            50.8524977
          ],
          [
            6.3528333,
            50.8525708
          ],
          [
            6.3521044,
            50.8526521
          ],
          [
            6.3517707,
            50.8526952
          ],
          [
            6.3515438,
            50.8527464
          ],
          [
            6.3513692,
            50.8527874
          ],
          [
            6.3509985,
            50.8528797
          ],
          [
            6.3506619,
            50.8529415
          ],
          [
            6.3503243,
            50.8529892
          ],
          [
            6.3500376,
            50.8530212
          ],
          [
            6.3498058,
            50.8530398
          ],
          [
            6.3495539,
            50.8530399
          ],
          [
            6.3492892,
            50.853031
          ],
          [
            6.3488797,
            50.8530163
          ],
          [
            6.3485788,
            50.8529928
          ],
          [
            6.3483262,
            50.8529934
          ],
          [
            6.3476376,
            50.8530417
          ],
          [
            6.3473856,
            50.8530721
          ],
          [
            6.3471452,
            50.8531011
          ],
          [
            6.3467782,
            50.8530538
          ],
          [
            6.3464427,
            50.853034
          ],
          [
            6.3460323,
            50.8531133
          ],
          [
            6.3455567,
            50.8532611
          ],
          [
            6.3452694,
            50.8533266
          ],
          [
            6.3449899,
            50.8533699
          ],
          [
            6.3448464,
            50.8534102
          ],
          [
            6.344614,
            50.8534214
          ],
          [
            6.3443631,
            50.8533923
          ],
          [
            6.3441807,
            50.8533038
          ],
          [
            6.3437824,
            50.853255
          ],
          [
            6.3433792,
            50.8532337
          ],
          [
            6.3430895,
            50.8532855
          ],
          [
            6.3428047,
            50.8533647
          ],
          [
            6.3422567,
            50.8535202
          ],
          [
            6.3417425,
            50.8537229
          ],
          [
            6.3410703,
            50.8540963
          ],
          [
            6.3409603,
            50.8541328
          ],
          [
            6.3408396,
            50.8541588
          ],
          [
            6.3403436,
            50.8542346
          ],
          [
            6.3401522,
            50.8542481
          ],
          [
            6.3400153,
            50.8542344
          ],
          [
            6.3398666,
            50.8541984
          ],
          [
            6.3396398,
            50.854179
          ],
          [
            6.3394625,
            50.8541937
          ],
          [
            6.3392888,
            50.8542186
          ],
          [
            6.3386772,
            50.85442
          ],
          [
            6.3385418,
            50.8544613
          ],
          [
            6.338394,
            50.8544936
          ],
          [
            6.3382686,
            50.8545154
          ],
          [
            6.3380948,
            50.8545309
          ],
          [
            6.337921,
            50.8545413
          ],
          [
            6.3377575,
            50.8545469
          ],
          [
            6.33759,
            50.8545473
          ],
          [
            6.3374683,
            50.8545422
          ],
          [
            6.3372596,
            50.854528
          ],
          [
            6.3371659,
            50.8545282
          ],
          [
            6.3370946,
            50.8545372
          ],
          [
            6.3370302,
            50.8545535
          ],
          [
            6.3369191,
            50.854584
          ],
          [
            6.336306,
            50.8548077
          ],
          [
            6.3361684,
            50.8548479
          ],
          [
            6.3360034,
            50.8548882
          ],
          [
            6.3357925,
            50.8548936
          ],
          [
            6.3355783,
            50.8548828
          ],
          [
            6.3349228,
            50.8547427
          ],
          [
            6.3345513,
            50.8547045
          ],
          [
            6.3342345,
            50.854677
          ],
          [
            6.3340614,
            50.8546428
          ],
          [
            6.3338883,
            50.8546053
          ],
          [
            6.3337206,
            50.8545552
          ],
          [
            6.3335374,
            50.85449
          ],
          [
            6.333272,
            50.8543464
          ],
          [
            6.333015,
            50.8541985
          ],
          [
            6.3329259,
            50.8541598
          ],
          [
            6.3328126,
            50.8541232
          ],
          [
            6.3326101,
            50.8540839
          ],
          [
            6.3324509,
            50.8540708
          ],
          [
            6.3318313,
            50.8540606
          ],
          [
            6.3313243,
            50.8541724
          ],
          [
            6.3309781,
            50.8542075
          ],
          [
            6.3308202,
            50.8542223
          ],
          [
            6.3306692,
            50.854222
          ],
          [
            6.3304852,
            50.8542152
          ],
          [
            6.3303114,
            50.8541867
          ],
          [
            6.3299856,
            50.8541188
          ],
          [
            6.3296769,
            50.8540683
          ],
          [
            6.3295554,
            50.8540574
          ],
          [
            6.3294339,
            50.8540552
          ],
          [
            6.3291007,
            50.8540735
          ],
          [
            6.3288311,
            50.8541041
          ],
          [
            6.3286317,
            50.8541573
          ],
          [
            6.3275891,
            50.8546
          ],
          [
            6.3274197,
            50.8546553
          ],
          [
            6.3272564,
            50.8546922
          ],
          [
            6.3269373,
            50.8547535
          ],
          [
            6.3267409,
            50.8547989
          ],
          [
            6.3265176,
            50.8548773
          ],
          [
            6.3263918,
            50.8549378
          ],
          [
            6.3261222,
            50.8551548
          ],
          [
            6.3258821,
            50.8554154
          ],
          [
            6.3257499,
            50.8555867
          ],
          [
            6.3256783,
            50.8556625
          ],
          [
            6.3254982,
            50.8557991
          ],
          [
            6.3252758,
            50.8559663
          ],
          [
            6.3245569,
            50.8565449
          ],
          [
            6.3243069,
            50.8567049
          ],
          [
            6.3241637,
            50.8567773
          ],
          [
            6.32396,
            50.8568592
          ],
          [
            6.3231984,
            50.8570629
          ],
          [
            6.3227709,
            50.8572144
          ],
          [
            6.3224051,
            50.857342
          ],
          [
            6.3220305,
            50.8574691
          ],
          [
            6.3216239,
            50.8575549
          ],
          [
            6.32119,
            50.8576486
          ],
          [
            6.3208129,
            50.8577293
          ],
          [
            6.3204234,
            50.8578649
          ],
          [
            6.3201199,
            50.8580223
          ],
          [
            6.319851,
            50.8582139
          ],
          [
            6.3195731,
            50.8584904
          ],
          [
            6.3193831,
            50.85881
          ],
          [
            6.3192602,
            50.8593264
          ],
          [
            6.3192437,
            50.8595516
          ],
          [
            6.3192128,
            50.8597151
          ],
          [
            6.3191088,
            50.8598355
          ],
          [
            6.3188822,
            50.859946
          ],
          [
            6.3188022,
            50.8599813
          ],
          [
            6.3186985,
            50.8600072
          ],
          [
            6.3186038,
            50.8600441
          ],
          [
            6.3185303,
            50.8600962
          ],
          [
            6.3184735,
            50.8601438
          ],
          [
            6.3184464,
            50.8601782
          ],
          [
            6.3183827,
            50.860327
          ],
          [
            6.3183249,
            50.8605544
          ],
          [
            6.3182573,
            50.8607203
          ],
          [
            6.3180756,
            50.8608778
          ],
          [
            6.3179584,
            50.8609438
          ],
          [
            6.3178661,
            50.8609727
          ],
          [
            6.3176898,
            50.8610169
          ],
          [
            6.3175261,
            50.8610574
          ],
          [
            6.3174253,
            50.8610619
          ],
          [
            6.3173364,
            50.8610731
          ],
          [
            6.3168229,
            50.8612213
          ],
          [
            6.3166656,
            50.8612746
          ],
          [
            6.3165105,
            50.8614009
          ],
          [
            6.3163227,
            50.8615917
          ],
          [
            6.31629,
            50.86175
          ],
          [
            6.316304,
            50.8619168
          ],
          [
            6.3163224,
            50.862023
          ],
          [
            6.3163645,
            50.8621085
          ],
          [
            6.3164042,
            50.8621862
          ],
          [
            6.3165114,
            50.8622779
          ],
          [
            6.3165753,
            50.8623285
          ],
          [
            6.3166363,
            50.8623603
          ],
          [
            6.3166712,
            50.8624302
          ],
          [
            6.3166782,
            50.8624872
          ],
          [
            6.3166719,
            50.8625591
          ],
          [
            6.3166233,
            50.8626539
          ],
          [
            6.3165132,
            50.8628038
          ],
          [
            6.3164404,
            50.8628947
          ],
          [
            6.3163453,
            50.862979
          ],
          [
            6.3161969,
            50.863067
          ],
          [
            6.316058,
            50.8631563
          ],
          [
            6.3159821,
            50.863234
          ],
          [
            6.3159298,
            50.8633174
          ],
          [
            6.3158929,
            50.8634362
          ],
          [
            6.3158542,
            50.8635483
          ],
          [
            6.3158164,
            50.8636214
          ],
          [
            6.3157549,
            50.8636805
          ],
          [
            6.3156828,
            50.8637351
          ],
          [
            6.315609,
            50.8637713
          ],
          [
            6.3155336,
            50.8638037
          ],
          [
            6.314818,
            50.8639839
          ],
          [
            6.3142098,
            50.8642227
          ],
          [
            6.3140916,
            50.8642868
          ],
          [
            6.3139184,
            50.8644171
          ],
          [
            6.3138133,
            50.8645118
          ],
          [
            6.3137436,
            50.8646081
          ],
          [
            6.3137183,
            50.8646951
          ],
          [
            6.313765,
            50.86477
          ],
          [
            6.3138383,
            50.8648299
          ],
          [
            6.3140951,
            50.8649522
          ],
          [
            6.3142938,
            50.8650958
          ],
          [
            6.3144036,
            50.8652488
          ],
          [
            6.3144247,
            50.8653299
          ],
          [
            6.3144103,
            50.8654017
          ],
          [
            6.3140256,
            50.8658286
          ],
          [
            6.3139203,
            50.8659228
          ],
          [
            6.3137943,
            50.8660077
          ],
          [
            6.3136654,
            50.866093
          ],
          [
            6.3135156,
            50.8661577
          ],
          [
            6.3128303,
            50.8664162
          ],
          [
            6.3126869,
            50.8665119
          ],
          [
            6.31258,
            50.8665865
          ],
          [
            6.3125253,
            50.8666626
          ],
          [
            6.3124712,
            50.8667528
          ],
          [
            6.3124567,
            50.8668332
          ],
          [
            6.3125277,
            50.8669985
          ],
          [
            6.312622,
            50.8671211
          ],
          [
            6.3126846,
            50.8673439
          ],
          [
            6.3126425,
            50.8675358
          ],
          [
            6.3125505,
            50.867662
          ],
          [
            6.312351,
            50.8677759
          ],
          [
            6.3119546,
            50.8679536
          ],
          [
            6.311762,
            50.8680727
          ],
          [
            6.3115903,
            50.868276
          ],
          [
            6.3115363,
            50.8685063
          ],
          [
            6.3114775,
            50.8687902
          ],
          [
            6.3114527,
            50.8688864
          ],
          [
            6.3113894,
            50.8689827
          ],
          [
            6.3111765,
            50.8692132
          ],
          [
            6.311061,
            50.8693037
          ],
          [
            6.3109537,
            50.8693583
          ],
          [
            6.3108419,
            50.8693815
          ],
          [
            6.3105285,
            50.8694043
          ],
          [
            6.3102287,
            50.8694214
          ],
          [
            6.3100149,
            50.8694042
          ],
          [
            6.3098763,
            50.8694257
          ],
          [
            6.3097648,
            50.8694814
          ],
          [
            6.3097112,
            50.8695829
          ],
          [
            6.3096912,
            50.8696636
          ],
          [
            6.3096767,
            50.8697683
          ],
          [
            6.3096531,
            50.8698787
          ],
          [
            6.3096173,
            50.8700433
          ],
          [
            6.3096485,
            50.8702041
          ],
          [
            6.3097766,
            50.8704496
          ],
          [
            6.309968,
            50.8706579
          ],
          [
            6.3100342,
            50.87077
          ],
          [
            6.3100345,
            50.8708674
          ],
          [
            6.3099668,
            50.8709521
          ],
          [
            6.3095815,
            50.8711824
          ],
          [
            6.3094104,
            50.8712912
          ],
          [
            6.3093309,
            50.8713667
          ],
          [
            6.3092812,
            50.8714416
          ],
          [
            6.3092477,
            50.8716256
          ],
          [
            6.3091876,
            50.8717591
          ],
          [
            6.3090203,
            50.8718675
          ],
          [
            6.3088269,
            50.8719271
          ],
          [
            6.3086118,
            50.8719542
          ],
          [
            6.3084609,
            50.8719557
          ],
          [
            6.3083585,
            50.8719332
          ],
          [
            6.3082594,
            50.8718762
          ],
          [
            6.3081101,
            50.8718204
          ],
          [
            6.3080085,
            50.8718304
          ],
          [
            6.3078723,
            50.871894
          ],
          [
            6.3075331,
            50.8721079
          ],
          [
            6.3072783,
            50.8722107
          ],
          [
            6.3070666,
            50.8722966
          ],
          [
            6.3069199,
            50.8723806
          ],
          [
            6.3068096,
            50.8724635
          ],
          [
            6.3067266,
            50.872558
          ],
          [
            6.3067528,
            50.872635
          ],
          [
            6.3068196,
            50.8726968
          ],
          [
            6.3068622,
            50.8727521
          ],
          [
            6.3068758,
            50.8728074
          ],
          [
            6.306879,
            50.8728628
          ],
          [
            6.3068026,
            50.8729871
          ],
          [
            6.3067662,
            50.8730634
          ],
          [
            6.3066951,
            50.8731725
          ],
          [
            6.3066841,
            50.8732581
          ],
          [
            6.3066905,
            50.8733481
          ],
          [
            6.3067324,
            50.8734148
          ],
          [
            6.3067951,
            50.8734619
          ],
          [
            6.3069183,
            50.8734903
          ],
          [
            6.3070693,
            50.873497
          ],
          [
            6.3072631,
            50.8734745
          ],
          [
            6.307398,
            50.8734841
          ],
          [
            6.3074949,
            50.8735089
          ],
          [
            6.3076027,
            50.873568
          ],
          [
            6.3076275,
            50.8736118
          ],
          [
            6.3076266,
            50.8736669
          ],
          [
            6.3076049,
            50.8737385
          ],
          [
            6.3075433,
            50.8738142
          ],
          [
            6.3071978,
            50.8741247
          ],
          [
            6.3070219,
            50.8742966
          ],
          [
            6.3068803,
            50.8744666
          ],
          [
            6.3068003,
            50.8745615
          ],
          [
            6.3067442,
            50.8746533
          ],
          [
            6.3066946,
            50.8747677
          ],
          [
            6.3066461,
            50.8749211
          ],
          [
            6.3066146,
            50.8750457
          ],
          [
            6.3066022,
            50.8751703
          ],
          [
            6.3066162,
            50.8753369
          ],
          [
            6.3066635,
            50.875505
          ],
          [
            6.3067252,
            50.8755985
          ],
          [
            6.3069172,
            50.8757795
          ],
          [
            6.3070739,
            50.8761038
          ],
          [
            6.3070866,
            50.8766507
          ],
          [
            6.3071433,
            50.876794
          ],
          [
            6.3074928,
            50.8772971
          ],
          [
            6.307483,
            50.8774419
          ],
          [
            6.3074273,
            50.8775576
          ],
          [
            6.3073115,
            50.8776959
          ],
          [
            6.30722,
            50.877835
          ],
          [
            6.3071877,
            50.877929
          ],
          [
            6.3071837,
            50.8780102
          ],
          [
            6.3072028,
            50.8780735
          ],
          [
            6.307234,
            50.8781444
          ],
          [
            6.3072939,
            50.8782258
          ],
          [
            6.30737,
            50.878297
          ],
          [
            6.3074156,
            50.8783217
          ],
          [
            6.3075627,
            50.8784017
          ],
          [
            6.3074842,
            50.8785621
          ],
          [
            6.3075079,
            50.8786288
          ],
          [
            6.3078367,
            50.878982
          ],
          [
            6.3077935,
            50.8795933
          ],
          [
            6.3080753,
            50.8798768
          ],
          [
            6.3086882,
            50.880349
          ],
          [
            6.3088816,
            50.8806219
          ],
          [
            6.3088973,
            50.8807939
          ],
          [
            6.3088358,
            50.88104
          ],
          [
            6.3085077,
            50.8814278
          ],
          [
            6.3085077,
            50.8817857
          ],
          [
            6.3089701,
            50.8820392
          ],
          [
            6.3090515,
            50.8820698
          ],
          [
            6.3091894,
            50.8821216
          ],
          [
            6.3094115,
            50.8821446
          ],
          [
            6.3094487,
            50.8821418
          ],
          [
            6.3096528,
            50.8821265
          ],
          [
            6.310146,
            50.8820244
          ],
          [
            6.3103652,
            50.8819907
          ],
          [
            6.31058,
            50.8819838
          ],
          [
            6.3107729,
            50.8820182
          ],
          [
            6.3109591,
            50.8821046
          ],
          [
            6.3114158,
            50.8824866
          ],
          [
            6.3114644,
            50.8825822
          ],
          [
            6.3114968,
            50.8826846
          ],
          [
            6.3114664,
            50.8827891
          ],
          [
            6.3114143,
            50.8828936
          ],
          [
            6.3112849,
            50.8830663
          ],
          [
            6.3111026,
            50.8832174
          ],
          [
            6.310864,
            50.8833086
          ],
          [
            6.3107272,
            50.8833442
          ],
          [
            6.3105418,
            50.8833654
          ],
          [
            6.3104594,
            50.883364
          ],
          [
            6.3101796,
            50.8833591
          ],
          [
            6.3100121,
            50.8833818
          ],
          [
            6.3098411,
            50.8834293
          ],
          [
            6.3096596,
            50.8834996
          ],
          [
            6.3095049,
            50.8835857
          ],
          [
            6.3094168,
            50.8837391
          ],
          [
            6.3093963,
            50.8838328
          ],
          [
            6.3093901,
            50.8839264
          ],
          [
            6.3094353,
            50.8840956
          ],
          [
            6.309509,
            50.8842426
          ],
          [
            6.3096205,
            50.8843813
          ],
          [
            6.30967,
            50.884409
          ],
          [
            6.3097166,
            50.8844165
          ],
          [
            6.3097712,
            50.8844056
          ],
          [
            6.3098083,
            50.8843855
          ],
          [
            6.3098436,
            50.8843688
          ],
          [
            6.3099303,
            50.8843456
          ],
          [
            6.3102687,
            50.8843667
          ],
          [
            6.3106071,
            50.8844193
          ],
          [
            6.3113292,
            50.8846016
          ],
          [
            6.3115204,
            50.884617
          ],
          [
            6.3117035,
            50.8846104
          ],
          [
            6.3120124,
            50.8845676
          ],
          [
            6.3122332,
            50.8844898
          ],
          [
            6.3124294,
            50.8842724
          ],
          [
            6.3125664,
            50.884174
          ],
          [
            6.3126766,
            50.8841557
          ],
          [
            6.3129636,
            50.8841504
          ],
          [
            6.3132746,
            50.8841971
          ],
          [
            6.313811,
            50.884345
          ],
          [
            6.3140753,
            50.8844931
          ],
          [
            6.3142956,
            50.8847184
          ],
          [
            6.3143194,
            50.8848852
          ],
          [
            6.3142252,
            50.885005
          ],
          [
            6.3140517,
            50.8850833
          ],
          [
            6.313623,
            50.8851859
          ],
          [
            6.3133619,
            50.8852782
          ],
          [
            6.3131354,
            50.8853854
          ],
          [
            6.3129986,
            50.8855459
          ],
          [
            6.3129604,
            50.8857296
          ],
          [
            6.3131067,
            50.885922
          ],
          [
            6.3133412,
            50.886099
          ],
          [
            6.3136539,
            50.886232
          ],
          [
            6.3140252,
            50.886322
          ],
          [
            6.314328,
            50.8864069
          ],
          [
            6.3144627,
            50.8864252
          ],
          [
            6.3146171,
            50.8864248
          ],
          [
            6.3147345,
            50.8863957
          ],
          [
            6.3148519,
            50.8863479
          ],
          [
            6.3151889,
            50.8860956
          ],
          [
            6.3153323,
            50.886037
          ],
          [
            6.3154724,
            50.886003
          ],
          [
            6.315635,
            50.8859991
          ],
          [
            6.3157937,
            50.8860117
          ],
          [
            6.3159187,
            50.8860741
          ],
          [
            6.3160177,
            50.8861467
          ],
          [
            6.3162921,
            50.8863308
          ],
          [
            6.3167119,
            50.8866635
          ],
          [
            6.3168197,
            50.8867596
          ],
          [
            6.316895,
            50.8868618
          ],
          [
            6.3169886,
            50.8870248
          ],
          [
            6.3171068,
            50.8871265
          ],
          [
            6.3172236,
            50.8871834
          ],
          [
            6.3173353,
            50.887215
          ],
          [
            6.3174463,
            50.8872089
          ],
          [
            6.317541,
            50.8871904
          ],
          [
            6.3177055,
            50.8871338
          ],
          [
            6.3179352,
            50.8871188
          ],
          [
            6.3182005,
            50.8871195
          ],
          [
            6.3184756,
            50.8871304
          ],
          [
            6.3189095,
            50.8872017
          ],
          [
            6.3192437,
            50.8873589
          ],
          [
            6.3194401,
            50.8875237
          ],
          [
            6.3195171,
            50.8876795
          ],
          [
            6.3194538,
            50.8878636
          ],
          [
            6.3194931,
            50.8879799
          ],
          [
            6.3196166,
            50.8880673
          ],
          [
            6.3200547,
            50.8881681
          ],
          [
            6.3205161,
            50.8882536
          ],
          [
            6.3211822,
            50.8882766
          ],
          [
            6.3214456,
            50.8883222
          ],
          [
            6.3216821,
            50.8884136
          ],
          [
            6.3225847,
            50.8888408
          ],
          [
            6.3229736,
            50.889123
          ],
          [
            6.3231175,
            50.8894161
          ],
          [
            6.3231762,
            50.8896269
          ],
          [
            6.3233613,
            50.889812
          ],
          [
            6.3234067,
            50.8898393
          ],
          [
            6.3236719,
            50.889999
          ],
          [
            6.324341,
            50.8901851
          ],
          [
            6.324846,
            50.8902231
          ],
          [
            6.3257812,
            50.8904613
          ],
          [
            6.3263223,
            50.8906863
          ],
          [
            6.3269554,
            50.8908679
          ],
          [
            6.3282063,
            50.8913465
          ],
          [
            6.3284629,
            50.8914638
          ],
          [
            6.3285793,
            50.8916732
          ],
          [
            6.3287067,
            50.8917828
          ],
          [
            6.3290002,
            50.8919394
          ],
          [
            6.3292991,
            50.8923558
          ],
          [
            6.3294787,
            50.8925346
          ],
          [
            6.3297235,
            50.8926815
          ],
          [
            6.3300104,
            50.8927995
          ],
          [
            6.3305532,
            50.892882
          ],
          [
            6.3308582,
            50.8928443
          ],
          [
            6.3315432,
            50.89285
          ],
          [
            6.3320511,
            50.8930075
          ],
          [
            6.3322588,
            50.8934524
          ],
          [
            6.3323179,
            50.8935327
          ],
          [
            6.3324306,
            50.8935768
          ],
          [
            6.3327555,
            50.8935981
          ],
          [
            6.3330651,
            50.8937377
          ],
          [
            6.3334468,
            50.8937995
          ],
          [
            6.3353217,
            50.8943037
          ],
          [
            6.3363805,
            50.8945962
          ],
          [
            6.3372265,
            50.8947419
          ],
          [
            6.3375601,
            50.8948412
          ],
          [
            6.3379605,
            50.8950542
          ],
          [
            6.3383457,
            50.8951858
          ],
          [
            6.3387836,
            50.895257
          ],
          [
            6.3390973,
            50.8952627
          ],
          [
            6.3394247,
            50.8952086
          ],
          [
            6.3398837,
            50.8949897
          ],
          [
            6.3409556,
            50.8945194
          ],
          [
            6.3414817,
            50.8943514
          ],
          [
            6.3418563,
            50.8941102
          ],
          [
            6.3422052,
            50.8937305
          ],
          [
            6.3424361,
            50.893438
          ],
          [
            6.3426617,
            50.8932083
          ],
          [
            6.3429101,
            50.8930984
          ],
          [
            6.3432105,
            50.8930185
          ],
          [
            6.343357,
            50.8929475
          ],
          [
            6.3435291,
            50.8927453
          ],
          [
            6.3436866,
            50.8925659
          ],
          [
            6.343837,
            50.8924733
          ],
          [
            6.3443461,
            50.8922772
          ],
          [
            6.3446437,
            50.892227
          ],
          [
            6.3450172,
            50.8920423
          ],
          [
            6.3458587,
            50.8917088
          ],
          [
            6.3464026,
            50.891406
          ],
          [
            6.3468132,
            50.8911392
          ],
          [
            6.3473366,
            50.8908159
          ],
          [
            6.3477334,
            50.8906705
          ],
          [
            6.3481302,
            50.8906351
          ],
          [
            6.3484449,
            50.8905337
          ],
          [
            6.3493378,
            50.8901642
          ],
          [
            6.3496764,
            50.8900667
          ],
          [
            6.3505847,
            50.8896101
          ],
          [
            6.3510414,
            50.8894664
          ],
          [
            6.3514262,
            50.8894151
          ],
          [
            6.351847,
            50.8894561
          ],
          [
            6.3523914,
            50.8896704
          ],
          [
            6.3531516,
            50.8896824
          ],
          [
            6.3535895,
            50.8896988
          ],
          [
            6.3538355,
            50.8897734
          ],
          [
            6.354028,
            50.8898854
          ],
          [
            6.3544178,
            50.8903284
          ],
          [
            6.3545896,
            50.8906292
          ],
          [
            6.3549177,
            50.891017
          ],
          [
            6.3553949,
            50.8913749
          ],
          [
            6.3558274,
            50.8919863
          ],
          [
            6.3558944,
            50.8922583
          ],
          [
            6.3561189,
            50.892568
          ],
          [
            6.3563459,
            50.8926912
          ],
          [
            6.3567342,
            50.8927539
          ],
          [
            6.3570413,
            50.8927237
          ],
          [
            6.357303,
            50.8926286
          ],
          [
            6.3575197,
            50.8924235
          ],
          [
            6.3577906,
            50.8921729
          ],
          [
            6.3582881,
            50.8920013
          ],
          [
            6.3587321,
            50.8919476
          ],
          [
            6.3597048,
            50.8918372
          ],
          [
            6.3609422,
            50.8916293
          ],
          [
            6.3622585,
            50.8913657
          ],
          [
            6.3624903,
            50.8913443
          ],
          [
            6.3635171,
            50.8914859
          ],
          [
            6.3640751,
            50.8914666
          ],
          [
            6.3644174,
            50.8914047
          ],
          [
            6.3648788,
            50.8914325
          ],
          [
            6.3655359,
            50.8915688
          ],
          [
            6.3660602,
            50.8919714
          ],
          [
            6.3661656,
            50.8921898
          ],
          [
            6.3661918,
            50.8923326
          ],
          [
            6.3662028,
            50.892498
          ]
        ]
      }
    },
    {
      "type": "Feature",
      "properties": {
        "name": "Inde",
        "type": "Fluss"
      },
      "geometry": {
        "type": "LineString",
        "coordinates": [
          [
            6.3662028,
            50.892498
          ],
          [
            6.3659623,
            50.8929418
          ],
          [
            6.3658269,
            50.8932323
          ],
          [
            6.3658461,
            50.8933901
          ],
          [
            6.3659217,
            50.8935142
          ],
          [
            6.3660977,
            50.8935854
          ],
          [
            6.3664047,
            50.8936281
          ],
          [
            6.3666892,
            50.8936025
          ],
          [
            6.3670865,
            50.8936395
          ],
          [
            6.367518,
            50.8937617
          ],
          [
            6.3677727,
            50.8939528
          ],
          [
            6.3678851,
            50.8941162
          ],
          [
            6.3678043,
            50.8943828
          ],
          [
            6.3677862,
            50.8945308
          ],
          [
            6.3678745,
            50.894668
          ],
          [
            6.3678359,
            50.8947814
          ],
          [
            6.3676598,
            50.8948868
          ],
          [
            6.3672896,
            50.8950292
          ],
          [
            6.3669471,
            50.8950484
          ],
          [
            6.3663841,
            50.8955924
          ],
          [
            6.3659019,
            50.8956829
          ],
          [
            6.3653863,
            50.8956296
          ],
          [
            6.3651718,
            50.8959477
          ],
          [
            6.3651902,
            50.8962813
          ],
          [
            6.3645924,
            50.8969289
          ],
          [
            6.3644851,
            50.8973214
          ],
          [
            6.3645647,
            50.8977247
          ],
          [
            6.3647618,
            50.8980031
          ],
          [
            6.3649926,
            50.8982156
          ],
          [
            6.3650171,
            50.8983265
          ],
          [
            6.3646168,
            50.8985044
          ],
          [
            6.3643481,
            50.898563
          ],
          [
            6.3640618,
            50.8985238
          ],
          [
            6.3637678,
            50.8985281
          ],
          [
            6.3632869,
            50.8986115
          ],
          [
            6.3627792,
            50.8989081
          ],
          [
            6.3623652,
            50.8991056
          ],
          [
            6.3621133,
            50.8993203
          ],
          [
            6.3621076,
            50.8995205
          ],
          [
            6.3623103,
            50.8997735
          ]
        ]
      }
    },
    {
      "type": "Feature",
      "properties": {
        "name": "Inde",
        "type": "Fluss"
      },
      "geometry": {
        "type": "LineString",
        "coordinates": [
          [
            6.257135,
            50.8212088
          ],
          [
            6.2576963,
            50.8210034
          ],
          [
            6.2581896,
            50.8207568
          ],
          [
            6.2589635,
            50.8203145
          ],
          [
            6.2592356,
            50.8201784
          ],
          [
            6.2597629,
            50.8199318
          ],
          [
            6.2601796,
            50.8197787
          ],
          [
            6.2606984,
            50.8196852
          ],
          [
            6.2612512,
            50.8196597
          ],
          [
            6.2618295,
            50.8197022
          ],
          [
            6.2624759,
            50.8198213
          ],
          [
            6.2630818,
            50.8199826
          ],
          [
            6.2633877,
            50.8200763
          ],
          [
            6.2643844,
            50.8203653
          ],
          [
            6.2647812,
            50.8203558
          ],
          [
            6.2652384,
            50.8202822
          ],
          [
            6.2656647,
            50.8201899
          ],
          [
            6.2665525,
            50.8198691
          ],
          [
            6.2678618,
            50.8192147
          ],
          [
            6.2688932,
            50.8187288
          ],
          [
            6.2694245,
            50.8183973
          ],
          [
            6.2704337,
            50.8176867
          ],
          [
            6.27097,
            50.8173576
          ],
          [
            6.2712782,
            50.8171992
          ],
          [
            6.2717877,
            50.8171033
          ],
          [
            6.2725298,
            50.8170238
          ],
          [
            6.2732639,
            50.8170561
          ],
          [
            6.2742173,
            50.8170826
          ],
          [
            6.2747585,
            50.8170104
          ],
          [
            6.27545,
            50.8167863
          ],
          [
            6.2768271,
            50.8161252
          ],
          [
            6.278412,
            50.8154587
          ],
          [
            6.2792571,
            50.8152436
          ],
          [
            6.2814198,
            50.814939
          ],
          [
            6.284018,
            50.8146093
          ],
          [
            6.2858033,
            50.8145544
          ],
          [
            6.287706,
            50.8145817
          ],
          [
            6.2904994,
            50.8148818
          ],
          [
            6.29223,
            50.8152514
          ],
          [
            6.2940187,
            50.815654
          ],
          [
            6.2942497,
            50.8157042
          ],
          [
            6.2987809,
            50.8167619
          ],
          [
            6.2995109,
            50.8168545
          ],
          [
            6.3000762,
            50.8169987
          ],
          [
            6.3005714,
            50.8171661
          ],
          [
            6.30095,
            50.8171063
          ],
          [
            6.3013319,
            50.8167468
          ],
          [
            6.3021148,
            50.8165196
          ],
          [
            6.3026288,
            50.8163544
          ],
          [
            6.3031152,
            50.8163487
          ],
          [
            6.3038999,
            50.8166684
          ],
          [
            6.3044425,
            50.8171549
          ],
          [
            6.3044904,
            50.8172751
          ],
          [
            6.3040468,
            50.8176548
          ],
          [
            6.3039875,
            50.8177865
          ],
          [
            6.3039902,
            50.8178597
          ],
          [
            6.3040204,
            50.8179285
          ],
          [
            6.3045238,
            50.8181191
          ],
          [
            6.3052692,
            50.8182837
          ],
          [
            6.3058193,
            50.8186522
          ],
          [
            6.3061955,
            50.8188433
          ],
          [
            6.3068579,
            50.8188022
          ],
          [
            6.3071134,
            50.8187894
          ],
          [
            6.3074386,
            50.8189861
          ],
          [
            6.3079047,
            50.8190395
          ],
          [
            6.3081499,
            50.8188894
          ],
          [
            6.3084206,
            50.8187337
          ],
          [
            6.3087658,
            50.8186847
          ],
          [
            6.3091233,
            50.8188114
          ],
          [
            6.3093208,
            50.8191237
          ],
          [
            6.3093109,
            50.8196426
          ],
          [
            6.3093567,
            50.819986
          ],
          [
            6.3090995,
            50.8203497
          ],
          [
            6.3091772,
            50.8205789
          ],
          [
            6.3098861,
            50.8208598
          ],
          [
            6.3104388,
            50.8212015
          ],
          [
            6.3108859,
            50.821302
          ],
          [
            6.3115102,
            50.8212867
          ],
          [
            6.3121934,
            50.821104
          ],
          [
            6.3128433,
            50.8209231
          ],
          [
            6.3132243,
            50.8208872
          ],
          [
            6.3135356,
            50.8208512
          ],
          [
            6.3139122,
            50.8208496
          ],
          [
            6.3143622,
            50.8208758
          ],
          [
            6.3147742,
            50.8209254
          ],
          [
            6.3150447,
            50.8210094
          ],
          [
            6.3153667,
            50.8211546
          ],
          [
            6.3156117,
            50.8213277
          ],
          [
            6.3158196,
            50.8215443
          ],
          [
            6.3179707,
            50.8233641
          ],
          [
            6.319524,
            50.8244255
          ],
          [
            6.3208322,
            50.8251359
          ],
          [
            6.3215985,
            50.8255138
          ],
          [
            6.3231404,
            50.8262153
          ],
          [
            6.3236772,
            50.8265341
          ],
          [
            6.3239598,
            50.8267822
          ],
          [
            6.32474,
            50.8277216
          ],
          [
            6.3266023,
            50.8294107
          ],
          [
            6.3273295,
            50.8299449
          ],
          [
            6.3284508,
            50.8304027
          ],
          [
            6.3305789,
            50.8307644
          ],
          [
            6.3328712,
            50.8316092
          ],
          [
            6.3345805,
            50.8324508
          ],
          [
            6.3356106,
            50.8339684
          ],
          [
            6.3358752,
            50.8342059
          ],
          [
            6.3363889,
            50.8345071
          ],
          [
            6.3371345,
            50.8347751
          ],
          [
            6.3380243,
            50.8350088
          ],
          [
            6.3389102,
            50.8352087
          ],
          [
            6.3398315,
            50.8353707
          ],
          [
            6.3404524,
            50.8354747
          ],
          [
            6.3410359,
            50.8356341
          ],
          [
            6.3420198,
            50.8359801
          ],
          [
            6.3423166,
            50.8360845
          ],
          [
            6.3428911,
            50.8363519
          ],
          [
            6.3430998,
            50.8365215
          ],
          [
            6.3433707,
            50.8366824
          ],
          [
            6.3438083,
            50.837021
          ],
          [
            6.3442987,
            50.8375277
          ],
          [
            6.3447005,
            50.838034
          ],
          [
            6.3449612,
            50.8386253
          ],
          [
            6.3451758,
            50.8392656
          ],
          [
            6.3454151,
            50.8397207
          ],
          [
            6.3457581,
            50.8403741
          ],
          [
            6.3460694,
            50.8406816
          ],
          [
            6.3465951,
            50.8410555
          ],
          [
            6.3471951,
            50.8415287
          ],
          [
            6.3477516,
            50.8420119
          ],
          [
            6.3496943,
            50.844578
          ],
          [
            6.3500392,
            50.845007
          ],
          [
            6.3504335,
            50.8452567
          ],
          [
            6.3510206,
            50.8454447
          ],
          [
            6.3513677,
            50.8455096
          ],
          [
            6.3515351,
            50.8455401
          ],
          [
            6.3516505,
            50.8455819
          ],
          [
            6.3517265,
            50.8455904
          ],
          [
            6.3518037,
            50.8455943
          ],
          [
            6.3519644,
            50.8455894
          ],
          [
            6.3521512,
            50.8455817
          ],
          [
            6.3522626,
            50.8455829
          ],
          [
            6.3523716,
            50.8455944
          ],
          [
            6.3525036,
            50.8456325
          ],
          [
            6.3525777,
            50.8456578
          ],
          [
            6.352666,
            50.8456901
          ],
          [
            6.3529207,
            50.8457996
          ],
          [
            6.3534344,
            50.8460677
          ],
          [
            6.353744,
            50.8463122
          ],
          [
            6.3542346,
            50.8465157
          ],
          [
            6.354896,
            50.8467076
          ],
          [
            6.3553039,
            50.846857
          ],
          [
            6.355497,
            50.8469255
          ],
          [
            6.3558081,
            50.84707
          ],
          [
            6.3560314,
            50.8472493
          ],
          [
            6.3562217,
            50.8474331
          ],
          [
            6.3563487,
            50.8475561
          ],
          [
            6.3564085,
            50.8476218
          ],
          [
            6.3564456,
            50.8476702
          ],
          [
            6.3564565,
            50.8477506
          ],
          [
            6.3564568,
            50.8477838
          ],
          [
            6.3566684,
            50.8484095
          ],
          [
            6.3568388,
            50.8489692
          ],
          [
            6.3568841,
            50.8495849
          ],
          [
            6.3568806,
            50.8496874
          ],
          [
            6.3567227,
            50.8503976
          ],
          [
            6.3564362,
            50.8511885
          ],
          [
            6.356384,
            50.8514267
          ],
          [
            6.3563945,
            50.8514912
          ],
          [
            6.3564007,
            50.8515294
          ],
          [
            6.3564448,
            50.8516203
          ],
          [
            6.356523,
            50.8517753
          ],
          [
            6.3565005,
            50.8518989
          ]
        ]
      }
    },
    {
      "type": "Feature",
      "properties": {
        "name": "Inde",
        "type": "Fluss"
      },
      "geometry": {
        "type": "LineString",
        "coordinates": [
          [
            6.3074928,
            50.8772971
          ],
          [
            6.3076483,
            50.8774652
          ],
          [
            6.307876,
            50.8779086
          ],
          [
            6.307934,
            50.8780971
          ],
          [
            6.3079069,
            50.8782207
          ],
          [
            6.3078284,
            50.8783221
          ],
          [
            6.3075627,
            50.8784017
          ]
        ]
      }
    },
    {
      "type": "Feature",
      "properties": {
        "name": "Inde",
        "type": "Fluss"
      },
      "geometry": {
        "type": "LineString",
        "coordinates": [
          [
            6.2083474,
            50.7802395
          ],
          [
            6.2084009,
            50.7804238
          ],
          [
            6.2085269,
            50.7805498
          ],
          [
            6.2087302,
            50.7806423
          ]
        ]
      }
    },
    {
      "type": "Feature",
      "properties": {
        "name": "Erft (Mühlenerft)",
        "type": "Fluss"
      },
      "geometry": {
        "type": "LineString",
        "coordinates": [
          [
            6.5905482,
            51.0840428
          ],
          [
            6.5905191,
            51.0840982
          ],
          [
            6.5903442,
            51.0844318
          ],
          [
            6.5901305,
            51.0848287
          ],
          [
            6.5901004,
            51.0849819
          ],
          [
            6.5901121,
            51.0851025
          ],
          [
            6.5902264,
            51.0852279
          ],
          [
            6.590433,
            51.0853425
          ],
          [
            6.590845,
            51.0857361
          ],
          [
            6.591078,
            51.0859473
          ],
          [
            6.5911183,
            51.0860333
          ],
          [
            6.5911189,
            51.086118
          ],
          [
            6.5910814,
            51.0862123
          ],
          [
            6.5910362,
            51.0863111
          ],
          [
            6.5909138,
            51.086414
          ],
          [
            6.5907493,
            51.0864698
          ],
          [
            6.5905617,
            51.0864781
          ],
          [
            6.5903685,
            51.0864696
          ],
          [
            6.5901871,
            51.0865194
          ],
          [
            6.5901232,
            51.0865716
          ],
          [
            6.590085,
            51.086649
          ],
          [
            6.5900776,
            51.0868016
          ],
          [
            6.5900966,
            51.0869698
          ],
          [
            6.5900642,
            51.0871351
          ],
          [
            6.5900282,
            51.0872024
          ],
          [
            6.5899783,
            51.0872657
          ],
          [
            6.5899099,
            51.0873256
          ],
          [
            6.5898469,
            51.0873504
          ],
          [
            6.5898,
            51.0873626
          ],
          [
            6.5897423,
            51.0873689
          ],
          [
            6.5896528,
            51.0873634
          ],
          [
            6.5894928,
            51.087355
          ],
          [
            6.5891024,
            51.0873356
          ],
          [
            6.5887994,
            51.0872838
          ],
          [
            6.5886151,
            51.0871983
          ],
          [
            6.5884916,
            51.0871312
          ],
          [
            6.588443,
            51.0871047
          ]
        ]
      }
    },
    {
      "type": "Feature",
      "properties": {
        "name": "Erft (Kampers-Kolk)",
        "type": "Fluss"
      },
      "geometry": {
        "type": "LineString",
        "coordinates": [
          [
            6.588443,
            51.0871047
          ],
          [
            6.5883551,
            51.0870214
          ]
        ]
      }
    },
    {
      "type": "Feature",
      "properties": {
        "name": "Erft (Kampers-Kolk)",
        "type": "Fluss"
      },
      "geometry": {
        "type": "LineString",
        "coordinates": [
          [
            6.5883551,
            51.0870214
          ],
          [
            6.5881803,
            51.0868871
          ],
          [
            6.5879613,
            51.0866916
          ],
          [
            6.5878627,
            51.0866604
          ],
          [
            6.5877745,
            51.0866571
          ],
          [
            6.5876857,
            51.0866765
          ],
          [
            6.5875892,
            51.0867148
          ],
          [
            6.5874799,
            51.0867861
          ],
          [
            6.5869474,
            51.0871402
          ],
          [
            6.5868536,
            51.0871596
          ],
          [
            6.586754,
            51.0871526
          ],
          [
            6.586647,
            51.0871284
          ],
          [
            6.5864714,
            51.0871225
          ],
          [
            6.5862977,
            51.0871325
          ],
          [
            6.5861334,
            51.0871748
          ],
          [
            6.5860348,
            51.0872383
          ],
          [
            6.5859657,
            51.0873323
          ],
          [
            6.5859497,
            51.087448
          ],
          [
            6.5860167,
            51.0875766
          ],
          [
            6.5861385,
            51.0876687
          ],
          [
            6.5865498,
            51.0878563
          ]
        ]
      }
    },
    {
      "type": "Feature",
      "properties": {
        "name": "Erft (Flutgraben)",
        "type": "Fluss"
      },
      "geometry": {
        "type": "LineString",
        "coordinates": [
          [
            6.5900902,
            51.0837063
          ],
          [
            6.5897852,
            51.0838295
          ],
          [
            6.5894829,
            51.083953
          ],
          [
            6.5892292,
            51.0840058
          ],
          [
            6.587708,
            51.0843717
          ],
          [
            6.587411,
            51.0844622
          ],
          [
            6.5871357,
            51.0845884
          ],
          [
            6.5867016,
            51.0849163
          ],
          [
            6.5861086,
            51.0853846
          ],
          [
            6.5846985,
            51.0865945
          ],
          [
            6.5833233,
            51.0877404
          ],
          [
            6.5830216,
            51.0879987
          ],
          [
            6.5828803,
            51.0882074
          ],
          [
            6.5827808,
            51.0883641
          ],
          [
            6.5827234,
            51.0886233
          ],
          [
            6.5827634,
            51.0888736
          ],
          [
            6.5828439,
            51.0891236
          ],
          [
            6.5829952,
            51.0894644
          ],
          [
            6.5831115,
            51.0897222
          ],
          [
            6.5832567,
            51.0899358
          ],
          [
            6.5834631,
            51.0902057
          ],
          [
            6.5837283,
            51.0904764
          ],
          [
            6.584243,
            51.0908138
          ],
          [
            6.5848515,
            51.0912924
          ]
        ]
      }
    },
    {
      "type": "Feature",
      "properties": {
        "name": "Erft (Flutgraben)",
        "type": "Fluss"
      },
      "geometry": {
        "type": "LineString",
        "coordinates": [
          [
            6.5848515,
            51.0912924
          ],
          [
            6.5853985,
            51.0917426
          ],
          [
            6.5861046,
            51.0923324
          ],
          [
            6.5866706,
            51.0926911
          ],
          [
            6.5876276,
            51.0933446
          ],
          [
            6.5882299,
            51.0939307
          ],
          [
            6.5886693,
            51.0945151
          ]
        ]
      }
    },
    {
      "type": "Feature",
      "properties": {
        "name": "Erft (Flutgraben)",
        "type": "Fluss"
      },
      "geometry": {
        "type": "LineString",
        "coordinates": [
          [
            6.5905083,
            51.0835425
          ],
          [
            6.590443,
            51.0835927
          ],
          [
            6.5903743,
            51.08362
          ],
          [
            6.5902224,
            51.0836774
          ],
          [
            6.5900902,
            51.0837063
          ]
        ]
      }
    },
    {
      "type": "Feature",
      "properties": {
        "name": "Erft (Flutgraben)",
        "type": "Fluss"
      },
      "geometry": {
        "type": "LineString",
        "coordinates": [
          [
            6.5908095,
            51.0832646
          ],
          [
            6.5906919,
            51.0833928
          ],
          [
            6.590614,
            51.0834824
          ],
          [
            6.5905083,
            51.0835425
          ]
        ]
      }
    },
    {
      "type": "Feature",
      "properties": {
        "name": "Erft (Flutgraben)",
        "type": "Fluss"
      },
      "geometry": {
        "type": "LineString",
        "coordinates": [
          [
            6.5905083,
            51.0835425
          ],
          [
            6.5904149,
            51.0835527
          ],
          [
            6.5903368,
            51.0835846
          ],
          [
            6.5901943,
            51.0836424
          ],
          [
            6.5900902,
            51.0837063
          ]
        ]
      }
    },
    {
      "type": "Feature",
      "properties": {
        "name": "Erftmühlengraben",
        "type": "Fluss"
      },
      "geometry": {
        "type": "LineString",
        "coordinates": [
          [
            6.6993191,
            51.193611
          ],
          [
            6.6994495,
            51.1935511
          ],
          [
            6.6995218,
            51.1935421
          ],
          [
            6.6995898,
            51.1935494
          ],
          [
            6.6996617,
            51.1935745
          ]
        ]
      }
    },
    {
      "type": "Feature",
      "properties": {
        "name": "Erftmühlengraben",
        "type": "Fluss"
      },
      "geometry": {
        "type": "LineString",
        "coordinates": [
          [
            6.6996617,
            51.1935745
          ],
          [
            6.7006281,
            51.1939798
          ],
          [
            6.7006422,
            51.1940138
          ]
        ]
      }
    },
    {
      "type": "Feature",
      "properties": {
        "name": "Erftmühlengraben",
        "type": "Fluss"
      },
      "geometry": {
        "type": "LineString",
        "coordinates": [
          [
            6.6978786,
            51.1931359
          ],
          [
            6.698022,
            51.193287
          ],
          [
            6.6981685,
            51.1933955
          ],
          [
            6.6983677,
            51.1935088
          ],
          [
            6.6985075,
            51.1935652
          ],
          [
            6.6989205,
            51.1936505
          ],
          [
            6.6990906,
            51.193663
          ],
          [
            6.6992291,
            51.193651
          ],
          [
            6.6993191,
            51.193611
          ]
        ]
      }
    },
    {
      "type": "Feature",
      "properties": {
        "name": "Erftarm",
        "type": "Fluss"
      },
      "geometry": {
        "type": "LineString",
        "coordinates": [
          [
            6.5890258,
            51.0938511
          ],
          [
            6.5892227,
            51.0937741
          ],
          [
            6.5896599,
            51.0936961
          ],
          [
            6.5905201,
            51.0934207
          ],
          [
            6.59081,
            51.0933169
          ],
          [
            6.5910968,
            51.0933533
          ],
          [
            6.5911585,
            51.0934965
          ],
          [
            6.591129,
            51.0936767
          ],
          [
            6.591078,
            51.0938722
          ],
          [
            6.5909895,
            51.0940389
          ],
          [
            6.5909761,
            51.0941838
          ],
          [
            6.5910459,
            51.0944146
          ],
          [
            6.5911531,
            51.0946689
          ],
          [
            6.5913463,
            51.0950547
          ],
          [
            6.5914401,
            51.0952619
          ],
          [
            6.5913597,
            51.0954489
          ],
          [
            6.5911612,
            51.0956005
          ],
          [
            6.5909654,
            51.0957032
          ],
          [
            6.5909681,
            51.0958683
          ],
          [
            6.5910351,
            51.0960519
          ],
          [
            6.5910619,
            51.0961614
          ],
          [
            6.5910727,
            51.0963501
          ],
          [
            6.5909942,
            51.0964401
          ]
        ]
      }
    },
    {
      "type": "Feature",
      "properties": {
        "name": "Alter Erftarm",
        "type": "Fluss"
      },
      "geometry": {
        "type": "LineString",
        "coordinates": [
          [
            6.5749293,
            51.064786
          ],
          [
            6.5745574,
            51.0648777
          ],
          [
            6.574335,
            51.0650093
          ],
          [
            6.5743459,
            51.0654504
          ],
          [
            6.5743965,
            51.0655264
          ],
          [
            6.5747826,
            51.0657838
          ],
          [
            6.5749893,
            51.0658705
          ]
        ]
      }
    },
    {
      "type": "Feature",
      "properties": {
        "name": "alten Wurmarm",
        "type": "Fluss"
      },
      "geometry": {
        "type": "LineString",
        "coordinates": [
          [
            6.1042702,
            50.949572
          ],
          [
            6.104386,
            50.9497561
          ],
          [
            6.1045155,
            50.9499653
          ],
          [
            6.1046753,
            50.9501579
          ],
          [
            6.1047613,
            50.9503003
          ],
          [
            6.1048838,
            50.9503892
          ],
          [
            6.1050788,
            50.9505323
          ],
          [
            6.1052351,
            50.9506406
          ],
          [
            6.1054414,
            50.9507484
          ],
          [
            6.1058132,
            50.9509096
          ],
          [
            6.1061281,
            50.9510382
          ],
          [
            6.106577,
            50.9511997
          ],
          [
            6.1067332,
            50.9512617
          ],
          [
            6.1069915,
            50.9514122
          ],
          [
            6.107228,
            50.9515468
          ],
          [
            6.1074147,
            50.9516412
          ],
          [
            6.1075592,
            50.9517678
          ],
          [
            6.1077058,
            50.9518601
          ],
          [
            6.107922,
            50.9519933
          ],
          [
            6.1081115,
            50.9521636
          ],
          [
            6.1082756,
            50.9523402
          ],
          [
            6.1084621,
            50.9525164
          ],
          [
            6.1086021,
            50.9526539
          ]
        ]
      }
    },
    {
      "type": "Feature",
      "properties": {
        "name": "Erftschleife",
        "type": "Fluss"
      },
      "geometry": {
        "type": "LineString",
        "coordinates": [
          [
            6.7007426,
            51.1669389
          ],
          [
            6.7013198,
            51.1667613
          ],
          [
            6.7017989,
            51.1666045
          ],
          [
            6.7025449,
            51.1664533
          ]
        ]
      }
    },
    {
      "type": "Feature",
      "properties": {
        "name": "Erftschleife",
        "type": "Fluss"
      },
      "geometry": {
        "type": "LineString",
        "coordinates": [
          [
            6.6994492,
            51.166365
          ],
          [
            6.6995721,
            51.166579
          ],
          [
            6.6996102,
            51.1667165
          ],
          [
            6.6996708,
            51.1668702
          ],
          [
            6.6997672,
            51.1669741
          ],
          [
            6.6998878,
            51.1670038
          ],
          [
            6.7000654,
            51.167027
          ],
          [
            6.7003167,
            51.1670153
          ],
          [
            6.7004012,
            51.1670105
          ],
          [
            6.7007426,
            51.1669389
          ]
        ]
      }
    },
    {
      "type": "Feature",
      "properties": {
        "name": "Maas",
        "type": "Fluss"
      },
      "geometry": {
        "type": "LineString",
        "coordinates": [
          [
            5.99196,
            51.2285022
          ],
          [
            5.997333,
            51.2307359
          ],
          [
            5.9981112,
            51.2312116
          ],
          [
            6.001224,
            51.2332814
          ],
          [
            6.0040116,
            51.2358632
          ],
          [
            6.0055901,
            51.2381895
          ],
          [
            6.0058892,
            51.2386303
          ],
          [
            6.0059862,
            51.2388448
          ],
          [
            6.0075542,
            51.2434258
          ],
          [
            6.0084773,
            51.2470981
          ],
          [
            6.0089829,
            51.2491251
          ],
          [
            6.0092942,
            51.2508769
          ],
          [
            6.0087424,
            51.2529124
          ],
          [
            6.0073013,
            51.255088
          ],
          [
            6.006809,
            51.2558312
          ],
          [
            6.0064483,
            51.2564695
          ],
          [
            6.0058848,
            51.257663
          ],
          [
            6.0053532,
            51.2592619
          ],
          [
            6.0053991,
            51.2608908
          ],
          [
            6.0059195,
            51.2622394
          ],
          [
            6.0072405,
            51.2640144
          ],
          [
            6.0084783,
            51.2650626
          ],
          [
            6.0101589,
            51.2656917
          ],
          [
            6.0112017,
            51.2660388
          ],
          [
            6.0128702,
            51.2663643
          ],
          [
            6.0144985,
            51.2663274
          ],
          [
            6.016888,
            51.2659167
          ],
          [
            6.0190891,
            51.2657522
          ],
          [
            6.0212993,
            51.2658181
          ],
          [
            6.0243715,
            51.2661302
          ],
          [
            6.0261124,
            51.2666713
          ],
          [
            6.026761,
            51.2669682
          ],
          [
            6.0281526,
            51.2680196
          ],
          [
            6.0290717,
            51.2693504
          ],
          [
            6.0294047,
            51.2706362
          ],
          [
            6.0296493,
            51.2719953
          ],
          [
            6.0302008,
            51.2733423
          ],
          [
            6.0314349,
            51.2745086
          ],
          [
            6.0316367,
            51.2746648
          ],
          [
            6.0334458,
            51.2760653
          ],
          [
            6.039843,
            51.2808077
          ],
          [
            6.040692,
            51.2814221
          ],
          [
            6.0412451,
            51.2817996
          ],
          [
            6.0481983,
            51.2865451
          ],
          [
            6.0493936,
            51.2871594
          ],
          [
            6.05087,
            51.287727
          ],
          [
            6.0538896,
            51.2888696
          ],
          [
            6.0584803,
            51.2902077
          ],
          [
            6.060636,
            51.290783
          ]
        ]
      }
    },
    {
      "type": "Feature",
      "properties": {
        "name": "Maas",
        "type": "Fluss"
      },
      "geometry": {
        "type": "LineString",
        "coordinates": [
          [
            5.8407878,
            51.1309479
          ],
          [
            5.8417844,
            51.1316494
          ],
          [
            5.8428339,
            51.1329427
          ],
          [
            5.8431673,
            51.1346354
          ],
          [
            5.8433815,
            51.1353734
          ],
          [
            5.8438158,
            51.1368694
          ],
          [
            5.8443402,
            51.138199
          ],
          [
            5.8448004,
            51.1393657
          ],
          [
            5.8471109,
            51.1413846
          ],
          [
            5.8492972,
            51.1421426
          ],
          [
            5.8521476,
            51.1428458
          ],
          [
            5.8526219,
            51.1430748
          ],
          [
            5.8550187,
            51.1442319
          ],
          [
            5.8581929,
            51.1463269
          ],
          [
            5.8602481,
            51.1477223
          ],
          [
            5.8622216,
            51.1492349
          ],
          [
            5.8634298,
            51.1499032
          ],
          [
            5.8651156,
            51.1504827
          ],
          [
            5.8663953,
            51.1507173
          ],
          [
            5.8673629,
            51.1506893
          ],
          [
            5.8691387,
            51.1504015
          ],
          [
            5.8702568,
            51.1499013
          ],
          [
            5.871759,
            51.149014
          ],
          [
            5.8732105,
            51.1482641
          ],
          [
            5.8742358,
            51.1478467
          ],
          [
            5.8754164,
            51.1475674
          ],
          [
            5.8771268,
            51.1473143
          ],
          [
            5.8794751,
            51.147567
          ],
          [
            5.8820075,
            51.1490834
          ],
          [
            5.883187,
            51.150063
          ],
          [
            5.8849888,
            51.1530908
          ],
          [
            5.8849888,
            51.1564047
          ],
          [
            5.8852421,
            51.158289
          ],
          [
            5.8854811,
            51.1589052
          ],
          [
            5.886704,
            51.1604981
          ],
          [
            5.8882971,
            51.1617636
          ],
          [
            5.8892364,
            51.1622018
          ],
          [
            5.8932883,
            51.1633928
          ],
          [
            5.8950217,
            51.1636661
          ]
        ]
      }
    },
    {
      "type": "Feature",
      "properties": {
        "name": "Maas",
        "type": "Fluss"
      },
      "geometry": {
        "type": "LineString",
        "coordinates": [
          [
            5.6938648,
            50.871207
          ],
          [
            5.6908387,
            50.8723726
          ],
          [
            5.6877529,
            50.8733553
          ],
          [
            5.6858753,
            50.8740435
          ],
          [
            5.6831426,
            50.8751459
          ],
          [
            5.6821191,
            50.8756925
          ],
          [
            5.680122,
            50.8787608
          ],
          [
            5.6795159,
            50.881687
          ],
          [
            5.6794936,
            50.8833985
          ],
          [
            5.680316,
            50.8851573
          ],
          [
            5.6821331,
            50.8877187
          ],
          [
            5.6849123,
            50.8898286
          ],
          [
            5.6908622,
            50.8929882
          ],
          [
            5.6928712,
            50.8945033
          ],
          [
            5.6953401,
            50.8969335
          ],
          [
            5.6964418,
            50.8994198
          ],
          [
            5.697034,
            50.9031366
          ],
          [
            5.6965794,
            50.9071885
          ],
          [
            5.6975443,
            50.9089425
          ],
          [
            5.6994752,
            50.9100838
          ],
          [
            5.7031293,
            50.9111988
          ],
          [
            5.7053076,
            50.9116748
          ],
          [
            5.7076158,
            50.9116389
          ],
          [
            5.7098554,
            50.9111393
          ],
          [
            5.712587,
            50.909451
          ],
          [
            5.7149123,
            50.9084386
          ],
          [
            5.7168959,
            50.9081792
          ],
          [
            5.7186812,
            50.9080499
          ],
          [
            5.7212624,
            50.9087948
          ],
          [
            5.7222815,
            50.9092742
          ],
          [
            5.7230673,
            50.9097469
          ],
          [
            5.7242081,
            50.9107642
          ],
          [
            5.7255655,
            50.9122595
          ],
          [
            5.726245,
            50.9132557
          ],
          [
            5.7265729,
            50.9139493
          ],
          [
            5.726795,
            50.9145986
          ],
          [
            5.7268289,
            50.9152283
          ],
          [
            5.7266764,
            50.9163665
          ],
          [
            5.7264128,
            50.9175615
          ],
          [
            5.7261964,
            50.9189162
          ],
          [
            5.7261533,
            50.9197354
          ],
          [
            5.7262137,
            50.9204566
          ],
          [
            5.7266332,
            50.9218974
          ],
          [
            5.7270538,
            50.9229682
          ],
          [
            5.7275191,
            50.9239315
          ],
          [
            5.7282671,
            50.9249499
          ],
          [
            5.7289394,
            50.9257701
          ],
          [
            5.7305913,
            50.9274855
          ],
          [
            5.7318099,
            50.9288484
          ],
          [
            5.7327053,
            50.9296981
          ],
          [
            5.7338222,
            50.9305771
          ],
          [
            5.7342959,
            50.9309148
          ],
          [
            5.736194,
            50.9321417
          ],
          [
            5.7407775,
            50.9346775
          ],
          [
            5.7417676,
            50.9358373
          ],
          [
            5.743431,
            50.9388015
          ],
          [
            5.7444524,
            50.9407645
          ],
          [
            5.7456319,
            50.9423754
          ],
          [
            5.7461342,
            50.9449961
          ],
          [
            5.7464277,
            50.9462229
          ],
          [
            5.7474548,
            50.9473963
          ],
          [
            5.7484255,
            50.947798
          ],
          [
            5.7500281,
            50.948248
          ],
          [
            5.7513376,
            50.9487971
          ],
          [
            5.7528097,
            50.9490601
          ],
          [
            5.7567425,
            50.9498225
          ],
          [
            5.7583365,
            50.9507149
          ],
          [
            5.7592434,
            50.9526786
          ],
          [
            5.7589537,
            50.9542137
          ],
          [
            5.7574948,
            50.9561561
          ],
          [
            5.7543192,
            50.9584927
          ],
          [
            5.7521618,
            50.9598823
          ],
          [
            5.7515222,
            50.9600886
          ],
          [
            5.7475559,
            50.9610981
          ],
          [
            5.7459969,
            50.9612074
          ],
          [
            5.7442351,
            50.9609986
          ],
          [
            5.7426774,
            50.960452
          ],
          [
            5.7413314,
            50.9596565
          ],
          [
            5.7393352,
            50.9576829
          ],
          [
            5.7371409,
            50.9564954
          ],
          [
            5.7339073,
            50.9555515
          ],
          [
            5.7293401,
            50.9550468
          ],
          [
            5.7280326,
            50.9551027
          ],
          [
            5.7245816,
            50.9560725
          ],
          [
            5.723117,
            50.9568658
          ],
          [
            5.7212912,
            50.9580895
          ],
          [
            5.7209569,
            50.9591841
          ],
          [
            5.7208283,
            50.9607348
          ],
          [
            5.720998,
            50.9621675
          ],
          [
            5.7212049,
            50.9625512
          ],
          [
            5.7212309,
            50.9629245
          ],
          [
            5.7214119,
            50.9633618
          ],
          [
            5.7221691,
            50.9642997
          ],
          [
            5.7247214,
            50.9662478
          ],
          [
            5.7264202,
            50.967433
          ],
          [
            5.7296025,
            50.9698467
          ],
          [
            5.7313317,
            50.9706993
          ],
          [
            5.7333685,
            50.9722405
          ],
          [
            5.7346858,
            50.973775
          ],
          [
            5.7351424,
            50.9746284
          ],
          [
            5.7355859,
            50.9764234
          ],
          [
            5.7361097,
            50.9774812
          ],
          [
            5.7370045,
            50.9781257
          ],
          [
            5.7384609,
            50.979089
          ],
          [
            5.7398536,
            50.9795501
          ],
          [
            5.7426572,
            50.9798286
          ],
          [
            5.7441316,
            50.9800399
          ],
          [
            5.7464216,
            50.9808941
          ],
          [
            5.7485078,
            50.9819442
          ],
          [
            5.7506897,
            50.9835928
          ],
          [
            5.7520527,
            50.9852816
          ],
          [
            5.7530363,
            50.9865269
          ],
          [
            5.7539475,
            50.9879911
          ],
          [
            5.7554445,
            50.9901079
          ],
          [
            5.7565505,
            50.9912483
          ],
          [
            5.7581164,
            50.992191
          ],
          [
            5.7597762,
            50.9930468
          ],
          [
            5.7608656,
            50.9936562
          ],
          [
            5.7640996,
            50.9955031
          ],
          [
            5.7656069,
            50.9967376
          ],
          [
            5.7664386,
            50.9976732
          ],
          [
            5.7671189,
            50.9988788
          ],
          [
            5.7674651,
            50.9994924
          ],
          [
            5.7675691,
            51.0004539
          ],
          [
            5.7675041,
            51.0030398
          ],
          [
            5.7667598,
            51.0049548
          ],
          [
            5.7664577,
            51.0070013
          ],
          [
            5.7662979,
            51.0090997
          ],
          [
            5.7665531,
            51.010517
          ],
          [
            5.7672586,
            51.0123483
          ],
          [
            5.7678631,
            51.0135217
          ],
          [
            5.7717452,
            51.0172908
          ],
          [
            5.7744639,
            51.0197179
          ],
          [
            5.7754235,
            51.0205862
          ],
          [
            5.7761628,
            51.0215789
          ],
          [
            5.7765082,
            51.0224674
          ],
          [
            5.7762084,
            51.0235593
          ],
          [
            5.7755979,
            51.0249309
          ],
          [
            5.7745315,
            51.026259
          ],
          [
            5.7735025,
            51.0269992
          ],
          [
            5.7715794,
            51.0278774
          ],
          [
            5.7684745,
            51.0288798
          ],
          [
            5.7659694,
            51.0293293
          ],
          [
            5.763922,
            51.0296001
          ],
          [
            5.7613531,
            51.0301109
          ],
          [
            5.7600613,
            51.0306152
          ],
          [
            5.758976,
            51.0312848
          ],
          [
            5.7582502,
            51.0323691
          ],
          [
            5.7584035,
            51.0343406
          ],
          [
            5.7586065,
            51.0349803
          ],
          [
            5.7590227,
            51.0353766
          ],
          [
            5.7599164,
            51.0364245
          ],
          [
            5.760117,
            51.0366101
          ],
          [
            5.7614571,
            51.0378495
          ],
          [
            5.7624124,
            51.0387568
          ],
          [
            5.7648553,
            51.0410758
          ],
          [
            5.7663439,
            51.0428924
          ],
          [
            5.7717746,
            51.0511199
          ],
          [
            5.7723032,
            51.0536396
          ],
          [
            5.7727532,
            51.0560244
          ],
          [
            5.7723145,
            51.0581504
          ],
          [
            5.7722358,
            51.0600739
          ],
          [
            5.772562,
            51.0611313
          ],
          [
            5.7728692,
            51.0614645
          ],
          [
            5.7733606,
            51.0619975
          ],
          [
            5.7745193,
            51.0625037
          ],
          [
            5.7757116,
            51.0627624
          ],
          [
            5.7775227,
            51.0626949
          ],
          [
            5.7809311,
            51.0620537
          ],
          [
            5.783867,
            51.0612101
          ],
          [
            5.786668,
            51.0599614
          ],
          [
            5.7881528,
            51.059309
          ],
          [
            5.789599,
            51.058887
          ],
          [
            5.7903801,
            51.0587466
          ],
          [
            5.7926861,
            51.0585216
          ],
          [
            5.7961394,
            51.0590165
          ],
          [
            5.7979501,
            51.0595007
          ],
          [
            5.798243,
            51.059579
          ],
          [
            5.7990324,
            51.0600408
          ],
          [
            5.7994353,
            51.0602764
          ],
          [
            5.7999528,
            51.0607713
          ],
          [
            5.800594,
            51.0616713
          ],
          [
            5.8009877,
            51.0627511
          ],
          [
            5.8009764,
            51.0635048
          ],
          [
            5.8004078,
            51.0648917
          ],
          [
            5.7996266,
            51.0665532
          ],
          [
            5.7987267,
            51.0680718
          ],
          [
            5.7982176,
            51.0691866
          ],
          [
            5.7973446,
            51.0702225
          ],
          [
            5.7969895,
            51.0716304
          ],
          [
            5.7971306,
            51.0726603
          ],
          [
            5.7978574,
            51.0734077
          ],
          [
            5.7996769,
            51.0749324
          ],
          [
            5.8033823,
            51.0765066
          ],
          [
            5.8045411,
            51.0776427
          ],
          [
            5.8048976,
            51.0783852
          ],
          [
            5.8046984,
            51.0794942
          ],
          [
            5.8036267,
            51.081339
          ],
          [
            5.8018459,
            51.0831396
          ],
          [
            5.7989277,
            51.0851237
          ],
          [
            5.7973557,
            51.0866146
          ],
          [
            5.7957056,
            51.0887773
          ],
          [
            5.795598,
            51.0894974
          ],
          [
            5.7955421,
            51.089872
          ],
          [
            5.7960128,
            51.0911483
          ],
          [
            5.7976952,
            51.0922158
          ],
          [
            5.7987652,
            51.0928947
          ],
          [
            5.8000015,
            51.0937385
          ],
          [
            5.8017662,
            51.0945624
          ],
          [
            5.8055901,
            51.095703
          ],
          [
            5.8083214,
            51.0961219
          ],
          [
            5.8118139,
            51.0959202
          ],
          [
            5.8155103,
            51.094929
          ],
          [
            5.8206432,
            51.0927805
          ],
          [
            5.8221241,
            51.0923951
          ],
          [
            5.8237004,
            51.0923389
          ],
          [
            5.825088,
            51.0925273
          ],
          [
            5.8274881,
            51.0936501
          ],
          [
            5.8296632,
            51.0950318
          ],
          [
            5.8315633,
            51.0964796
          ],
          [
            5.8327846,
            51.0984965
          ],
          [
            5.8334107,
            51.1005104
          ],
          [
            5.833449,
            51.1019706
          ],
          [
            5.8332318,
            51.1034067
          ],
          [
            5.8321586,
            51.1049149
          ],
          [
            5.8305986,
            51.1059948
          ],
          [
            5.8289521,
            51.1068173
          ],
          [
            5.827606,
            51.1073732
          ],
          [
            5.8260249,
            51.1078085
          ],
          [
            5.8242048,
            51.1080592
          ],
          [
            5.8231271,
            51.1080445
          ],
          [
            5.8203311,
            51.1080065
          ]
        ]
      }
    },
    {
      "type": "Feature",
      "properties": {
        "name": "Maas",
        "type": "Fluss"
      },
      "geometry": {
        "type": "LineString",
        "coordinates": [
          [
            5.9839403,
            51.2108922
          ],
          [
            5.9838384,
            51.2111744
          ],
          [
            5.9837241,
            51.211491
          ],
          [
            5.9832235,
            51.2128037
          ],
          [
            5.9807879,
            51.2180803
          ],
          [
            5.9806576,
            51.2196245
          ],
          [
            5.9808211,
            51.220752
          ],
          [
            5.9810858,
            51.2214847
          ],
          [
            5.9815161,
            51.2221656
          ],
          [
            5.9824151,
            51.2233798
          ],
          [
            5.9828054,
            51.223822
          ],
          [
            5.9832666,
            51.2242234
          ],
          [
            5.9839327,
            51.2246432
          ],
          [
            5.9846628,
            51.2249982
          ],
          [
            5.9854211,
            51.2253395
          ],
          [
            5.9861928,
            51.2256327
          ],
          [
            5.9869781,
            51.226013
          ],
          [
            5.9890735,
            51.2272018
          ],
          [
            5.99196,
            51.2285022
          ]
        ]
      }
    },
    {
      "type": "Feature",
      "properties": {
        "name": "Maas",
        "type": "Fluss"
      },
      "geometry": {
        "type": "LineString",
        "coordinates": [
          [
            6.1059098,
            51.3122986
          ],
          [
            6.1119891,
            51.31893
          ],
          [
            6.1126072,
            51.3196042
          ],
          [
            6.1131157,
            51.3201092
          ],
          [
            6.1137807,
            51.3207696
          ],
          [
            6.1168142,
            51.3242548
          ],
          [
            6.1178106,
            51.3271786
          ],
          [
            6.1181209,
            51.3288405
          ]
        ]
      }
    },
    {
      "type": "Feature",
      "properties": {
        "name": "Maas",
        "type": "Fluss"
      },
      "geometry": {
        "type": "LineString",
        "coordinates": [
          [
            5.9275922,
            51.1818185
          ],
          [
            5.9281338,
            51.1837725
          ],
          [
            5.9301679,
            51.185568
          ],
          [
            5.9321582,
            51.1867816
          ],
          [
            5.9329722,
            51.1871523
          ],
          [
            5.9373172,
            51.1889024
          ],
          [
            5.9419751,
            51.1903432
          ],
          [
            5.9445446,
            51.1908383
          ],
          [
            5.9455859,
            51.1910598
          ],
          [
            5.9486671,
            51.1909693
          ],
          [
            5.9506048,
            51.1904111
          ],
          [
            5.9515918,
            51.1899434
          ],
          [
            5.9562553,
            51.1879863
          ],
          [
            5.9573908,
            51.1874804
          ],
          [
            5.9581273,
            51.1871523
          ],
          [
            5.9627611,
            51.1862319
          ],
          [
            5.9656497,
            51.1862017
          ],
          [
            5.9675414,
            51.1864728
          ],
          [
            5.9688198,
            51.1868691
          ],
          [
            5.9696997,
            51.1872337
          ],
          [
            5.9708372,
            51.1878463
          ],
          [
            5.9715595,
            51.1882864
          ],
          [
            5.9730037,
            51.1891664
          ],
          [
            5.9748091,
            51.1912258
          ],
          [
            5.9767038,
            51.1940679
          ],
          [
            5.977204,
            51.194725
          ],
          [
            5.9782729,
            51.1958377
          ],
          [
            5.9796647,
            51.1972667
          ],
          [
            5.9805679,
            51.1982848
          ],
          [
            5.9809299,
            51.1991076
          ],
          [
            5.9817464,
            51.2016085
          ]
        ]
      }
    },
    {
      "type": "Feature",
      "properties": {
        "name": "Maas",
        "type": "Fluss"
      },
      "geometry": {
        "type": "LineString",
        "coordinates": [
          [
            5.9815161,
            51.2221656
          ],
          [
            5.9820315,
            51.2226803
          ],
          [
            5.9825898,
            51.2231249
          ],
          [
            5.9830585,
            51.2233753
          ],
          [
            5.9835823,
            51.2236602
          ],
          [
            5.9840819,
            51.2239688
          ],
          [
            5.9847401,
            51.2244414
          ],
          [
            5.985195,
            51.2248644
          ],
          [
            5.9856568,
            51.2252572
          ],
          [
            5.9861928,
            51.2256327
          ]
        ]
      }
    },
    {
      "type": "Feature",
      "properties": {
        "name": "Maas",
        "type": "Fluss"
      },
      "geometry": {
        "type": "LineString",
        "coordinates": [
          [
            6.157554,
            51.3660572
          ],
          [
            6.160966,
            51.368922
          ],
          [
            6.1614907,
            51.3693304
          ],
          [
            6.1641311,
            51.3707374
          ]
        ]
      }
    },
    {
      "type": "Feature",
      "properties": {
        "name": "Maas",
        "type": "Fluss"
      },
      "geometry": {
        "type": "LineString",
        "coordinates": [
          [
            6.157554,
            51.3660572
          ],
          [
            6.1617807,
            51.3686341
          ],
          [
            6.1622262,
            51.3690088
          ],
          [
            6.1641311,
            51.3707374
          ]
        ]
      }
    },
    {
      "type": "Feature",
      "properties": {
        "name": "Maas",
        "type": "Fluss"
      },
      "geometry": {
        "type": "LineString",
        "coordinates": [
          [
            6.1181209,
            51.3288405
          ],
          [
            6.1181338,
            51.3290853
          ],
          [
            6.1182036,
            51.3304134
          ],
          [
            6.1179467,
            51.332324
          ],
          [
            6.1173474,
            51.3339578
          ],
          [
            6.1167368,
            51.3356221
          ],
          [
            6.1163655,
            51.3370141
          ],
          [
            6.1165584,
            51.3382153
          ],
          [
            6.116611,
            51.338601
          ],
          [
            6.1171824,
            51.3396008
          ],
          [
            6.1182846,
            51.3408113
          ],
          [
            6.1211408,
            51.3424466
          ],
          [
            6.1238605,
            51.3436836
          ],
          [
            6.1250076,
            51.3442646
          ],
          [
            6.1259001,
            51.3447267
          ],
          [
            6.1332205,
            51.3486134
          ],
          [
            6.1365456,
            51.3507244
          ],
          [
            6.137783,
            51.3514582
          ],
          [
            6.1411187,
            51.3535462
          ],
          [
            6.1457576,
            51.3556844
          ],
          [
            6.1460584,
            51.3558288
          ],
          [
            6.1467951,
            51.3561798
          ],
          [
            6.1473633,
            51.3564505
          ],
          [
            6.1489937,
            51.3572898
          ],
          [
            6.150648,
            51.3583392
          ],
          [
            6.1521972,
            51.3602903
          ],
          [
            6.1540695,
            51.3628663
          ],
          [
            6.1549785,
            51.3637496
          ],
          [
            6.1555845,
            51.3643072
          ],
          [
            6.157554,
            51.3660572
          ]
        ]
      }
    },
    {
      "type": "Feature",
      "properties": {
        "name": "Maas",
        "type": "Fluss"
      },
      "geometry": {
        "type": "LineString",
        "coordinates": [
          [
            5.9306528,
            51.1673066
          ],
          [
            5.9318848,
            51.1666345
          ],
          [
            5.9327724,
            51.1661808
          ],
          [
            5.9354285,
            51.1645957
          ],
          [
            5.937447,
            51.1630531
          ]
        ]
      }
    },
    {
      "type": "Feature",
      "properties": {
        "name": "Maas",
        "type": "Fluss"
      },
      "geometry": {
        "type": "LineString",
        "coordinates": [
          [
            5.9127901,
            51.1669993
          ],
          [
            5.9139304,
            51.1673831
          ],
          [
            5.9155452,
            51.1677754
          ],
          [
            5.9170317,
            51.1679694
          ],
          [
            5.9186164,
            51.167941
          ],
          [
            5.9225408,
            51.1681266
          ],
          [
            5.928245,
            51.16769
          ],
          [
            5.9306528,
            51.1673066
          ]
        ]
      }
    },
    {
      "type": "Feature",
      "properties": {
        "name": "Maas",
        "type": "Fluss"
      },
      "geometry": {
        "type": "LineString",
        "coordinates": [
          [
            5.9049653,
            51.1652676
          ],
          [
            5.907441,
            51.1654841
          ],
          [
            5.9100292,
            51.1661004
          ],
          [
            5.9102527,
            51.1661732
          ],
          [
            5.9127901,
            51.1669993
          ]
        ]
      }
    },
    {
      "type": "Feature",
      "properties": {
        "name": "Maas",
        "type": "Fluss"
      },
      "geometry": {
        "type": "LineString",
        "coordinates": [
          [
            5.937447,
            51.1630531
          ],
          [
            5.9381149,
            51.1625564
          ],
          [
            5.938609,
            51.162189
          ],
          [
            5.9400617,
            51.1613874
          ],
          [
            5.941601,
            51.1607864
          ],
          [
            5.9427933,
            51.1604788
          ],
          [
            5.9440562,
            51.1603823
          ],
          [
            5.9452513,
            51.1604752
          ],
          [
            5.9470868,
            51.160784
          ],
          [
            5.9485772,
            51.1611153
          ],
          [
            5.9497694,
            51.161508
          ],
          [
            5.951049,
            51.162167
          ],
          [
            5.9521048,
            51.1628212
          ],
          [
            5.9528896,
            51.163673
          ],
          [
            5.9533574,
            51.1646099
          ],
          [
            5.9536291,
            51.1655657
          ],
          [
            5.95378,
            51.1666351
          ],
          [
            5.953614,
            51.1675246
          ],
          [
            5.9530717,
            51.1684191
          ]
        ]
      }
    },
    {
      "type": "Feature",
      "properties": {
        "name": "Maas",
        "type": "Fluss"
      },
      "geometry": {
        "type": "LineString",
        "coordinates": [
          [
            5.8950217,
            51.1636661
          ],
          [
            5.8992394,
            51.1643312
          ],
          [
            5.9023363,
            51.1648377
          ],
          [
            5.9049653,
            51.1652676
          ]
        ]
      }
    },
    {
      "type": "Feature",
      "properties": {
        "name": "Maas",
        "type": "Fluss"
      },
      "geometry": {
        "type": "LineString",
        "coordinates": [
          [
            6.1641311,
            51.3707374
          ],
          [
            6.1656938,
            51.3718317
          ],
          [
            6.167033,
            51.3736348
          ],
          [
            6.1670909,
            51.37397
          ],
          [
            6.1673218,
            51.3753066
          ],
          [
            6.1671691,
            51.37609
          ],
          [
            6.1669017,
            51.3768146
          ],
          [
            6.1655888,
            51.3788628
          ],
          [
            6.1618516,
            51.3836756
          ],
          [
            6.1594043,
            51.3870398
          ],
          [
            6.1572187,
            51.3899683
          ],
          [
            6.1545742,
            51.3935328
          ]
        ]
      }
    },
    {
      "type": "Feature",
      "properties": {
        "name": "Maas",
        "type": "Fluss"
      },
      "geometry": {
        "type": "LineString",
        "coordinates": [
          [
            5.9817464,
            51.2016085
          ],
          [
            5.9834397,
            51.2053111
          ],
          [
            5.9838706,
            51.2068699
          ],
          [
            5.9840377,
            51.2082425
          ],
          [
            5.9839886,
            51.2095047
          ],
          [
            5.9839403,
            51.2108922
          ]
        ]
      }
    },
    {
      "type": "Feature",
      "properties": {
        "name": "Maas",
        "type": "Fluss"
      },
      "geometry": {
        "type": "LineString",
        "coordinates": [
          [
            5.9287283,
            51.1785874
          ],
          [
            5.928586,
            51.178875
          ],
          [
            5.9279015,
            51.1803123
          ],
          [
            5.9277053,
            51.1809438
          ],
          [
            5.9275922,
            51.1818185
          ]
        ]
      }
    },
    {
      "type": "Feature",
      "properties": {
        "name": "Maas",
        "type": "Fluss"
      },
      "geometry": {
        "type": "LineString",
        "coordinates": [
          [
            5.9530717,
            51.1684191
          ],
          [
            5.9528141,
            51.1687075
          ],
          [
            5.9517804,
            51.1695403
          ],
          [
            5.950667,
            51.170193
          ],
          [
            5.949245,
            51.1707799
          ],
          [
            5.9471246,
            51.1714706
          ],
          [
            5.9437591,
            51.1722087
          ],
          [
            5.937625,
            51.173466
          ],
          [
            5.9347267,
            51.1738409
          ],
          [
            5.9328931,
            51.1742146
          ],
          [
            5.9312632,
            51.1749243
          ],
          [
            5.930252,
            51.1758231
          ],
          [
            5.9287283,
            51.1785874
          ]
        ]
      }
    },
    {
      "type": "Feature",
      "properties": {
        "name": "Maas",
        "type": "Fluss"
      },
      "geometry": {
        "type": "LineString",
        "coordinates": [
          [
            5.8183967,
            51.1241056
          ],
          [
            5.8196648,
            51.1251809
          ],
          [
            5.821143,
            51.126427
          ],
          [
            5.8220317,
            51.1272394
          ],
          [
            5.8236287,
            51.128362
          ],
          [
            5.825328,
            51.1292039
          ],
          [
            5.8279728,
            51.1300458
          ],
          [
            5.8310903,
            51.1304949
          ],
          [
            5.8331993,
            51.1306278
          ],
          [
            5.8346805,
            51.1306472
          ],
          [
            5.8395823,
            51.1305701
          ],
          [
            5.8407878,
            51.1309479
          ]
        ]
      }
    },
    {
      "type": "Feature",
      "properties": {
        "name": "Maas",
        "type": "Fluss"
      },
      "geometry": {
        "type": "LineString",
        "coordinates": [
          [
            5.8203311,
            51.1080065
          ],
          [
            5.8192134,
            51.1079513
          ],
          [
            5.8148493,
            51.1077359
          ],
          [
            5.8137023,
            51.1078291
          ],
          [
            5.8127989,
            51.1081212
          ],
          [
            5.8116735,
            51.1086251
          ],
          [
            5.8100427,
            51.1097028
          ],
          [
            5.808816,
            51.111057
          ],
          [
            5.8084169,
            51.1123559
          ],
          [
            5.8082403,
            51.1132323
          ],
          [
            5.8084978,
            51.1146332
          ],
          [
            5.8101063,
            51.1177268
          ],
          [
            5.8109375,
            51.1188043
          ],
          [
            5.811791,
            51.119522
          ],
          [
            5.8150301,
            51.1214412
          ],
          [
            5.8171274,
            51.1230294
          ],
          [
            5.8183967,
            51.1241056
          ]
        ]
      }
    },
    {
      "type": "Feature",
      "properties": {
        "name": "Maas",
        "type": "Fluss"
      },
      "geometry": {
        "type": "LineString",
        "coordinates": [
          [
            6.1714727,
            51.4573425
          ],
          [
            6.1743611,
            51.4597149
          ],
          [
            6.1749223,
            51.4602439
          ],
          [
            6.1758587,
            51.4611848
          ],
          [
            6.1766905,
            51.4620206
          ],
          [
            6.1781186,
            51.4644906
          ],
          [
            6.1790723,
            51.4670351
          ],
          [
            6.1791391,
            51.4685556
          ],
          [
            6.1791164,
            51.4692835
          ],
          [
            6.1788607,
            51.4700682
          ],
          [
            6.1784153,
            51.471435
          ],
          [
            6.1776722,
            51.4734543
          ],
          [
            6.1766744,
            51.4750408
          ],
          [
            6.1752943,
            51.4764484
          ],
          [
            6.1748381,
            51.4769866
          ],
          [
            6.1744614,
            51.4773749
          ],
          [
            6.1739174,
            51.4779355
          ],
          [
            6.1706214,
            51.4812555
          ],
          [
            6.1703664,
            51.4815124
          ],
          [
            6.1684032,
            51.4839861
          ],
          [
            6.1680057,
            51.4846724
          ],
          [
            6.1668479,
            51.4866013
          ],
          [
            6.1666907,
            51.487975
          ],
          [
            6.1666439,
            51.4883845
          ],
          [
            6.1666319,
            51.4900664
          ],
          [
            6.1670903,
            51.4920467
          ],
          [
            6.1675575,
            51.4934272
          ],
          [
            6.1683585,
            51.495881
          ],
          [
            6.1685994,
            51.4966192
          ],
          [
            6.1694706,
            51.5000719
          ],
          [
            6.1694809,
            51.5008474
          ],
          [
            6.1694933,
            51.5017821
          ],
          [
            6.1694654,
            51.502173
          ],
          [
            6.1691511,
            51.5036147
          ],
          [
            6.1679896,
            51.506362
          ],
          [
            6.1666711,
            51.5079998
          ],
          [
            6.1650859,
            51.5097237
          ],
          [
            6.1645103,
            51.5101445
          ],
          [
            6.1617175,
            51.5121272
          ],
          [
            6.1590573,
            51.5132837
          ],
          [
            6.1563746,
            51.5141331
          ],
          [
            6.1546526,
            51.5146022
          ],
          [
            6.1525631,
            51.5151715
          ],
          [
            6.1492313,
            51.5160847
          ],
          [
            6.1440336,
            51.5181266
          ],
          [
            6.1410049,
            51.5199077
          ],
          [
            6.1396489,
            51.5207285
          ],
          [
            6.1358159,
            51.5231857
          ],
          [
            6.1307231,
            51.5261329
          ]
        ]
      }
    },
    {
      "type": "Feature",
      "properties": {
        "name": "Maas",
        "type": "Fluss"
      },
      "geometry": {
        "type": "LineString",
        "coordinates": [
          [
            6.1583545,
            51.4230354
          ],
          [
            6.1584077,
            51.4239856
          ],
          [
            6.1581929,
            51.4259177
          ],
          [
            6.1570802,
            51.4294179
          ],
          [
            6.1569152,
            51.429937
          ],
          [
            6.1553201,
            51.4332859
          ],
          [
            6.1540224,
            51.4371963
          ],
          [
            6.1539788,
            51.4378097
          ],
          [
            6.1540629,
            51.4391961
          ],
          [
            6.1546795,
            51.4413432
          ],
          [
            6.1552141,
            51.4427838
          ],
          [
            6.1564863,
            51.4449778
          ],
          [
            6.1577245,
            51.4461283
          ],
          [
            6.1590559,
            51.4473145
          ],
          [
            6.1614607,
            51.4494617
          ],
          [
            6.1618609,
            51.4498296
          ],
          [
            6.1659404,
            51.4535809
          ],
          [
            6.1706751,
            51.4568002
          ],
          [
            6.1714727,
            51.4573425
          ]
        ]
      }
    },
    {
      "type": "Feature",
      "properties": {
        "name": "Maas",
        "type": "Fluss"
      },
      "geometry": {
        "type": "LineString",
        "coordinates": [
          [
            6.1553762,
            51.4180165
          ],
          [
            6.1565668,
            51.4190732
          ],
          [
            6.1575315,
            51.4203106
          ],
          [
            6.1577578,
            51.4207322
          ],
          [
            6.158309,
            51.422224
          ],
          [
            6.1583545,
            51.4230354
          ]
        ]
      }
    },
    {
      "type": "Feature",
      "properties": {
        "name": "Maas",
        "type": "Fluss"
      },
      "geometry": {
        "type": "LineString",
        "coordinates": [
          [
            6.1529336,
            51.3960381
          ],
          [
            6.152588,
            51.3967092
          ],
          [
            6.1511658,
            51.3999467
          ],
          [
            6.1501103,
            51.4039261
          ],
          [
            6.1500306,
            51.4042266
          ],
          [
            6.1491393,
            51.4075597
          ],
          [
            6.1491912,
            51.409837
          ],
          [
            6.149379,
            51.4105618
          ],
          [
            6.1495857,
            51.4113595
          ],
          [
            6.1501977,
            51.4125061
          ],
          [
            6.1504585,
            51.4129998
          ],
          [
            6.1507012,
            51.4134592
          ],
          [
            6.1526333,
            51.4159732
          ],
          [
            6.1553762,
            51.4180165
          ]
        ]
      }
    },
    {
      "type": "Feature",
      "properties": {
        "name": "Maas",
        "type": "Fluss"
      },
      "geometry": {
        "type": "LineString",
        "coordinates": [
          [
            6.1545742,
            51.3935328
          ],
          [
            6.1534207,
            51.3951521
          ],
          [
            6.1532553,
            51.3954133
          ],
          [
            6.1531223,
            51.3956715
          ],
          [
            6.1529336,
            51.3960381
          ]
        ]
      }
    },
    {
      "type": "Feature",
      "properties": {
        "name": "Maas",
        "type": "Fluss"
      },
      "geometry": {
        "type": "LineString",
        "coordinates": [
          [
            6.0966231,
            51.3052064
          ],
          [
            6.0981362,
            51.3060883
          ],
          [
            6.1000595,
            51.3071349
          ],
          [
            6.1020437,
            51.3082093
          ],
          [
            6.1037763,
            51.3095673
          ],
          [
            6.1059098,
            51.3122986
          ]
        ]
      }
    },
    {
      "type": "Feature",
      "properties": {
        "name": "Maas",
        "type": "Fluss"
      },
      "geometry": {
        "type": "LineString",
        "coordinates": [
          [
            6.060636,
            51.290783
          ],
          [
            6.06391,
            51.2916522
          ],
          [
            6.0704668,
            51.2933413
          ],
          [
            6.0719033,
            51.2937128
          ],
          [
            6.0772773,
            51.2950655
          ],
          [
            6.0828964,
            51.2966694
          ],
          [
            6.0848914,
            51.2974214
          ],
          [
            6.0879218,
            51.2985297
          ],
          [
            6.089255,
            51.2993857
          ],
          [
            6.0923936,
            51.3016162
          ],
          [
            6.0947629,
            51.303711
          ],
          [
            6.0959518,
            51.3047621
          ],
          [
            6.0966231,
            51.3052064
          ]
        ]
      }
    },
    {
      "type": "Feature",
      "properties": {
        "name": "Dode Maas",
        "type": "Fluss"
      },
      "geometry": {
        "type": "LineString",
        "coordinates": [
          [
            6.0161643,
            51.2518876
          ],
          [
            6.0163276,
            51.2521326
          ],
          [
            6.016471,
            51.2526679
          ],
          [
            6.0164198,
            51.2531808
          ],
          [
            6.0161022,
            51.2539341
          ],
          [
            6.01559,
            51.2545849
          ],
          [
            6.0145606,
            51.255367
          ],
          [
            6.0130906,
            51.2560017
          ],
          [
            6.0089889,
            51.2569513
          ],
          [
            6.008214,
            51.2572606
          ],
          [
            6.0074437,
            51.2576736
          ],
          [
            6.0072792,
            51.2577539
          ],
          [
            6.0069507,
            51.2577938
          ],
          [
            6.0065888,
            51.2577664
          ],
          [
            6.0058848,
            51.257663
          ]
        ]
      }
    },
    {
      "type": "Feature",
      "properties": {
        "name": "Altarm Rur",
        "type": "Fluss"
      },
      "geometry": {
        "type": "LineString",
        "coordinates": [
          [
            6.2450057,
            51.0254605
          ],
          [
            6.2444188,
            51.0255652
          ],
          [
            6.2441415,
            51.0256111
          ],
          [
            6.2438131,
            51.02568
          ],
          [
            6.2436161,
            51.0256892
          ],
          [
            6.24343,
            51.0257052
          ],
          [
            6.2431819,
            51.0257511
          ],
          [
            6.2428425,
            51.0258567
          ],
          [
            6.2425688,
            51.0259072
          ],
          [
            6.2423536,
            51.0258957
          ],
          [
            6.2418829,
            51.0259118
          ],
          [
            6.2414705,
            51.0259324
          ],
          [
            6.241102,
            51.0260311
          ],
          [
            6.2407481,
            51.0262377
          ],
          [
            6.2403905,
            51.0264924
          ],
          [
            6.2402044,
            51.0266623
          ],
          [
            6.2401789,
            51.0267602
          ],
          [
            6.2402988,
            51.0269564
          ]
        ]
      }
    },
    {
      "type": "Feature",
      "properties": {
        "name": "Altarm Rur",
        "type": "Fluss"
      },
      "geometry": {
        "type": "LineString",
        "coordinates": [
          [
            6.2341473,
            51.0309804
          ],
          [
            6.2343178,
            51.031096
          ]
        ]
      }
    },
    {
      "type": "Feature",
      "properties": {
        "name": "Altarm Rur",
        "type": "Fluss"
      },
      "geometry": {
        "type": "LineString",
        "coordinates": [
          [
            6.2340652,
            51.0309443
          ],
          [
            6.2341473,
            51.0309804
          ]
        ]
      }
    },
    {
      "type": "Feature",
      "properties": {
        "name": "Altarm Rur",
        "type": "Fluss"
      },
      "geometry": {
        "type": "LineString",
        "coordinates": [
          [
            6.2339533,
            51.0297303
          ],
          [
            6.2335069,
            51.0296492
          ],
          [
            6.2331986,
            51.0296403
          ],
          [
            6.2330528,
            51.0296865
          ],
          [
            6.2329883,
            51.0297644
          ],
          [
            6.2329509,
            51.029934
          ],
          [
            6.2329961,
            51.0300987
          ],
          [
            6.2330812,
            51.0303453
          ],
          [
            6.2332347,
            51.0304963
          ],
          [
            6.2334115,
            51.0306106
          ],
          [
            6.2337869,
            51.0307948
          ],
          [
            6.2340531,
            51.0309366
          ],
          [
            6.2340652,
            51.0309443
          ]
        ]
      }
    },
    {
      "type": "Feature",
      "properties": {
        "name": "Altarm Rur",
        "type": "Fluss"
      },
      "geometry": {
        "type": "LineString",
        "coordinates": [
          [
            6.2299366,
            51.0362657
          ],
          [
            6.2295115,
            51.0364045
          ],
          [
            6.2288455,
            51.0368473
          ],
          [
            6.228581,
            51.0369357
          ],
          [
            6.228196,
            51.0370297
          ],
          [
            6.2277509,
            51.0371078
          ],
          [
            6.2273969,
            51.0371571
          ],
          [
            6.2270611,
            51.0371436
          ]
        ]
      }
    },
    {
      "type": "Feature",
      "properties": {
        "name": "Ruraltarm",
        "type": "Fluss"
      },
      "geometry": {
        "type": "LineString",
        "coordinates": [
          [
            6.2539873,
            51.017064
          ],
          [
            6.2537085,
            51.0174822
          ],
          [
            6.2535624,
            51.017727
          ],
          [
            6.2534755,
            51.0184092
          ]
        ]
      }
    },
    {
      "type": "Feature",
      "properties": {
        "name": "Ruraltarm",
        "type": "Fluss"
      },
      "geometry": {
        "type": "LineString",
        "coordinates": [
          [
            6.2570452,
            51.0113227
          ],
          [
            6.256949,
            51.0116444
          ],
          [
            6.2568868,
            51.0117483
          ],
          [
            6.2567508,
            51.0119067
          ],
          [
            6.2565795,
            51.0119898
          ],
          [
            6.2563086,
            51.0120525
          ],
          [
            6.2561016,
            51.0120613
          ],
          [
            6.2555045,
            51.0119817
          ],
          [
            6.2553453,
            51.0119407
          ],
          [
            6.2552156,
            51.0119368
          ],
          [
            6.254928,
            51.0119076
          ],
          [
            6.2547941,
            51.0118775
          ]
        ]
      }
    },
    {
      "type": "Feature",
      "properties": {
        "name": "Verlengde Oude Maas",
        "type": "Fluss"
      },
      "geometry": {
        "type": "LineString",
        "coordinates": [
          [
            5.8535081,
            51.122105
          ],
          [
            5.8545237,
            51.1226878
          ],
          [
            5.8595359,
            51.1255642
          ],
          [
            5.8610396,
            51.127997
          ],
          [
            5.861194,
            51.128189
          ],
          [
            5.8612936,
            51.1283944
          ],
          [
            5.861381,
            51.1285493
          ],
          [
            5.8617704,
            51.1292257
          ],
          [
            5.8618144,
            51.1292784
          ],
          [
            5.8629344,
            51.1306197
          ],
          [
            5.8638518,
            51.131236
          ],
          [
            5.8646422,
            51.1317934
          ],
          [
            5.8656516,
            51.1325583
          ],
          [
            5.8670489,
            51.1336595
          ],
          [
            5.867931,
            51.1349577
          ],
          [
            5.8686814,
            51.136366
          ],
          [
            5.8694535,
            51.1396375
          ],
          [
            5.8713638,
            51.1419153
          ],
          [
            5.8714724,
            51.1422405
          ],
          [
            5.8718919,
            51.1436
          ],
          [
            5.8721906,
            51.1444919
          ],
          [
            5.872504,
            51.1456593
          ],
          [
            5.8727582,
            51.147412
          ],
          [
            5.8732105,
            51.1482641
          ]
        ]
      }
    },
    {
      "type": "Feature",
      "properties": {
        "name": "Alte Erft",
        "type": "Fluss"
      },
      "geometry": {
        "type": "LineString",
        "coordinates": [
          [
            6.6272327,
            51.1158025
          ],
          [
            6.6275707,
            51.1159284
          ],
          [
            6.6277688,
            51.1159586
          ],
          [
            6.6279493,
            51.1159518
          ],
          [
            6.6287373,
            51.1156648
          ],
          [
            6.6291838,
            51.115582
          ],
          [
            6.6293984,
            51.1155923
          ],
          [
            6.6295291,
            51.1156228
          ],
          [
            6.6295847,
            51.1157143
          ],
          [
            6.6295686,
            51.1158671
          ],
          [
            6.6293887,
            51.1161192
          ],
          [
            6.6291016,
            51.1163246
          ],
          [
            6.6279806,
            51.116573
          ],
          [
            6.6273064,
            51.1165945
          ]
        ]
      }
    },
    {
      "type": "Feature",
      "properties": {
        "name": "Alte Erft",
        "type": "Fluss"
      },
      "geometry": {
        "type": "LineString",
        "coordinates": [
          [
            6.682652,
            51.1547873
          ],
          [
            6.6829222,
            51.1547811
          ],
          [
            6.6833966,
            51.1548023
          ],
          [
            6.6838387,
            51.1548339
          ],
          [
            6.6842394,
            51.154897
          ],
          [
            6.6846541,
            51.1549897
          ],
          [
            6.6850396,
            51.1551249
          ],
          [
            6.6853684,
            51.1552619
          ],
          [
            6.6856261,
            51.1554299
          ],
          [
            6.6859048,
            51.155611
          ],
          [
            6.6860358,
            51.1557394
          ],
          [
            6.6860927,
            51.1558242
          ],
          [
            6.6860874,
            51.1559016
          ],
          [
            6.6860404,
            51.1559745
          ],
          [
            6.6859409,
            51.1560321
          ],
          [
            6.6857517,
            51.1560625
          ],
          [
            6.6855254,
            51.1560427
          ],
          [
            6.6853616,
            51.1560722
          ],
          [
            6.6852668,
            51.1561396
          ],
          [
            6.6852507,
            51.156244
          ],
          [
            6.6853071,
            51.1563249
          ],
          [
            6.6854414,
            51.1564113
          ],
          [
            6.6855019,
            51.1564723
          ],
          [
            6.6855469,
            51.1565507
          ],
          [
            6.6855187,
            51.1566408
          ],
          [
            6.6854521,
            51.1567087
          ],
          [
            6.6853071,
            51.1568177
          ],
          [
            6.685171,
            51.1569345
          ]
        ]
      }
    },
    {
      "type": "Feature",
      "properties": {
        "name": "Alte Erft",
        "type": "Fluss"
      },
      "geometry": {
        "type": "LineString",
        "coordinates": [
          [
            6.5786414,
            50.9968789
          ],
          [
            6.5785126,
            50.9969651
          ],
          [
            6.5775777,
            50.9968431
          ],
          [
            6.5771986,
            50.996808
          ],
          [
            6.5768893,
            50.9967951
          ],
          [
            6.5764052,
            50.9968278
          ],
          [
            6.5762267,
            50.9968812
          ],
          [
            6.5760399,
            50.9972333
          ],
          [
            6.5759137,
            50.9974303
          ],
          [
            6.5758442,
            50.997505
          ],
          [
            6.5757103,
            50.9975914
          ],
          [
            6.5752125,
            50.9978972
          ],
          [
            6.574888,
            50.99811
          ],
          [
            6.5745413,
            50.9983186
          ],
          [
            6.5742871,
            50.9984001
          ]
        ]
      }
    },
    {
      "type": "Feature",
      "properties": {
        "name": "Alte Erft",
        "type": "Fluss"
      },
      "geometry": {
        "type": "LineString",
        "coordinates": [
          [
            6.685171,
            51.1569345
          ],
          [
            6.6850308,
            51.1571132
          ]
        ]
      }
    },
    {
      "type": "Feature",
      "properties": {
        "name": "Niers-Altarm",
        "type": "Fluss"
      },
      "geometry": {
        "type": "LineString",
        "coordinates": [
          [
            6.3051979,
            51.497982
          ],
          [
            6.3051663,
            51.4981463
          ],
          [
            6.3051521,
            51.4982204
          ],
          [
            6.3052812,
            51.498798
          ],
          [
            6.3055229,
            51.4993378
          ],
          [
            6.305772,
            51.499939
          ],
          [
            6.3058556,
            51.5004139
          ],
          [
            6.3060654,
            51.5009175
          ],
          [
            6.3062658,
            51.5010837
          ],
          [
            6.306532,
            51.5011685
          ],
          [
            6.3069095,
            51.5012131
          ],
          [
            6.3072716,
            51.5011754
          ],
          [
            6.3077311,
            51.5011041
          ],
          [
            6.3082338,
            51.5010431
          ],
          [
            6.3086114,
            51.5010964
          ]
        ]
      }
    },
    {
      "type": "Feature",
      "properties": {
        "name": "Niers-Altarm",
        "type": "Fluss"
      },
      "geometry": {
        "type": "LineString",
        "coordinates": [
          [
            6.3046448,
            51.4952819
          ],
          [
            6.3053031,
            51.4958952
          ],
          [
            6.3059492,
            51.4967214
          ],
          [
            6.3064203,
            51.4975665
          ]
        ]
      }
    },
    {
      "type": "Feature",
      "properties": {
        "name": "Afgesneden Maas",
        "type": "Fluss"
      },
      "geometry": {
        "type": "LineString",
        "coordinates": [
          [
            5.9806836,
            51.2133491
          ],
          [
            5.9805066,
            51.2138847
          ],
          [
            5.9797594,
            51.2162644
          ],
          [
            5.9788859,
            51.2187246
          ],
          [
            5.978626,
            51.2204109
          ],
          [
            5.9788736,
            51.2214648
          ]
        ]
      }
    }
  ]
}