{"type": "FeatureCollection", "features": [{"type": "Feature", "properties": {"name": "Rur Einzugsgebiet (auf Untersuchungsgebiet zugeschnitten)"}, "geometry": {"type": "MultiPolygon", "coordinates": [[[[6.169655309901444, 50.66222462367368], [6.17051720484413, 50.66230023526826], [6.171453200494034, 50.662379975353105], [6.172166742003782, 50.662410967660556], [6.172705798863451, 50.66239868959084], [6.174045350619943, 50.662320535561044], [6.1747098084859555, 50.66231295525919], [6.175310816896637, 50.6623476566402], [6.176152368353101, 50.66243401821928], [6.177541712923077, 50.66258214425066], [6.178926837104316, 50.66272904497575], [6.179126005467387, 50.66274974594204], [6.179191321808602, 50.66275652724526], [6.180320823916234, 50.66287390392519], [6.181413863667496, 50.66298910979735], [6.18142234370753, 50.66299000766386], [6.181430822671679, 50.66299092349403], [6.182280894778892, 50.663083068740036], [6.183137930060952, 50.663218283047726], [6.183959008219396, 50.66342514943708], [6.185502091865374, 50.66391383762266], [6.185929864816152, 50.66403477931704], [6.186797836049959, 50.66420720072328], [6.186943196546086, 50.6639596484788], [6.188102931955044, 50.66401784377716], [6.188172537605483, 50.664021341403284], [6.1882474070603495, 50.664025092007755], [6.188288764101112, 50.66402716993163], [6.188228341715201, 50.6641596218178], [6.188158585045208, 50.664351630025536], [6.188340403536247, 50.66434951630346], [6.188402661687164, 50.66434879757833], [6.18847594347639, 50.66416717377368], [6.1885355786269365, 50.66403320057069], [6.188576202268541, 50.664033578595244], [6.188619215863567, 50.664033987314994], [6.189471230549496, 50.664042031056994], [6.189500966347164, 50.664209500609935], [6.190270100839073, 50.66417261349254], [6.191188895027339, 50.664123922279224], [6.191718804931089, 50.664076371274994], [6.192244429617935, 50.663982272655495], [6.192827708546986, 50.66381300379982], [6.193274759903132, 50.66363220942065], [6.193688550192284, 50.66341154598118], [6.19406635657828, 50.66314824969314], [6.194336155406677, 50.662895285185385], [6.194593629650754, 50.66257697035342], [6.194782710557836, 50.6622376500054], [6.194959999716355, 50.661831634246866], [6.194971343025042, 50.6618056326731], [6.195089495560667, 50.66153504432287], [6.195357130351273, 50.66090622658036], [6.19565048071908, 50.66023664085406], [6.196015731480452, 50.65937744105242], [6.196096841575041, 50.65908874308927], [6.1961522898890005, 50.65888657211492], [6.196153220238446, 50.65887523365556], [6.196160354825099, 50.65878803565824], [6.196147422075731, 50.658697296158955], [6.196100797219688, 50.65837024373524], [6.195913363085578, 50.6578417458581], [6.195885362059281, 50.657773302240685], [6.1956587934604626, 50.657467030972235], [6.195442594757435, 50.65723706288198], [6.1955454941766765, 50.65719247838988], [6.1953358654177295, 50.657011853729585], [6.195207320033528, 50.656912185934345], [6.194911615423019, 50.65672636598769], [6.194194732316324, 50.65631858955706], [6.193531078014854, 50.65593742172752], [6.193507072209017, 50.65591950954756], [6.193467908154877, 50.65589026696381], [6.1934536150983766, 50.65587961406017], [6.193412716957275, 50.655849079339774], [6.192482063051823, 50.65530001628853], [6.191038132169708, 50.654466012723574], [6.19029888041931, 50.65404249723579], [6.189992663112973, 50.653877666316035], [6.1895320465271855, 50.65360056380461], [6.189341507466311, 50.65348593635732], [6.189097561234119, 50.65333638656025], [6.189051194471426, 50.653303919222076], [6.188752874962041, 50.65313682890984], [6.188623481432035, 50.653064316480474], [6.1884593351365105, 50.65296389841846], [6.187962947476426, 50.652660127748554], [6.187551760471892, 50.65244557575753], [6.1873710254536505, 50.652332782912396], [6.187208691770622, 50.65222129779349], [6.186882686613436, 50.65198476581456], [6.186559202383529, 50.651749903928994], [6.186323237656411, 50.6515634629195], [6.186252325678526, 50.65149739810677], [6.186127591453923, 50.651367678231225], [6.186010226854755, 50.65123421441213], [6.185994263374617, 50.6512160542101], [6.185956447652646, 50.65116653051769], [6.185670318865802, 50.650791704513765], [6.185667169784015, 50.65078758058268], [6.185627639806344, 50.650795368505804], [6.185624003018303, 50.650783074173276], [6.185619001275842, 50.650766159318266], [6.185612879176136, 50.65074550238297], [6.185611419863968, 50.650734178183285], [6.185712104047222, 50.650701476437966], [6.185639347133486, 50.65057330900606], [6.185483596743272, 50.65037461045432], [6.185402198180036, 50.65020618752035], [6.185137717190946, 50.64982536182258], [6.185121505128439, 50.649798596104056], [6.185092041310727, 50.649749741744714], [6.1849393422592245, 50.649497738850094], [6.184882849517881, 50.64940451450677], [6.184688745839706, 50.64944338544081], [6.184491925505124, 50.649040887485896], [6.184325432293096, 50.64872392890877], [6.184304535129826, 50.648653693070884], [6.184087850087484, 50.64816925375354], [6.184063414950356, 50.648175670090936], [6.18401000699069, 50.648065698912944], [6.183968111856009, 50.647979438541164], [6.183954317391478, 50.647974715302034], [6.183915763327437, 50.647961495525166], [6.183863345814973, 50.64794352383141], [6.183859546937612, 50.6479422266058], [6.1838218766754895, 50.64795798362154], [6.1838015181316734, 50.6479664954217], [6.18376778135317, 50.647980116748386], [6.183805754042747, 50.64807919939517], [6.183883274190105, 50.648280137259405], [6.184062903311208, 50.64866738759553], [6.183858542183156, 50.648750049423654], [6.1835982112990155, 50.64882158845412], [6.182533934605844, 50.64911407374573], [6.182550320322797, 50.64913720099865], [6.182583624802006, 50.64918424197862], [6.182595770681896, 50.649201383800595], [6.181819989183903, 50.649419202235656], [6.181730465872629, 50.64944036007719], [6.181203313201057, 50.64957462665017], [6.181194087716516, 50.64957700293474], [6.1813349040773815, 50.64969680909053], [6.181627003394225, 50.64992705835548], [6.181796822201179, 50.65005638114121], [6.18203556325344, 50.65023809533746], [6.182212243047022, 50.65037385315873], [6.182475447019624, 50.65057618161406], [6.182535145716493, 50.65062193624899], [6.182744330467615, 50.6507827036768], [6.1828497045651645, 50.6508636278756], [6.182875950383066, 50.65088371936977], [6.182553805658972, 50.65108547695914], [6.182255513687685, 50.65126689708647], [6.182521223018973, 50.65143100256516], [6.182727131014861, 50.651558165710775], [6.183475937768548, 50.652020748564915], [6.183546356051254, 50.652058126564015], [6.182935586435508, 50.65234439395114], [6.182852308456978, 50.652383811039904], [6.182722442419208, 50.65245221677709], [6.18255207728424, 50.6525419595214], [6.182280217244524, 50.652685151147054], [6.181891327399549, 50.65289001438453], [6.181502898536383, 50.653094446737406], [6.181159279777427, 50.65327639518355], [6.181126737164958, 50.653293624754134], [6.181058818099165, 50.65332106200424], [6.180946760745004, 50.65337813121348], [6.18069098258758, 50.65350850359477], [6.180580599757943, 50.6535647674523], [6.17991230938054, 50.65390522566648], [6.179870111835225, 50.6539267726307], [6.179394132566733, 50.6541626567312], [6.178907509795313, 50.65431117184936], [6.178872820865919, 50.65430115640614], [6.178787095769548, 50.65432816997223], [6.178302802854374, 50.6544665564985], [6.178006444577852, 50.654552789930854], [6.177643034100277, 50.65465852717611], [6.177615896057073, 50.65466180932481], [6.175707346439574, 50.65535965324112], [6.175101481197391, 50.65558050683051], [6.176221942166584, 50.65620534009746], [6.169655309901444, 50.66222462367368]]], [[[6.16157545681443, 50.669630996532895], [6.1615368558467525, 50.669682886676696], [6.161524763637361, 50.66969914308571], [6.161521005700336, 50.66970512323991], [6.161575323927246, 50.669738766778494], [6.161707225431649, 50.66967947394016], [6.161764782077543, 50.669664847234834], [6.1618878780597, 50.66967219175605], [6.161955061381142, 50.66970937789913], [6.161969512075934, 50.669731678277635], [6.161950587102503, 50.669760541374814], [6.161845690313335, 50.669782335049746], [6.161811699894673, 50.669801664896205], [6.161838782116922, 50.66985717747976], [6.1618778608129325, 50.669847821343176], [6.1619467025556025, 50.66982632738854], [6.162003229984939, 50.66985761385177], [6.162020257349826, 50.66989445025179], [6.162052221381244, 50.669902605201536], [6.162058514073046, 50.669840538904666], [6.162138504500023, 50.66981091501274], [6.162218591528018, 50.669809952052795], [6.162261458172312, 50.66985393953214], [6.162256544637282, 50.66989174347132], [6.162169368368224, 50.66995671429907], [6.162180342112197, 50.66997471118857], [6.162248419056336, 50.66996472124041], [6.162353969999435, 50.66990276168783], [6.162424248468276, 50.66991305542993], [6.162488734341749, 50.6699344339767], [6.162490442441542, 50.669968765203976], [6.162427622332553, 50.66999954529443], [6.162404995577301, 50.670031115769724], [6.162436673894635, 50.67003673600655], [6.16246096593805, 50.670057333143475], [6.1624645076573055, 50.67008074392655], [6.162453255008946, 50.67009716480775], [6.162423642174528, 50.670110565726816], [6.162393439440492, 50.67010934409987], [6.162368072016908, 50.670125106233705], [6.162474381619682, 50.67016248978741], [6.16250255826177, 50.6701911962618], [6.162498019937, 50.67022325243754], [6.1624742784045425, 50.670244676192695], [6.162453223420084, 50.67023541089409], [6.162437543269123, 50.670238644914285], [6.162454267079757, 50.67026339332827], [6.162538001607264, 50.67030568685893], [6.16275560496955, 50.67037059032591], [6.162813673344435, 50.67035147797797], [6.162862536585668, 50.67035825434836], [6.162909041529859, 50.67038042695897], [6.1629085565898825, 50.670431408791295], [6.162888545352452, 50.67045012600249], [6.162830759855523, 50.67045985431703], [6.162783622186487, 50.67052818470616], [6.162839121829563, 50.670580521404844], [6.162885241598108, 50.670651555422616], [6.162940756171967, 50.67070388343846], [6.162950364566553, 50.67079849486965], [6.16295645898599, 50.670865711349215], [6.162957413507529, 50.670876169003456], [6.162961475198571, 50.67092100094731], [6.162914249529263, 50.67096145319925], [6.162902135582133, 50.671096103698645], [6.162952155086737, 50.671144735750055], [6.162937487255296, 50.671184919688116], [6.162814850266607, 50.67127314322654], [6.1627461021617025, 50.67128226262646], [6.162700958424359, 50.67125581443347], [6.16270388640843, 50.67123684298207], [6.1627388017379525, 50.67119304154669], [6.162665112531569, 50.6711756666725], [6.162597580529646, 50.671189969846075], [6.162502052287994, 50.67122934407], [6.16243456014133, 50.67123664987511], [6.162433733431511, 50.67124871025211], [6.162491228684686, 50.67127337260279], [6.162535078620245, 50.671314460485455], [6.162480717961816, 50.671344592174364], [6.162407290258245, 50.671328042070485], [6.162335907239692, 50.67135807377724], [6.162308066035228, 50.671430778047366], [6.162235204091535, 50.67146044983254], [6.162185946848366, 50.671395437841866], [6.162131088196808, 50.671379861747305], [6.162093036497548, 50.6714113531419], [6.162121449368099, 50.67150699855116], [6.162088924335183, 50.67155527468207], [6.162081384225389, 50.67156646084956], [6.162071900118215, 50.671580541068195], [6.162011689931734, 50.67161893149602], [6.16199866206382, 50.671696665161946], [6.162000602592062, 50.67171658278983], [6.161977227244964, 50.671718315938044], [6.1618988820797895, 50.67174407592608], [6.16181939282897, 50.671679721304464], [6.161779154036519, 50.67166699299071], [6.161767233803993, 50.67171158841648], [6.161841220915739, 50.671766022239076], [6.161808049719931, 50.671793566659304], [6.161754070442881, 50.671812670229556], [6.161684113340684, 50.67179630320034], [6.1615583669611524, 50.67173099197144], [6.161458059916732, 50.67183731690955], [6.161373072689839, 50.67180378937295], [6.161261001457099, 50.6717743420745], [6.161259937329503, 50.671736626350686], [6.161299650885673, 50.671683947115085], [6.161277470741248, 50.67168112171523], [6.161192320386544, 50.6716812590099], [6.161144585963454, 50.67172283154893], [6.160985988231412, 50.671686106160024], [6.16087298562741, 50.671724855196814], [6.160814515568994, 50.67180193071179], [6.1607308584977165, 50.67179960341513], [6.1606801585532, 50.67170927915785], [6.160652605816485, 50.671713383871044], [6.160580345423251, 50.6717222814426], [6.160486511673195, 50.67174362403274], [6.160378345179461, 50.67180495146006], [6.160365920033824, 50.671822485944325], [6.160411259339737, 50.671835132219435], [6.160485481393661, 50.671815785207656], [6.160588640245326, 50.671835526058835], [6.160641466706138, 50.67186460007113], [6.160636199912355, 50.67191338743736], [6.160482693736507, 50.67196206876686], [6.16035158478461, 50.67194925625914], [6.160308219710118, 50.67196955346081], [6.160356328533572, 50.672009477694125], [6.160361993333463, 50.67202232599933], [6.160353554805615, 50.6720493216637], [6.160267897598977, 50.67207519012508], [6.1601196809144145, 50.67206485666614], [6.160037983735891, 50.67210156176329], [6.1599871282426815, 50.67208579443117], [6.15980864205245, 50.67208329484159], [6.159662833100674, 50.67210551909448], [6.1595982553558235, 50.67206289914518], [6.159576496080141, 50.672128572970664], [6.159507615607499, 50.67217524211024], [6.159321455949935, 50.67224798818717], [6.159243414604936, 50.67223399512656], [6.159225393589517, 50.67213278257774], [6.159024579278333, 50.67207694445366], [6.158985028098964, 50.6720968934384], [6.158986042151373, 50.67212181683007], [6.159036376586372, 50.6722256436855], [6.159029247822876, 50.67225625129034], [6.1589791643468645, 50.672290740421325], [6.1589594931511655, 50.67232745562307], [6.158989240351139, 50.67236435988652], [6.15900077615637, 50.67237866477295], [6.158888297647598, 50.672469839594754], [6.158817913810194, 50.67250083803872], [6.1586235055189595, 50.67243875993872], [6.158498427103935, 50.67245404049869], [6.158393820931505, 50.67246246237319], [6.158282492337901, 50.67247203342319], [6.1580104262978415, 50.67256507927463], [6.157956660633792, 50.67263190574165], [6.1579675682096155, 50.672656836699076], [6.157999985251165, 50.672660794060526], [6.158045400271462, 50.672645486084456], [6.15809075610968, 50.67264240109574], [6.15814448490354, 50.67269424707107], [6.1581546524454005, 50.672766096797794], [6.158107208593492, 50.67279342684113], [6.158009423421235, 50.67279952315363], [6.157953677002903, 50.67277965971528], [6.157891033106994, 50.67274299584136], [6.157829996992997, 50.67272001685666], [6.157795737863375, 50.672731315294506], [6.157798563569841, 50.67277215940366], [6.157865403687499, 50.67282019669033], [6.157859303114703, 50.672856262407926], [6.157732313927836, 50.672905713188456], [6.157716418800477, 50.672968462438874], [6.157629108461874, 50.67300523576864], [6.157557303658559, 50.67299273407207], [6.157539583184657, 50.67295874056564], [6.157517274169444, 50.67294679918966], [6.157484983859213, 50.6729583075028], [6.157478826329533, 50.67298664495247], [6.157559801380532, 50.67301487819852], [6.15755408707827, 50.673057429858126], [6.157461244417064, 50.67312671154894], [6.1574922513403285, 50.673160561596056], [6.157484096473199, 50.673195479744564], [6.157246107897742, 50.6731766369582], [6.157146595912403, 50.67314173534675], [6.157109849843055, 50.673168876359384], [6.157113782190222, 50.673286242513846], [6.157078562833315, 50.67341153121485], [6.157023623187792, 50.67344739417985], [6.156928202249746, 50.67344292399948], [6.156788459447496, 50.67354758068519], [6.156753028481606, 50.67362296786028], [6.1567912778668905, 50.673652920086475], [6.156837506471685, 50.67364595297662], [6.157000522557719, 50.673709867332384], [6.1570166732488545, 50.67372697462707], [6.157007712782835, 50.67374711198784], [6.156965767040799, 50.67377829979275], [6.156912023178588, 50.67381825771917], [6.156850125998708, 50.67382425767147], [6.156885427717228, 50.67394301028282], [6.15684668569655, 50.6740172012527], [6.1567910366008896, 50.67402661895448], [6.156693772476983, 50.67400321371636], [6.156676621180478, 50.67403051813862], [6.156737295448779, 50.67414566249005], [6.156715822325779, 50.67415969246567], [6.156691195084415, 50.67417578628751], [6.156653613257318, 50.67420034313101], [6.156633906745076, 50.67421137585051], [6.156614596527921, 50.674222175372044], [6.156562290211045, 50.67425145497795], [6.156509852347555, 50.67423842701726], [6.156503684853746, 50.674224073048705], [6.156311110534969, 50.67420393545782], [6.15636259453649, 50.67430530887029], [6.156399609118472, 50.67432759416299], [6.156469683145895, 50.674386775265646], [6.156477590150241, 50.67441590581084], [6.156410471172896, 50.67446236429634], [6.156410516881995, 50.674499299621246], [6.156471812108446, 50.67453791928121], [6.15655857272194, 50.674646792319514], [6.156650813823723, 50.674597600867905], [6.156686970111309, 50.67460809941665], [6.156702411768158, 50.674612587195234], [6.156721331783672, 50.67461807739748], [6.156737414004077, 50.674754791953426], [6.156764172506579, 50.674792892133325], [6.1567436919205765, 50.674800568763715], [6.156723918623366, 50.67480825366241], [6.156671976418933, 50.67482798932894], [6.1561197891785016, 50.675037848544655], [6.154836704348215, 50.67551821078454], [6.154790457566138, 50.67553526926401], [6.154772068880432, 50.67554205216178], [6.152684861999618, 50.676311899177215], [6.152465036208, 50.676392878547645], [6.152307162974428, 50.67645110330152], [6.152258641261747, 50.6764689956867], [6.152183186710179, 50.67649682582648], [6.152042225618038, 50.676548807319534], [6.151980033372117, 50.67657199628946], [6.149339196444318, 50.67755544491231], [6.148858216872837, 50.67773831831397], [6.148672625219719, 50.677927819050005], [6.148604000985764, 50.67800052020016], [6.148465086073852, 50.678135573096476], [6.148394724263852, 50.67821170372693], [6.1483796157616935, 50.67829602350266], [6.148217321490416, 50.67930180452335], [6.148196816867196, 50.67942419470108], [6.147771376478332, 50.67985569234414], [6.147766754831851, 50.67986069742537], [6.147688111660766, 50.67992905089009], [6.146903687284562, 50.68010614881517], [6.1468358704791095, 50.68013464838417], [6.146177840082468, 50.68085937940871], [6.145731753211783, 50.68133076126354], [6.145562214289523, 50.68141164686385], [6.145435509479981, 50.681442984110475], [6.14511703661836, 50.68145028116774], [6.145108445114421, 50.68145047535885], [6.145100066623815, 50.68145135840505], [6.144304800819749, 50.681535268673414], [6.14414677422257, 50.68168755728621], [6.14414572168723, 50.68170147612539], [6.144464060252501, 50.68279337495254], [6.144000453530817, 50.68362251766257], [6.143974093567519, 50.68397110461834], [6.142455835510905, 50.68699839663547], [6.143718545749743, 50.68853809390489], [6.143609763406758, 50.688715001166614], [6.143654328564917, 50.68876716551163], [6.143608816721548, 50.68881588273075], [6.143512338790035, 50.688873437928464], [6.1427349649569845, 50.690137641956134], [6.142320022435022, 50.690128557973225], [6.142046842303176, 50.69032717681223], [6.141915123894796, 50.69026587191998], [6.141680951261294, 50.690413241659336], [6.141579099221798, 50.69046111523267], [6.141412955289914, 50.690507860647664], [6.141281313351452, 50.69050187729848], [6.141199140051947, 50.69041199552006], [6.141153891147103, 50.69035295594095], [6.141103928928211, 50.69037582774846], [6.141060288433393, 50.69039580533395], [6.139413493337983, 50.692023890266356], [6.139485538006456, 50.692138711070385], [6.13944205182296, 50.692172400515325], [6.139331906300304, 50.69220031505571], [6.1393006394707355, 50.69220774176677], [6.139185845134704, 50.6922350202753], [6.139279399538355, 50.69237870433352], [6.139349984653156, 50.69254821607448], [6.139374368531614, 50.69262665025967], [6.1394232676150935, 50.69283999360522], [6.139429548321103, 50.693003896190724], [6.1394878766862995, 50.69319402061718], [6.139561081294864, 50.69343778880174], [6.139506726980263, 50.693498781619894], [6.139440426883952, 50.6935601286983], [6.139294400377455, 50.69360257079104], [6.137030606598389, 50.694311820602316], [6.136970849908798, 50.6943305460242], [6.136933096107853, 50.694342373224664], [6.136352197240056, 50.69454260163981], [6.1360209312361365, 50.694656773641356], [6.135235866503349, 50.69492736509807], [6.134703734236305, 50.69529795727627], [6.134418933266188, 50.69549629335265], [6.134416058462032, 50.6954983814744], [6.134371046352976, 50.69553097009191], [6.13427438167614, 50.69560099422505], [6.1342638301562635, 50.69560866838864], [6.133388290777029, 50.69624502385054], [6.133353863977302, 50.696290258962954], [6.133323442445121, 50.69647064641967], [6.133197001378998, 50.69722018008942], [6.133167709068111, 50.697393875878916], [6.133102897583061, 50.697778084398934], [6.133213741593983, 50.69860461876246], [6.133208687536256, 50.69871205882949], [6.133159884317263, 50.698818089351036], [6.133057851452376, 50.69895250287398], [6.132898567401167, 50.69910738345935], [6.132662390030199, 50.699251115030386], [6.13215245859608, 50.69953736378379], [6.13198051264597, 50.699653872763236], [6.131770014159642, 50.69983416158812], [6.131718600307272, 50.69988242310973], [6.131691210158833, 50.699908140543876], [6.13084149239763, 50.70063346398867], [6.130335490457879, 50.701089846785045], [6.130327036182378, 50.701097473320594], [6.130325660998959, 50.70109865379293], [6.130020218775414, 50.70136108332682], [6.129908286138368, 50.70148155957231], [6.129595948346073, 50.70175685214886], [6.128572081686227, 50.70261847178697], [6.12804504171943, 50.703062371657566], [6.128034767065308, 50.703071032572495], [6.126663246912385, 50.70422615845572], [6.124748097368234, 50.705838785933366], [6.124446950226179, 50.70609683875416], [6.124638457427362, 50.70621869739042], [6.125052597896486, 50.70790046381736], [6.126940789263045, 50.709268467985325], [6.126835751816157, 50.71082939512406], [6.1253648788618404, 50.712339773979245], [6.123098094189615, 50.7128244424741], [6.122294172402158, 50.71381770637615], [6.121890240866661, 50.71425728913466], [6.121835774709601, 50.71433179991398], [6.121813028983654, 50.7144005548653], [6.121596162251417, 50.7149180419426], [6.12168345596264, 50.715058742629175], [6.1218235771781, 50.7152164180277], [6.121897112593139, 50.71533010789927], [6.121830360200465, 50.71539215364798], [6.121785907816283, 50.71549003842641], [6.121313063327232, 50.71653130470192], [6.121166786862165, 50.71682826420997], [6.1208545493477935, 50.71746212955947], [6.120953345976304, 50.717491754622394], [6.121011898886252, 50.71749926438669], [6.121101534120176, 50.71751077149799], [6.1212529671878775, 50.7175094492994], [6.1214023245397975, 50.71749506857831], [6.121412376959504, 50.717530551101426], [6.121386169631807, 50.71755357886183], [6.121118639592762, 50.71778871363084], [6.1210041479409565, 50.717889337912645], [6.120617527361152, 50.718225368866854], [6.120539803553758, 50.71829293562985], [6.120475580503616, 50.71834875550927], [6.120441830512467, 50.71837808215735], [6.1203620114882025, 50.71844745901939], [6.119971534091942, 50.718786846696425], [6.119906059378381, 50.718843876661715], [6.119634816545565, 50.719080157649174], [6.119512217208766, 50.71918695762832], [6.119646569619077, 50.71917335949845], [6.1194611145550235, 50.71940926042165], [6.119319689469416, 50.71958915734684], [6.118925424754109, 50.71982788178452], [6.118726144056415, 50.71965955582839], [6.118667855430495, 50.71969942011986], [6.118462939604347, 50.71994661288007], [6.118402946902053, 50.71999160712521], [6.118288958036348, 50.72013233277812], [6.118238174600427, 50.720188879675426], [6.1179160838791224, 50.72030081783385], [6.117859880861095, 50.72033161220578], [6.117683090998792, 50.72042845226948], [6.1175778193102195, 50.720470068063065], [6.1174169355940435, 50.7205549958565], [6.1170271577038005, 50.72072082005666], [6.116899593150145, 50.720773550335345], [6.1166995367442185, 50.720856248398256], [6.1165646409555325, 50.720933740528665], [6.116464092766329, 50.72101538388491], [6.1162714773830125, 50.72120229474461], [6.116090708862891, 50.72141661904542], [6.116030859957442, 50.72148757576479], [6.115927600897388, 50.7215837867328], [6.115876327636358, 50.721610636378855], [6.115793547047633, 50.72165397674926], [6.115390803822339, 50.721894520842426], [6.115289940419053, 50.722114171877514], [6.114838568330046, 50.722169601806016], [6.114733778715064, 50.72223264400662], [6.11469338811935, 50.72227561218044], [6.114237262004005, 50.7223965890912], [6.113804830347702, 50.72251127890756], [6.113480896385672, 50.72259882731886], [6.112953520623409, 50.722741367435965], [6.112909280859525, 50.72275334113654], [6.112895785249858, 50.722756883623894], [6.112843704696993, 50.72277054298834], [6.112829283148827, 50.72277554672812], [6.112776539157847, 50.722794002048865], [6.111400692280355, 50.72327285691158], [6.111311027554175, 50.72330405984792], [6.110726263770552, 50.72350754869848], [6.110670622586508, 50.72289201290041], [6.109730276965175, 50.72295144379892], [6.109452625324984, 50.7229688333433], [6.108343845746472, 50.723038142412726], [6.107653915969316, 50.72308125678173], [6.107504591956662, 50.72309059253703], [6.107266892251695, 50.723099427716605], [6.105729814512919, 50.723288185752914], [6.099099826558051, 50.726774855076634], [6.0973634320108765, 50.725633151309744], [6.091358468842424, 50.72553912629217], [6.084125973734468, 50.72798071116049], [6.076301280627588, 50.73252575536024], [6.071905473877146, 50.733276674108566], [6.068152200193842, 50.73818119254861], [6.0608760319122075, 50.73971776910392], [6.058049485319427, 50.74276903151698], [6.057681817263395, 50.74512226932403], [6.054816747125266, 50.74691187964702], [6.04905419403234, 50.74766928904953], [6.04487048131613, 50.74703303495451], [6.040265325564326, 50.7449757860122], [6.0402926144409035, 50.74505750953381], [6.040441462620004, 50.74550330954357], [6.040296079041011, 50.74558250817897], [6.03972521630859, 50.74581370310744], [6.039398362373991, 50.74593817782123], [6.0392561094753106, 50.74603376317362], [6.039017210651799, 50.74609828738956], [6.0387306385690644, 50.746194585220785], [6.038707125567671, 50.74620389144439], [6.038646896321068, 50.746227727394675], [6.038571064119677, 50.74625774229846], [6.03824561874932, 50.746340277627894], [6.037163900321163, 50.746792207050945], [6.036566320811552, 50.747083137666145], [6.03641803542665, 50.74711338634927], [6.036073824169277, 50.74725669627083], [6.0356903072579815, 50.74742650381859], [6.035442980569238, 50.747514481969375], [6.035069694407688, 50.74766704297431], [6.03447917993267, 50.74787813873227], [6.034206538511666, 50.74798991019613], [6.034030800389445, 50.74802686921834], [6.033386642031712, 50.748282532928364], [6.033081358765645, 50.748400100240495], [6.032330607477578, 50.74873915586788], [6.0319455244568365, 50.74890417085363], [6.0315485653504695, 50.74905762891952], [6.031094888954444, 50.749241097043424], [6.030546841481726, 50.74948022305987], [6.029820604137886, 50.74979454773452], [6.028928700381854, 50.748909987712665], [6.028406727296892, 50.74818812638867], [6.02817906876624, 50.74778149864937], [6.027547045245662, 50.74801301755011], [6.028164345505663, 50.74914895702923], [6.028497222800686, 50.74968125171473], [6.028780340406158, 50.74993176723887], [6.028854972564855, 50.74997169342633], [6.02906895882807, 50.75010825609798], [6.0290997715931045, 50.75012792285623], [6.029062941501945, 50.75014348116372], [6.028388232834774, 50.75041135485212], [6.027940025495595, 50.75059000292613], [6.027326505753596, 50.75082783079613], [6.026989537829676, 50.75102262619971], [6.026490350737812, 50.751246122884254], [6.025567098901242, 50.75171211867422], [6.02456095097122, 50.75209807321471], [6.023851014055919, 50.752350206149885], [6.023342553568668, 50.75256325946271], [6.0241035599840185, 50.75541730098815], [6.032196921558105, 50.760090200107676], [6.041780799234311, 50.771987120920265], [6.031740513428371, 50.774284055206145], [6.030776949441071, 50.77499447280157], [6.0306791359435605, 50.777160922700205], [6.02956262856568, 50.778307050202706], [6.025520083326059, 50.77827751126157], [6.02629049130611, 50.778979121497215], [6.021834704599503, 50.78246662333323], [6.02056590627513, 50.78444207612885], [6.017870546088939, 50.784473047623784], [6.023744148656531, 50.78746222492045], [6.026296634272933, 50.78984165050177], [6.026297462117847, 50.79130627234293], [6.024237435264399, 50.79475450969407], [6.024608031207878, 50.798224291618894], [6.027555134759264, 50.801558257074625], [6.029722232475231, 50.80216797830132], [6.03136113803285, 50.804883191611125], [6.033913379964336, 50.80509605937446], [6.032181392674169, 50.80729347836535], [6.0282822063672015, 50.80958296343637], [6.028765066023593, 50.81165772791025], [6.029969809303689, 50.81284741988882], [6.031656149580797, 50.813884408392695], [6.0332429814534265, 50.81369278082665], [6.034788722623212, 50.81662965350564], [6.035127779347478, 50.81916212087685], [6.0314202048788905, 50.821116004828866], [6.0307947621939695, 50.822275660913185], [6.027230924350106, 50.82361912297405], [6.025266776309628, 50.827801050749216], [6.02526958232318, 50.82781984485911], [6.02525618250988, 50.827823606332856], [6.025210023753841, 50.82792188435466], [6.024507413851455, 50.82803372623616], [6.0242810007519125, 50.82809726046769], [6.024146326386363, 50.828135057028355], [6.02306636655666, 50.8284381050767], [6.022930937493917, 50.82847612384699], [6.022880683636041, 50.82849024938399], [6.022640212115128, 50.82855768934251], [6.022584609234651, 50.82857328829348], [6.0225736914017345, 50.82857634669368], [6.020978048166497, 50.82902428658194], [6.020669309745106, 50.82911092799072], [6.020579315237654, 50.82913618951454], [6.019869822917695, 50.8293353893769], [6.019772321660541, 50.82936276117504], [6.01920196518746, 50.82952282227127], [6.0190247068158955, 50.829572567275235], [6.018766966786316, 50.82969414977832], [6.018737030496346, 50.82971725758851], [6.018675151206338, 50.829765094982235], [6.018711348917053, 50.829787024457055], [6.018715046420742, 50.82978917891313], [6.01863914532145, 50.82991837930853], [6.018540255326075, 50.830086237912575], [6.018111507182706, 50.83081560644919], [6.0180788166291945, 50.830871197354185], [6.018006283102821, 50.83099452864511], [6.017969656755856, 50.831056819239876], [6.017545661696574, 50.83177818464496], [6.017228879228475, 50.83231696298003], [6.017201985950123, 50.83236269028219], [6.017135084688817, 50.83247647729043], [6.017108189502554, 50.83252223150845], [6.016791397784125, 50.83306099046254], [6.016690939038241, 50.83323184778808], [6.016414654710627, 50.833701722407675], [6.01631385806836, 50.83387315546022], [6.016307628928081, 50.83388373634072], [6.016756462235013, 50.834611016263295], [6.017060373229003, 50.83510346346689], [6.01711078746461, 50.83518515253834], [6.017200685387784, 50.83533083622872], [6.017225313557329, 50.83537073941514], [6.017575815614395, 50.83593862358506], [6.018285609130745, 50.83708864572884], [6.018300582401172, 50.83711291094125], [6.018386549810693, 50.83725217846017], [6.018399051043316, 50.83727244053827], [6.018432178407445, 50.83732611657479], [6.018201437047978, 50.83747581491085], [6.018191508690289, 50.83748225343667], [6.017790823270548, 50.837742203629915], [6.017421564374927, 50.83795838511874], [6.017106047696211, 50.838143089876866], [6.015927973632778, 50.838794161061855], [6.0168299165831165, 50.84099607992205], [6.017117900588406, 50.8416991013616], [6.017238241943893, 50.84200106380542], [6.01725954913616, 50.842054545686366], [6.017271695058846, 50.84208506231045], [6.017280609375642, 50.842107445551854], [6.017305271214871, 50.842169360793406], [6.017314540732228, 50.84219263464862], [6.017361516698859, 50.84231051319043], [6.0173754884676685, 50.842345592102724], [6.01746274273524, 50.842564536644694], [6.017471961969371, 50.84258771025133], [6.017771543018229, 50.8433403921078], [6.017903648791535, 50.84367008100985], [6.017947967581357, 50.843781774568065], [6.0179621823385485, 50.84381795702553], [6.017996959121308, 50.84390507448932], [6.018087998441014, 50.84413381210337], [6.01826641212109, 50.84458374532362], [6.01838684914059, 50.84488687816572], [6.018563880812831, 50.845333393301765], [6.0187405370426434, 50.84578116683857], [6.018744938799694, 50.84579078731254], [6.018829691442694, 50.84598855492357], [6.018884293177567, 50.84611596471925], [6.018893604829243, 50.84613771031664], [6.0189324334876035, 50.84622840318715], [6.018944255842939, 50.84625600587942], [6.018982103812153, 50.84625983398335], [6.01900183885738, 50.84626184072779], [6.0190672261277625, 50.84626850473032], [6.019102666570043, 50.84626953670447], [6.019770449301529, 50.84628895441964], [6.020881302347333, 50.84636117532892], [6.021025817722116, 50.846385637479955], [6.0216084811046215, 50.846367824645654], [6.021993628609593, 50.84638646831314], [6.022208138801977, 50.846469953080636], [6.022398577770858, 50.84649773617229], [6.022654660247168, 50.846586833283666], [6.02271737019979, 50.846632861798376], [6.0227882251213245, 50.846669914152365], [6.0228274002488735, 50.84669038901189], [6.022939478956388, 50.84674899387715], [6.023004187919976, 50.84678283081158], [6.023030245232057, 50.84679644916816], [6.023191550720648, 50.8468807955102], [6.023209302208912, 50.84689008198073], [6.023216659102067, 50.846893921847915], [6.023695537407392, 50.847056348146744], [6.02374373615375, 50.84707279829597], [6.024389370503059, 50.847293215303154], [6.0256499953060745, 50.84772355091916], [6.026036172805629, 50.847237901136886], [6.026856338009937, 50.84740368427539], [6.0273419340522425, 50.84751081138283], [6.0275311791860835, 50.847552561083454], [6.027840095668669, 50.84762794455282], [6.028010381089994, 50.84767381572201], [6.0280858074803065, 50.84770520640821], [6.028976284488349, 50.84807583278286], [6.029172554697921, 50.84817096528277], [6.029322372567896, 50.84824359541238], [6.030046218919346, 50.84859446038511], [6.030642332467532, 50.848852152244405], [6.031201649723261, 50.849094880657134], [6.03172427580448, 50.84934781734515], [6.031656010785233, 50.84940068029394], [6.031644503854894, 50.84940958943216], [6.031889357725684, 50.8495296832858], [6.031998518975118, 50.8495964715596], [6.032165404128295, 50.849705899859686], [6.032345965844354, 50.84980269595175], [6.03240212159666, 50.84986242286531], [6.032459075191824, 50.84993688616113], [6.032557372299808, 50.849998908812005], [6.032772489526146, 50.850083675535586], [6.0330992881563175, 50.85020857752428], [6.033259796497362, 50.85019135182821], [6.033362078139565, 50.850223314345705], [6.033781488780775, 50.85035437552884], [6.033946609336067, 50.85040597133431], [6.034707986577204, 50.85045621620436], [6.034880657119928, 50.85046050817072], [6.03511163549807, 50.85047499879099], [6.035437610241972, 50.850495439269956], [6.035544971486995, 50.85048141076112], [6.035654713736543, 50.85048562192057], [6.035901201481031, 50.85049508116351], [6.036054018525173, 50.850461338869515], [6.036159213296312, 50.85045771610857], [6.036311389430505, 50.85049590953778], [6.036622492531654, 50.85062404564605], [6.036881456641677, 50.85071395781722], [6.037004676870052, 50.85075974403635], [6.037223044196204, 50.85084856088134], [6.037500845432598, 50.850955843193965], [6.03764979632272, 50.85098152158945], [6.037748849110819, 50.85100374637], [6.038164781683293, 50.850982163236694], [6.038258962115665, 50.8509797070233], [6.038636223673604, 50.850944321868425], [6.0387611020089125, 50.85092317033102], [6.038833310510789, 50.85090754445042], [6.038923138180837, 50.850905606825975], [6.03937324456698, 50.850862696123265], [6.039378954191535, 50.85086094311128], [6.039402781135532, 50.85090112678882], [6.039455955157194, 50.85097353863396], [6.0394789923918415, 50.85103336566856], [6.0395014473286475, 50.85106694802125], [6.039524064179261, 50.85108608824982], [6.039590225934681, 50.8511134221921], [6.039650324154279, 50.85113822743499], [6.039745808742639, 50.85115780529175], [6.039876259455837, 50.85116712570712], [6.03989547971153, 50.851164294409436], [6.039923364815697, 50.85111462937947], [6.039947146388332, 50.85107613111187], [6.039964864517027, 50.85101939864552], [6.040040029008326, 50.851023951241906], [6.040061227857006, 50.8510291398553], [6.040119363126992, 50.8510333410845], [6.0401574538482405, 50.85104665831291], [6.040232186892508, 50.851075072990106], [6.040350296605715, 50.85109975819349], [6.040440328806945, 50.85110626204806], [6.040468692572853, 50.85110825925249], [6.040532991813234, 50.85108581114111], [6.040594789481372, 50.85108356560213], [6.040613431549905, 50.85109547157522], [6.040669624518869, 50.85111934962034], [6.04069660594289, 50.85112926340835], [6.040752487434613, 50.85114123291127], [6.040838193600556, 50.85115412117574], [6.040949648133353, 50.85114433833201], [6.040997163158165, 50.85114997869711], [6.041119794650993, 50.851144329245216], [6.041239809389073, 50.85114813914064], [6.041310439317072, 50.85115451880877], [6.041404109947451, 50.85116931781999], [6.041514852915915, 50.85122665624564], [6.041486229289997, 50.85129092903225], [6.041505037918571, 50.851316592682906], [6.041511730859008, 50.85132018065362], [6.041532072414096, 50.85133105917125], [6.041621129192452, 50.8513238017531], [6.041695325777284, 50.8513230035854], [6.0417735472708145, 50.85132865806123], [6.041895926527739, 50.8513094906629], [6.041996833579587, 50.851309423869246], [6.0420123404822705, 50.85128938023969], [6.042008539917139, 50.851256262605816], [6.04204011159692, 50.851240134603096], [6.042088743241756, 50.851234423971775], [6.042110997649248, 50.8512471859223], [6.042146373678193, 50.851291727784215], [6.042347246617636, 50.85133070773259], [6.042344184545332, 50.851383125801476], [6.042362335055324, 50.85141739897175], [6.042380600661393, 50.851474099984195], [6.042394582553585, 50.85148151581906], [6.042444996276134, 50.851508268782695], [6.04256713390729, 50.85160585168016], [6.042630310814797, 50.85162403205633], [6.042643779984418, 50.851651898837204], [6.042675931872408, 50.85171843287215], [6.042833144637072, 50.85176699990654], [6.042843374339163, 50.85177016476789], [6.0428563941910785, 50.851786722211955], [6.04286895444842, 50.85180268331409], [6.042877831631311, 50.85181397247883], [6.042923384518296, 50.85183311798987], [6.042966787494708, 50.851831673023334], [6.043007164769466, 50.85185311594481], [6.043027456983238, 50.85186994773716], [6.043085289080548, 50.85188434928735], [6.043093198954809, 50.851893634971894], [6.043115739278047, 50.85192007661034], [6.0431896114605, 50.851940362895206], [6.043287534157562, 50.85194930440356], [6.043344352888557, 50.8519770289379], [6.043448602243602, 50.85196323805823], [6.043586042159039, 50.85198970535742], [6.043627555913069, 50.85199072189299], [6.043661998144746, 50.851978633093424], [6.0436904761240084, 50.851980407524046], [6.043697325953438, 50.85199836460528], [6.043742554032966, 50.85203410661056], [6.043764487115123, 50.85206655947743], [6.0438473557262835, 50.85211535418126], [6.043850194915989, 50.852122136543166], [6.043842700181627, 50.85214357089099], [6.043835712232452, 50.85214980728123], [6.043798617272105, 50.85214250729107], [6.043736338894741, 50.85216468460943], [6.043715438983262, 50.8521778903469], [6.043723251053978, 50.852191868977556], [6.0437738838296395, 50.852238317295445], [6.043770783806191, 50.852279904255525], [6.0437752753348475, 50.85228909423455], [6.043802210601645, 50.85231166230105], [6.0438168254749876, 50.85231492025621], [6.043839676886696, 50.85231084907875], [6.043864810544977, 50.85228687550889], [6.043873466181211, 50.85228302912963], [6.043881810358493, 50.852285453471055], [6.043899740922957, 50.85229065746867], [6.043905425446469, 50.85229087353733], [6.04392911294756, 50.852291779867514], [6.043936470425263, 50.852292056335344], [6.043946283760594, 50.852295516378064], [6.043961781489503, 50.852300991513204], [6.044023709084558, 50.85237488241279], [6.044008951321513, 50.852385113591346], [6.043998551996852, 50.85238597436314], [6.04397986326737, 50.85238781235683], [6.043951839101255, 50.85238492510947], [6.043926401404022, 50.852399329142386], [6.043896846671876, 50.852442197406354], [6.043884054246992, 50.8524577495522], [6.0438857058357875, 50.85250778648315], [6.043901786281173, 50.85252291920217], [6.043955113895049, 50.85254834211715], [6.04398645674799, 50.85255268075508], [6.0440405289241905, 50.852547691902686], [6.044071978929705, 50.85253775792624], [6.04412537103763, 50.852487137375576], [6.0442072335679615, 50.85248491278769], [6.0442828719653505, 50.852548509819876], [6.044281752226895, 50.852574972161335], [6.044291156353709, 50.85260579405055], [6.0443168145200445, 50.852629912769025], [6.04436811525179, 50.85266626719661], [6.044439638769176, 50.85271966726163], [6.044512862367438, 50.852741474421244], [6.044558893439882, 50.852725226479166], [6.04457543478349, 50.85271577803874], [6.04464887249792, 50.852697580104376], [6.044688803916556, 50.852664311610305], [6.044720382013616, 50.85261707781179], [6.044692035927261, 50.85259411440195], [6.0446881012187665, 50.852579487510525], [6.044688281940731, 50.852575057480905], [6.044698616560971, 50.85255544911111], [6.044700441634015, 50.85252591930649], [6.044712544634319, 50.852514523351026], [6.044763854233913, 50.85252804813299], [6.044765642425639, 50.852527634699086], [6.044783588023474, 50.852511259570925], [6.044779367519478, 50.852482278172594], [6.044767222179029, 50.852460193106886], [6.044787130363322, 50.852439747937304], [6.044828666625285, 50.85244198795209], [6.044856385447799, 50.852436897545125], [6.0449146242348935, 50.852415678686214], [6.044996317290954, 50.85237388857395], [6.045029989551897, 50.85236970458731], [6.0450805001636745, 50.85238125703547], [6.045112862770196, 50.85239778265623], [6.045149060242696, 50.85247815408017], [6.045200678359811, 50.852557584963144], [6.045207274522722, 50.85260136059904], [6.045259424406404, 50.85263620697], [6.045337645958817, 50.85272684521293], [6.045370331878194, 50.85271579082428], [6.045406419725417, 50.85272217426934], [6.0454244594558855, 50.852730601058944], [6.045432106557522, 50.852741355125055], [6.0454965408224055, 50.852761265862924], [6.045517234568021, 50.85276053085862], [6.045554965314091, 50.852740033398625], [6.045561042892554, 50.852718976819254], [6.045648830419852, 50.85270260804038], [6.045700174995684, 50.852750422803155], [6.045678898463659, 50.85275048642879], [6.045637621280999, 50.852761449169115], [6.04562153218665, 50.85277700792855], [6.045625968671737, 50.85279673875332], [6.045652864445522, 50.852814780819216], [6.0457963910841706, 50.85279583025786], [6.045825567367319, 50.852773757720335], [6.045849128927666, 50.85276542244822], [6.0458908746332325, 50.85276008447611], [6.045886274923123, 50.852816430502386], [6.045888350638478, 50.85282203309517], [6.045914046986166, 50.852835673071176], [6.045946927683782, 50.85283682087841], [6.046023674620573, 50.85287865858341], [6.046093445433092, 50.852881595401264], [6.046171576283434, 50.852855014980115], [6.046227050270446, 50.85285257926305], [6.046251642135786, 50.852831316993814], [6.046248360629885, 50.85281848774536], [6.046252513897228, 50.852805388071324], [6.046268579328521, 50.85279784330479], [6.046358717193178, 50.852837582298875], [6.046392444595849, 50.85283949802427], [6.046485948924178, 50.85285700522489], [6.046531890150977, 50.85288106149261], [6.046555274428696, 50.852911274794], [6.046608361845552, 50.85292568932671], [6.046625410593021, 50.85292641796703], [6.046642165068716, 50.85294529136078], [6.046647602930634, 50.85297301720567], [6.046674811814429, 50.85299623017606], [6.046705421064852, 50.85302657246049], [6.046729411254539, 50.85304315543113], [6.046744775157843, 50.85304288789685], [6.046773875018503, 50.85306743504065], [6.046772015974515, 50.85310111976262], [6.046787118995816, 50.85313061055931], [6.046809023060169, 50.85315277164203], [6.046815849813935, 50.853173138640585], [6.046839921297871, 50.85318753782515], [6.046860509226634, 50.85322175504409], [6.0469952351544105, 50.85327843619589], [6.0470615237894, 50.853293310756676], [6.0470885861877175, 50.85330265839504], [6.04714974682346, 50.853335042530226], [6.047200675614386, 50.853340002195736], [6.047295712865494, 50.85338431710736], [6.047429179924332, 50.853472403907325], [6.047517135261496, 50.85356628247449], [6.0475530152681625, 50.853587439007924], [6.047745272228821, 50.85362041647795], [6.047887495283093, 50.85365675946296], [6.047930595695097, 50.85365517904183], [6.047956422471428, 50.853666321208316], [6.047996624656752, 50.85366675426555], [6.048102683487859, 50.85369048777889], [6.048134468336804, 50.85368424919343], [6.048144868510193, 50.85368697713495], [6.048163153091668, 50.853691766656425], [6.048224562731531, 50.853707857315996], [6.048254095233766, 50.85370712967782], [6.048362181868531, 50.85375365400806], [6.048419982465227, 50.85377738903421], [6.048500724542528, 50.85379608274128], [6.048601878798985, 50.85386012482681], [6.048620224048574, 50.853881053099045], [6.048709056511953, 50.853910025987574], [6.048861772107193, 50.85392291313218], [6.0489049713528615, 50.853935295312404], [6.048948714487357, 50.853935691719634], [6.049008193552773, 50.85393623447145], [6.049051751682435, 50.853936635153225], [6.049075065698427, 50.853940319471405], [6.049150651736359, 50.85393760873066], [6.0492773617715, 50.85396018165745], [6.049334419319297, 50.85394663954014], [6.049361902366276, 50.853952039423696], [6.049416699623387, 50.853982840095824], [6.049468919227435, 50.8539982028217], [6.049505547405846, 50.85400843058474], [6.0496948213988775, 50.854078344340756], [6.049794709943983, 50.8540931499206], [6.049863621961879, 50.854162608791356], [6.049973148459052, 50.85418119313931], [6.0499983298275835, 50.854185464220265], [6.05010227765574, 50.854222185442445], [6.050129501626306, 50.85423799496185], [6.05012632090136, 50.85425146118134], [6.0500981191706575, 50.85432856472291], [6.0501034000366705, 50.854361512587964], [6.0501407598969426, 50.85438694245426], [6.050173628745735, 50.85439729978208], [6.050216222746367, 50.85441072758446], [6.050260966901943, 50.85444974696484], [6.050247744301701, 50.85448789369873], [6.050287732225669, 50.85452752136067], [6.050319468908972, 50.854536230882005], [6.050338194544188, 50.85456127927406], [6.050330566164149, 50.854620886005115], [6.050324731970063, 50.85467570772949], [6.050306558491307, 50.85475490898675], [6.050308450500643, 50.85479111730878], [6.050266947404643, 50.85486326991624], [6.05026544217873, 50.85487023005944], [6.050256882289789, 50.85490970008845], [6.050257583914004, 50.85491254231053], [6.050325884056309, 50.85495908378059], [6.050342098720486, 50.85497731330383], [6.050383392413878, 50.85498883715881], [6.050427986034904, 50.85501471975477], [6.05044511458907, 50.85504391046884], [6.050462787957228, 50.855054566983036], [6.0505036200034334, 50.85510514500782], [6.0505383694201615, 50.85512961819089], [6.050558090863425, 50.8551375469946], [6.050607230603507, 50.85516345455348], [6.050644187685656, 50.85519482884256], [6.050641624872965, 50.8552394788588], [6.0506287594711505, 50.855245854839836], [6.050608169416324, 50.85526879338652], [6.050611521972124, 50.855280068134455], [6.050665438428615, 50.85531788011433], [6.050715200538405, 50.85532875449892], [6.050801696229458, 50.85536869469023], [6.050867675696171, 50.85538965792971], [6.050902998049117, 50.85536543681526], [6.050930633166389, 50.855364165772215], [6.0509564490933725, 50.85537483024015], [6.051000212898295, 50.85537492055317], [6.051067648390171, 50.855338594485126], [6.051100892903704, 50.855329504558924], [6.051143553771226, 50.85535652535553], [6.051180836616348, 50.855366760137834], [6.051234742931276, 50.85536961648693], [6.0513692822099525, 50.855368637908605], [6.051401615011845, 50.855391106771236], [6.051466960800045, 50.85542481774547], [6.0515152458538815, 50.8554212712132], [6.0515694075650845, 50.85542976482023], [6.051596396771528, 50.85543400030183], [6.0517075057500005, 50.85545143563804], [6.051720447229873, 50.85544632977658], [6.05175492193186, 50.85544161541833], [6.051817215535319, 50.85546537236512], [6.051850833093622, 50.85547716936921], [6.0518768869550685, 50.855486319467985], [6.0518863625818025, 50.85548794427892], [6.0519511028796105, 50.85549905288143], [6.051978109228484, 50.8555036934884], [6.0520990722799075, 50.85551248137756], [6.052148183815741, 50.855521512685954], [6.052175753754792, 50.85553186141521], [6.052198421209409, 50.85556900865036], [6.052241004087877, 50.85560200883078], [6.052254073337996, 50.85562596042902], [6.052284309529747, 50.85565216299379], [6.05231499697531, 50.85570094575256], [6.052409375069379, 50.85584032731019], [6.0524188084412405, 50.85586041802174], [6.0525237308682565, 50.8559466528951], [6.052554248103676, 50.85595466533125], [6.05265591104165, 50.85600427046175], [6.052687320414198, 50.85603215767348], [6.052733684494464, 50.8560453290107], [6.052804126182033, 50.85607217879143], [6.052882184578844, 50.856076508311844], [6.052915599422867, 50.8561109046508], [6.052958470060159, 50.85612065940879], [6.052966141859132, 50.8561486302669], [6.053086126813191, 50.85620674869515], [6.05312765635782, 50.85621546204367], [6.0532267208221375, 50.85626234743422], [6.053263091975925, 50.856274888239845], [6.053330940109437, 50.85629262305318], [6.053341461300829, 50.8563121474941], [6.053336838571083, 50.856348038200814], [6.053355797130065, 50.85637911870693], [6.053329974362157, 50.85640955337249], [6.053324681126397, 50.856415968074145], [6.053345175610295, 50.856425175248646], [6.053347606238633, 50.85642854687705], [6.053350864530848, 50.856433441606775], [6.053399380516438, 50.85650398403719], [6.053505432163875, 50.85659895381347], [6.053644581557188, 50.856696864612424], [6.053748048567775, 50.85676297543535], [6.0539325863482345, 50.85692449482107], [6.053956317201577, 50.85694526143538], [6.0539960531305095, 50.85693014602554], [6.054036369042382, 50.856914847361516], [6.054049867069045, 50.85691105959494], [6.054058518426988, 50.85690863358352], [6.054066894535056, 50.85690629056925], [6.054093875821555, 50.85689872364963], [6.054114463231563, 50.85690015224402], [6.054160064660699, 50.856909210950185], [6.054325601771155, 50.8569760976651], [6.054464268156844, 50.85703122340879], [6.054506196021276, 50.85704783504714], [6.054742631975964, 50.85714857959968], [6.054816206956431, 50.857178070884615], [6.054820351468895, 50.85717973171651], [6.054842222834322, 50.85718852363955], [6.054922224175042, 50.8572206778059], [6.055069687993459, 50.85725485046127], [6.055076072060471, 50.85725637894385], [6.055390496205926, 50.85724516833279], [6.055435379629257, 50.85724353118586], [6.055860566697517, 50.85722398913779], [6.056271552422003, 50.85720563420938], [6.0563414100136885, 50.857196252687075], [6.056362280887757, 50.85719183220999], [6.056375049317172, 50.857186991318216], [6.056413819949987, 50.857172300478496], [6.056512768207288, 50.85713494971932], [6.056549516180521, 50.85710634628898], [6.0566891606977, 50.856898539499234], [6.056799429510927, 50.85671960308958], [6.056835754113883, 50.85656461634403], [6.056868965821085, 50.85643129224372], [6.056911128237689, 50.85629912952791], [6.0569866489861015, 50.856033556410544], [6.05700731937873, 50.855958312122475], [6.057033314936511, 50.85586372777227], [6.057061173927808, 50.855767985096655], [6.057089047170775, 50.85568148976529], [6.057105596152673, 50.85563015843883], [6.057127125056977, 50.85556158319442], [6.057130539363804, 50.85555069530384], [6.057144513058481, 50.85550618025316], [6.05711477194536, 50.85546079586297], [6.056989504491846, 50.855332404275984], [6.056936310679886, 50.85527085737132], [6.056814293165795, 50.85512179584479], [6.056796659434877, 50.85510687761634], [6.056782866254394, 50.85509528557067], [6.056697141867723, 50.85501641142249], [6.056661419298326, 50.854951167604206], [6.056654203556039, 50.85488028375579], [6.056644750329756, 50.85478739531378], [6.056636844882005, 50.85470963976473], [6.056634967913347, 50.85468258900869], [6.05665337865451, 50.85464095650566], [6.056608720169364, 50.854586955905155], [6.056603440509565, 50.85454895314277], [6.0565777811013435, 50.85436413017395], [6.056609860175165, 50.854347570299005], [6.056782712336491, 50.85436547085203], [6.056868281743747, 50.8544321256551], [6.057011119819507, 50.85441012153137], [6.057077323917459, 50.854309319846024], [6.057087482522515, 50.85413833594003], [6.057085190413213, 50.8541221588212], [6.0570790355762, 50.854079996234226], [6.056914659854869, 50.852952940584814], [6.056958573946772, 50.85285179226888], [6.056964839670876, 50.85283217910797], [6.0570492707814845, 50.85257506131307], [6.057081371777526, 50.85247104220601], [6.057117397030128, 50.8524335421792], [6.057103529647858, 50.852350940719916], [6.057099904320991, 50.85228711871788], [6.057139555403004, 50.8522019730272], [6.057211153442385, 50.85210188308251], [6.057220197831093, 50.852019643962905], [6.057213473997, 50.8520185567734], [6.056786423266421, 50.851876242885076], [6.056951880639009, 50.85158410129073], [6.056830104701901, 50.85155475295756], [6.0567464014643795, 50.851534578037665], [6.056635827979771, 50.85154575648221], [6.0565054559489, 50.85135578960367], [6.056793545134169, 50.8512393333475], [6.056709873998621, 50.8510760826096], [6.05673700936255, 50.85107480659193], [6.057513732754319, 50.85103733500444], [6.057583054633917, 50.85104533587848], [6.057838574549263, 50.85107483779261], [6.058423902506298, 50.85106771077883], [6.059006742025742, 50.851060608014514], [6.0590620737395735, 50.85105993465948], [6.059133466737886, 50.851045642940974], [6.059162209250827, 50.85104930923735], [6.059239754129372, 50.85105918960032], [6.0592915023328455, 50.85104117310416], [6.059307018047951, 50.85103577152838], [6.059332452413072, 50.85102042860282], [6.059360500723313, 50.85100351447748], [6.059426935096078, 50.85096347040866], [6.0594605768017615, 50.85096131439746], [6.059480978935637, 50.85096000287367], [6.059525259663065, 50.85096648959558], [6.059557584016222, 50.85095907416678], [6.059565485081102, 50.85095725849549], [6.059568197591292, 50.850948475688384], [6.059584168722174, 50.85089676963974], [6.059689195096845, 50.85091070686373], [6.059770310853936, 50.85091577457069], [6.059781719008505, 50.850916484995196], [6.059796532819797, 50.85092020470761], [6.059908568051036, 50.85094831487787], [6.059923633858771, 50.850952094898425], [6.060228985056345, 50.85079619905728], [6.060244649682358, 50.85078820152012], [6.060294770435988, 50.85076261463187], [6.060324791597715, 50.850758828930594], [6.0603565463248055, 50.85075481707056], [6.060357360776282, 50.85072267102434], [6.060397433729923, 50.8507194715272], [6.060464607206532, 50.850731356392274], [6.060501777449948, 50.85073793335032], [6.0605156057723475, 50.85074037780585], [6.060676612811767, 50.85072434130939], [6.060768900180363, 50.85064035031837], [6.060822859462552, 50.8505912297609], [6.060911751372152, 50.850590133125436], [6.061077331551909, 50.85051989876817], [6.061264081473524, 50.850514989601024], [6.061306042938458, 50.85053711369396], [6.061333675533591, 50.85057356570658], [6.061539292478123, 50.850540913858886], [6.061666365145533, 50.850518344938735], [6.061809661368117, 50.85049289245616], [6.061902402576594, 50.85047644742712], [6.061931515623062, 50.850471280168826], [6.062027869829684, 50.85047646940081], [6.062166442076087, 50.850411561774955], [6.06219519941091, 50.85034447204004], [6.062236234766061, 50.85031940202502], [6.062330475770791, 50.850332660368], [6.062378589127625, 50.8503394314598], [6.06240425182095, 50.85034303735985], [6.062456775578681, 50.85036735207957], [6.0624889311900425, 50.85036192851098], [6.062509712490215, 50.85035842220561], [6.062564000498571, 50.850272842901994], [6.062616808571912, 50.850260761441014], [6.062798415154687, 50.850306012002704], [6.062884879228125, 50.850307587229594], [6.06291278298368, 50.85030809217687], [6.062981463611636, 50.850309336339826], [6.0632469647411025, 50.85026750359419], [6.0635100795803565, 50.85016776251362], [6.06363645149753, 50.850022444346905], [6.063857256128997, 50.84996081080752], [6.063898088586403, 50.84991429972841], [6.064039965831913, 50.849877232073204], [6.064096614728271, 50.84987434072234], [6.06423492297681, 50.84982645179067], [6.064289356895139, 50.849806117008626], [6.0650610784270675, 50.84952498942835], [6.065932713842071, 50.84927975178631], [6.065936605024797, 50.84927865334566], [6.065950365983721, 50.84927469993178], [6.066691955219753, 50.84906132831391], [6.066943621533713, 50.84898891559692], [6.067113402359026, 50.8489269010224], [6.0675312727859145, 50.84877425711107], [6.067934953378478, 50.848659313262374], [6.06843807877334, 50.8485160599112], [6.06845240158804, 50.848511976408616], [6.068573201893481, 50.84847758465844], [6.068807670669792, 50.84841081631788], [6.068860663261446, 50.848395732323716], [6.068882740280106, 50.848389441990825], [6.06891847393781, 50.848379267231806], [6.069373925986117, 50.84824004668231], [6.069493102476974, 50.84820297760849], [6.069731178649258, 50.84813256511623], [6.069877197000748, 50.84809795121183], [6.070566192135626, 50.84786938110325], [6.070826495040414, 50.84777526496455], [6.071014354558896, 50.84770733937114], [6.0710695987457735, 50.84768736362782], [6.071157519135594, 50.847661318351875], [6.071749145860472, 50.84748602936183], [6.072137546275561, 50.84735359667056], [6.072412701092874, 50.847259768994206], [6.07260521174544, 50.84717762842871], [6.072683189442605, 50.84714106897797], [6.072685315707173, 50.847142282726296], [6.0727018451071615, 50.847135168778856], [6.072990571264114, 50.8470108632015], [6.073018497236203, 50.846998278413544], [6.073101601135829, 50.846960848905894], [6.073141339264721, 50.846943190503325], [6.07335917542972, 50.846846383709696], [6.073477103109215, 50.84679397858142], [6.073509206537961, 50.84678093183046], [6.073726100789103, 50.84669278999887], [6.0737930651375285, 50.846664858588966], [6.074034912051409, 50.8465639396622], [6.074039864127873, 50.846562228922124], [6.074050163363848, 50.84655907821335], [6.074065053886661, 50.84655339814936], [6.074081392486746, 50.84654773642935], [6.074169260954306, 50.84653652953773], [6.074169685190287, 50.846538150307374], [6.0741726766374455, 50.84654597015843], [6.074218326490951, 50.84667126610079], [6.074240247018004, 50.8467314536964], [6.074242569206467, 50.846742701879904], [6.074260268681938, 50.84682832967164], [6.07427227624065, 50.84688640654415], [6.07432811161911, 50.84715654538758], [6.074570522906695, 50.84832931987646], [6.0747572686219815, 50.84923274193372], [6.07489871513822, 50.849914943966766], [6.07493881838969, 50.850108499171476], [6.074945704976328, 50.850141719934584], [6.075199215863397, 50.85136508044396], [6.075369129938492, 50.85218496405056], [6.0753884584717275, 50.85227822430003], [6.07540325840431, 50.85234962081037], [6.0754588968618926, 50.85261809877534], [6.075876887281775, 50.85462938806217], [6.075898404299709, 50.85473289450485], [6.07592729077264, 50.854871918477585], [6.076046252788841, 50.855444300084024], [6.0764518069805495, 50.85719244666906], [6.076666459971713, 50.858117639174594], [6.076842935703727, 50.85887812748364], [6.076885449842875, 50.85906131678488], [6.07693439072198, 50.859272174144266], [6.077014471532477, 50.85961725417482], [6.077039948964248, 50.85972703919491], [6.0770996704651825, 50.85998435645665], [6.077237852648609, 50.86057976866465], [6.077244628843912, 50.860608893688195], [6.077253035649631, 50.86063785269178], [6.077263047498012, 50.86066660005877], [6.0772746660776935, 50.860695108845796], [6.0772878658207015, 50.86072333343611], [6.077302619473152, 50.860751255155925], [6.077318944599292, 50.86077882047433], [6.077336785564561, 50.860806010006115], [6.077356130990556, 50.86083277848996], [6.0773769683748915, 50.86085909862653], [6.0773992568345525, 50.86088494240514], [6.077420276454553, 50.860907669065014], [6.07743112873332, 50.86091889705471], [6.077457074536712, 50.86094421181784], [6.077484421965505, 50.86096893204446], [6.07751311650741, 50.86099302038711], [6.077543130906619, 50.86101645817159], [6.077574438468993, 50.86103921774265], [6.0776069988717225, 50.86106126210846], [6.077640757039548, 50.86108256290251], [6.077675685715679, 50.861103101450546], [6.077711729824313, 50.86112284938617], [6.077748847917841, 50.86114178767957], [6.077786999672078, 50.86115987933889], [6.0778261288867315, 50.86117711395982], [6.078717285515841, 50.86156255457448], [6.080469296079409, 50.862320270071564], [6.080476134521335, 50.86232319376587], [6.080612753617999, 50.86238156487114], [6.080726822109218, 50.86243030427219], [6.080822908303456, 50.862471361386206], [6.0809638060290006, 50.862531557233375], [6.081039423600639, 50.862563781372124], [6.081042035047165, 50.86266732614567], [6.081042335190037, 50.862680718338304], [6.081012465803956, 50.86276954372144], [6.081003091413372, 50.86279741870613], [6.0810033889900525, 50.862807212802245], [6.081004289268525, 50.862832835335794], [6.081004545926478, 50.862852154197995], [6.081007399453419, 50.86306736096111], [6.0810107359570456, 50.8633248746733], [6.081011228037942, 50.863358393663084], [6.081011809654008, 50.86344369956881], [6.081016306820716, 50.863747459038066], [6.081019443215372, 50.86398702253503], [6.081021412360534, 50.86412949990572], [6.08102240752208, 50.86420887040649], [6.081026853174384, 50.86454574843445], [6.081540711205109, 50.86459475121054], [6.081577659581385, 50.86459827542374], [6.081713217585927, 50.864613244336596], [6.081848422581295, 50.864628177272515], [6.0819383995823575, 50.864638110490304], [6.082127219951467, 50.86466439616265], [6.0824051664361445, 50.86470309372553], [6.082710605202442, 50.86474561762944], [6.083028402435679, 50.86478986207002], [6.083037868278045, 50.86479100733581], [6.083093719242924, 50.8647977473599], [6.083395786279148, 50.864834194403265], [6.083465372078548, 50.86493327936454], [6.083750941020232, 50.86534073745346], [6.08417407556594, 50.86594447967807], [6.0845923384893, 50.866541271184104], [6.084863607373306, 50.866928318803055], [6.084878500635496, 50.86694955064424], [6.08512473556587, 50.86730027041423], [6.085205337899024, 50.867409029435265], [6.085224767798387, 50.86743524094543], [6.085246766416426, 50.867464934777736], [6.085287632403912, 50.867520061464404], [6.085386078875303, 50.86765289636238], [6.0854926684955055, 50.86779670176932], [6.085597382801244, 50.86793799555844], [6.085600515868417, 50.86794222957409], [6.085687335368794, 50.868059365090275], [6.085766300702189, 50.86816592396752], [6.0862084551585705, 50.86876248761305], [6.086236434895803, 50.868800228344405], [6.086407392252561, 50.869060498981966], [6.086478874360944, 50.86920206807066], [6.086542322691739, 50.86932773103266], [6.086643707546149, 50.86960315596888], [6.086706734459114, 50.86988141854309], [6.0867335149216055, 50.87016215779431], [6.086729232969799, 50.87026975771451], [6.086725795209377, 50.87035607841257], [6.086722277303182, 50.87044436702636], [6.08667594719265, 50.870724206463045], [6.086647434883248, 50.87082736020629], [6.086619455639504, 50.87092857533], [6.086593909169516, 50.87100173265491], [6.086536173091569, 50.87106381348499], [6.0863469515167266, 50.87121437711852], [6.086293184826025, 50.87128254770894], [6.086239155949959, 50.87135104454223], [6.086185312366291, 50.8714193031139], [6.086141996012704, 50.87147422414464], [6.086152705842426, 50.87148279416572], [6.0862464397564, 50.87155781611011], [6.086530770179314, 50.87167193358645], [6.0868302059183526, 50.871792094552376], [6.086866139021557, 50.871806520672166], [6.087161248914051, 50.871924953607994], [6.087183882504303, 50.871934037215254], [6.087346894258208, 50.871999463688624], [6.087372648686294, 50.87200979455599], [6.087816733740806, 50.872187877454785], [6.087969917990268, 50.87224929771244], [6.0880319540941095, 50.87227417983168], [6.088073728574361, 50.872290919228504], [6.088074985980526, 50.87229674344052], [6.088102708563945, 50.872424832613525], [6.087296432028352, 50.8734112102661], [6.086725457102463, 50.874558292243464], [6.086662182366726, 50.87460631044448], [6.08664603208937, 50.87463319802468], [6.086316286711248, 50.875184570219794], [6.086034915054901, 50.87554002342656], [6.085759307052891, 50.87578894759838], [6.085693216608519, 50.87584877740368], [6.085071985472382, 50.87636870159854], [6.0863294337905085, 50.87743923970128], [6.086535104155049, 50.87755406321861], [6.087027783889077, 50.87811688455322], [6.087100831122783, 50.87826026407844], [6.087111368701126, 50.87828096401366], [6.087115069081745, 50.8782850052583], [6.087131324123043, 50.87831752356259], [6.0871810591634, 50.878417081594385], [6.087208917562173, 50.87847281805973], [6.086829356406303, 50.8791953286888], [6.086805661632611, 50.87923964915541], [6.0867809899103165, 50.87928367536403], [6.086755298649316, 50.87932740625025], [6.086728432252097, 50.87937082893186], [6.086701664256119, 50.8794131296838], [6.086673598402437, 50.87945503820926], [6.086644484611486, 50.87949665070057], [6.086614364908634, 50.87953797720173], [6.086484821771167, 50.8797011137732], [6.08644541074953, 50.87974641781912], [6.086336921799071, 50.87986197462963], [6.086331648364196, 50.879868328325394], [6.0862981689999325, 50.87988738901952], [6.086268779582704, 50.87989855527696], [6.0862247457657155, 50.87990766460918], [6.086191502970254, 50.87991245603488], [6.086131255569846, 50.879917085516844], [6.086080814301892, 50.8799226975531], [6.086027817500453, 50.87992938809224], [6.0859516757213505, 50.8799431011633], [6.0858823529847665, 50.87996032172429], [6.085820431838193, 50.879976728727215], [6.085765886882538, 50.879992501450204], [6.085719452760131, 50.880008170977725], [6.085686076947941, 50.88002078463283], [6.085652848532543, 50.880032403510626], [6.085613658198443, 50.88004591528346], [6.085579138635822, 50.880057717759364], [6.085513810605311, 50.88007744859612], [6.085464381266758, 50.88008916630994], [6.085353298370246, 50.88011504868366], [6.085240234126632, 50.880135088622765], [6.085126297607549, 50.88015224622622], [6.085097601672134, 50.88015981351108], [6.0850605405388265, 50.88017269468832], [6.085030593436029, 50.88018800241424], [6.08499496486376, 50.88021391722721], [6.084967034174753, 50.88024315470118], [6.084953586996155, 50.88027201656186], [6.084950356635087, 50.8802932361134], [6.084949552845652, 50.88031179980596], [6.084949268394182, 50.8803184040614], [6.084955049765395, 50.88035583305429], [6.084957173453447, 50.88036963956915], [6.084964191557383, 50.88040047011611], [6.08496748898299, 50.88041574517441], [6.084966417922212, 50.8804483794462], [6.084963630510604, 50.880479126835255], [6.084951751298323, 50.88050610294192], [6.084929092338152, 50.88054495295031], [6.084903143483003, 50.880577514141656], [6.084865559011486, 50.88060651031104], [6.084837595350189, 50.880628074150124], [6.084787929101817, 50.88066110393896], [6.084734698803531, 50.88069314511895], [6.0846827373097625, 50.880718984416774], [6.084641699890524, 50.880738152564575], [6.084610336158541, 50.88075723867899], [6.084573555028277, 50.88077245642344], [6.084523265145898, 50.8807895132871], [6.084522292112559, 50.880789839771666], [6.084475426106599, 50.880804436599924], [6.0844282638895715, 50.88081785664798], [6.084382251985494, 50.880830387936925], [6.084331676285487, 50.88084291306168], [6.084276444422617, 50.88086237388932], [6.084250024423135, 50.88087219265837], [6.084224892906098, 50.880885056975806], [6.084183582012239, 50.880904955722485], [6.084139547653504, 50.88091883164227], [6.084086711323266, 50.8809322626172], [6.084036002767477, 50.88094281437657], [6.083977760629855, 50.88094968768379], [6.083912976071148, 50.880957728657805], [6.083856850915428, 50.880966219972855], [6.083804019387333, 50.88097866148463], [6.083750608647008, 50.88099263563999], [6.083693812183657, 50.88101164330198], [6.083660151528244, 50.88102469901638], [6.0835665769654, 50.881066830795], [6.083475575721819, 50.8811089638816], [6.083442016047664, 50.881123587198694], [6.083406132337515, 50.88113922280269], [6.083363398542009, 50.881157763408254], [6.0832686857876235, 50.88119648434822], [6.083233853142166, 50.88120917781587], [6.083196546466041, 50.88122278086888], [6.083154794501414, 50.88123925909966], [6.083109929107675, 50.88126050778816], [6.083073875568465, 50.881280222799596], [6.083043363981837, 50.881298853072636], [6.083000501165606, 50.88132764468437], [6.082963738147031, 50.88135643592032], [6.082933525062917, 50.88138189188326], [6.082902167044859, 50.88140951399698], [6.082872085953816, 50.8814330842838], [6.0828385897346, 50.881457378702486], [6.082785929265753, 50.88148663579725], [6.082750435816791, 50.88150625677863], [6.082706137984154, 50.88152615226175], [6.0826436579955425, 50.88155144872786], [6.082593389066577, 50.88156973761662], [6.082503063143747, 50.881597395812285], [6.082405490024179, 50.88162407209272], [6.082359744828121, 50.881633451999555], [6.082339850438665, 50.88163553591997], [6.082301772419439, 50.88163394473456], [6.0822769010334, 50.881635580319774], [6.082250494708071, 50.88164584873656], [6.082250232282736, 50.88165914586092], [6.082273183589701, 50.881698236841736], [6.082309491359594, 50.88174270816323], [6.0823476469649425, 50.881782413341135], [6.0823634716302495, 50.88180631327893], [6.082400042881699, 50.88183406035612], [6.08242223027713, 50.88185148109516], [6.082453668054421, 50.881868089794544], [6.082488806226531, 50.88188578050277], [6.0825195215406795, 50.88190211925072], [6.082564317585511, 50.88191862129978], [6.082620066566063, 50.88193755610841], [6.082687308912881, 50.88195710218667], [6.08276194804886, 50.88197250660906], [6.082827050814058, 50.88198351675396], [6.082857188519656, 50.88198862413033], [6.082879817814863, 50.881999660347574], [6.082911680009638, 50.882020858018926], [6.082937880873282, 50.88204231886895], [6.082957262381126, 50.88207233436562], [6.082964854965589, 50.88210442072064], [6.082967584065815, 50.88212445799734], [6.082965643158863, 50.882144594359616], [6.082959278108288, 50.88216635612059], [6.082949657598707, 50.882189016923604], [6.082932089060854, 50.882219862337095], [6.08290159309199, 50.882255295730126], [6.082876780265881, 50.88228147142107], [6.082833363479357, 50.88232366074845], [6.082787237808594, 50.88236027733375], [6.082746929225113, 50.88239140849135], [6.082688872503077, 50.882431000823615], [6.0826445160745735, 50.88245591406386], [6.082635497538154, 50.882460977580344], [6.082571040428487, 50.88249536353892], [6.082511101937535, 50.88251751227826], [6.082454573544311, 50.88253355768941], [6.082399030415086, 50.8825433941458], [6.08235043390261, 50.8825476475098], [6.082293173645754, 50.88254742046995], [6.082230483580857, 50.88254261401241], [6.082170079283345, 50.882532404703944], [6.08211191873821, 50.88251519037688], [6.082054754095907, 50.88249455582882], [6.082020487350763, 50.88247929746984], [6.081991613907413, 50.882464425892216], [6.081958607757031, 50.88244742702611], [6.081917050579228, 50.882411864299655], [6.081871516192737, 50.8823739622824], [6.081824690613686, 50.88233533532216], [6.081777027954877, 50.882303730528164], [6.0817195598879294, 50.882268624168184], [6.081660670440965, 50.88223737707447], [6.081588292765387, 50.88220786131749], [6.081518195905782, 50.88218507691833], [6.081448536180977, 50.88216849201434], [6.081397227330724, 50.882162233846046], [6.081349768765865, 50.88216352890613], [6.0813081394497654, 50.88217074464526], [6.081258145083486, 50.882184623263704], [6.081212434730089, 50.88220434791456], [6.081159047959118, 50.88222972723143], [6.0811038353795785, 50.8822672491358], [6.0810534528651266, 50.882307113671956], [6.081024087870061, 50.88233535185789], [6.08098323232932, 50.88237862105034], [6.080953024968317, 50.882414870724105], [6.080922973809205, 50.88245453342663], [6.080892922597938, 50.88249419612031], [6.080835086211529, 50.882580711280596], [6.080804037516364, 50.88261767745477], [6.080763461816526, 50.88265896566847], [6.08072926777347, 50.882684609276915], [6.08069774794078, 50.88270387035197], [6.080666218457885, 50.88271737433984], [6.080596624129278, 50.88273315478868], [6.080536086912626, 50.882735984140126], [6.0804758311259945, 50.882734313980315], [6.080402636757807, 50.88272717474229], [6.08032843971392, 50.88271356090162], [6.080266881816768, 50.8826933821875], [6.080221362951548, 50.88267093341762], [6.08016972834482, 50.882639417426546], [6.0801365751096945, 50.88260977629968], [6.080111082515163, 50.882578599889705], [6.080087719027646, 50.88254680214521], [6.080066775214008, 50.88250905627143], [6.080058352795851, 50.882487311246855], [6.080050196453037, 50.88245926734592], [6.08004602696254, 50.88242681672939], [6.080048382410805, 50.88239211878701], [6.080052156582561, 50.882361108356065], [6.080054652130601, 50.88232280690173], [6.080048353669216, 50.88229279461796], [6.08003139461179, 50.88226340595777], [6.080006207909306, 50.882242572503095], [6.079977898220152, 50.88222461123722], [6.079947595883428, 50.88220827315816], [6.079903664054222, 50.88218978583616], [6.079842795171391, 50.882165198569716], [6.0798203378114595, 50.882162333576815], [6.079800869222017, 50.88215965134997], [6.079774719296128, 50.88215967126265], [6.079752131550733, 50.88216139047286], [6.079722866019087, 50.8821668913147], [6.0797002889729965, 50.88217616663363], [6.079679568612526, 50.88218940128719], [6.079633199406119, 50.88224669019066], [6.079576910684754, 50.88231684550186], [6.079517764616836, 50.882384032831176], [6.079464443312418, 50.88244402601279], [6.079436238694899, 50.8824871077272], [6.07942251150251, 50.882520378538764], [6.0794136037022986, 50.88255184508437], [6.079399764656429, 50.88260417362565], [6.079392613487383, 50.88265415101522], [6.079390857564709, 50.882709255761675], [6.079393494065887, 50.88275483678593], [6.07939925566861, 50.8828031945813], [6.079404854627233, 50.8828339269804], [6.079418412994685, 50.882872666395826], [6.079430425192112, 50.88291589160846], [6.079441837984061, 50.88294483564522], [6.079460513965071, 50.88297655212624], [6.079482451756894, 50.88300817937196], [6.079513770037472, 50.88304123783678], [6.079556175295706, 50.88308004289481], [6.079599869180918, 50.88311893417223], [6.079648692889537, 50.88316492504444], [6.0796835873263895, 50.88321173649609], [6.079707121891674, 50.8832608001205], [6.07971969936089, 50.8833072686773], [6.079724893773525, 50.8833492437469], [6.079726399966473, 50.88339994163066], [6.079722929905225, 50.88344813123122], [6.07971122055317, 50.88349551187193], [6.079697940726479, 50.883541629862506], [6.079681387851268, 50.8835855160829], [6.079662415391578, 50.88362966554192], [6.0796396070059435, 50.883670579678366], [6.079617089314435, 50.88370889252186], [6.079592562225221, 50.883744321605455], [6.079553854490988, 50.88379594652752], [6.079513999165778, 50.883841821845074], [6.0794775528685046, 50.883881845770546], [6.079377970552479, 50.88398142817692], [6.079319654016348, 50.884034864748074], [6.079266588772957, 50.88408255002081], [6.079205590959687, 50.884136791914734], [6.079151938749955, 50.88417908339267], [6.079126812362258, 50.8841924954589], [6.079103250478095, 50.88420590172368], [6.079076280599478, 50.88422264076068], [6.079057403125689, 50.88423685694649], [6.079033278289034, 50.88425880340072], [6.079005331946814, 50.88428659988087], [6.078976977072274, 50.88432024190694], [6.078951742870996, 50.884358549560126], [6.078928510558333, 50.884401449848234], [6.078903692795013, 50.88443401108271], [6.078873484582029, 50.88446477322527], [6.078856358052249, 50.88450235741936], [6.078847760727693, 50.88454452682128], [6.078842863209187, 50.88458937946011], [6.078837136544321, 50.88464566204299], [6.078804177003333, 50.884733329965954], [6.07877900422103, 50.884807682322396], [6.078772204767401, 50.88482521430445], [6.078761999491164, 50.8848371829952], [6.078750077080323, 50.88484500693177], [6.078738712242112, 50.884849147862646], [6.078709011365605, 50.88485339624161], [6.0786757640549185, 50.88485773568996], [6.078643528739496, 50.88486476301316], [6.078609571185051, 50.884873861030115], [6.0785540456015, 50.8848944901914], [6.078519246848373, 50.88490430470757], [6.07849537294375, 50.88490746665991], [6.078469226538944, 50.884906496924245], [6.078441367519699, 50.88490040207641], [6.078417186339807, 50.88489098122297], [6.078377227751716, 50.884879411126015], [6.078346527321922, 50.88487736481898], [6.078323525819646, 50.88488340002275], [6.0783086184895065, 50.88489392861862], [6.078295137247385, 50.884906435868125], [6.078286065400268, 50.8849202858922], [6.078277580351985, 50.88494338854084], [6.078269835949223, 50.88498555228295], [6.078255876500795, 50.88504840189271], [6.078235642170505, 50.885101091809894], [6.078213978457101, 50.885151173330534], [6.078209185393534, 50.88517095033575], [6.078207816272248, 50.8852034961446], [6.078216826593804, 50.88523333358886], [6.078237634973512, 50.885276644333544], [6.0782580159938275, 50.88531042759609], [6.078281072976835, 50.88532713330314], [6.078344381991276, 50.885367991566554], [6.078440959802603, 50.88541962265636], [6.078544484777868, 50.885463862826256], [6.078637203372633, 50.88549832446608], [6.078684973368804, 50.88550710375253], [6.078748525060141, 50.88552342035458], [6.07879915169449, 50.88554199479705], [6.078843804540183, 50.88556309113883], [6.078876811781951, 50.88558554190402], [6.078903847942692, 50.88560592717261], [6.078937162943398, 50.88564141047122], [6.078958809208934, 50.8856618046643], [6.079004353439334, 50.88570069749982], [6.079058134139091, 50.88573886109402], [6.079091150476245, 50.88576185172725], [6.079149638624902, 50.88580955098813], [6.079190914716581, 50.885844846783115], [6.079248571874054, 50.8859033282462], [6.079276197193851, 50.88593225549163], [6.07930298459228, 50.8859711642513], [6.079329622654066, 50.88601177832559], [6.079343504932517, 50.88606444119008], [6.079345980851415, 50.886103271881254], [6.079338342020494, 50.88612512748745], [6.079228807102943, 50.886233689493885], [6.079186213214943, 50.88627102278544], [6.07914280647689, 50.88630907330121], [6.079107324245702, 50.886340926762614], [6.079072265823954, 50.88636782555541], [6.079057364310574, 50.88638257307498], [6.079054419089385, 50.88640531977797], [6.0790550251603435, 50.8864265363041], [6.079061455773181, 50.88644693622029], [6.079071860590426, 50.88646813727411], [6.079089810195111, 50.8864894373149], [6.0791149901169, 50.88651018082006], [6.079176472290096, 50.8865625425098], [6.079238963174591, 50.88661832955587], [6.079298736088469, 50.88667051345069], [6.07931412273527, 50.88669073283598], [6.079322676829449, 50.886709242976245], [6.079327247264851, 50.886721194914315], [6.079328565931359, 50.886743751553794], [6.079323188162755, 50.88676174193111], [6.079309147552103, 50.88677909262069], [6.079290986319285, 50.88679411834768], [6.0792642939258545, 50.88680753621247], [6.079214584986569, 50.88682267145305], [6.079161869563089, 50.88683358466483], [6.0791086039487885, 50.886846471982466], [6.0790598766791755, 50.88685432775512], [6.07900644278979, 50.88686263232881], [6.078973490340755, 50.88687109899289], [6.0788695365475, 50.88691521593734], [6.078841558823217, 50.88692871845253], [6.078831913622735, 50.88693627560888], [6.078809935617667, 50.88696433845608], [6.078805555269607, 50.88698115744836], [6.078803589286381, 50.88699643578724], [6.0788034795882036, 50.887010456332824], [6.078811817177409, 50.88707059020954], [6.078826546242017, 50.88712289654579], [6.0788425317265915, 50.88716217352409], [6.078872605501243, 50.8872144683663], [6.078881163040231, 50.887234058031424], [6.078888157185515, 50.887251134902044], [6.078887369582513, 50.88728484663732], [6.078885854363663, 50.88731927774473], [6.0788778270069965, 50.88735937455909], [6.078865660378622, 50.88739380876444], [6.078853062257603, 50.88742582148721], [6.078835219952567, 50.88746232633083], [6.078817221302487, 50.88749065075047], [6.078792411950152, 50.887529409767104], [6.078755835823068, 50.88758076399643], [6.078707322644333, 50.88763698241009], [6.0786615097331484, 50.88769481558387], [6.0786250419318115, 50.88772944168257], [6.078583477180753, 50.88776893236631], [6.0785346504903845, 50.88780789034058], [6.078486245384787, 50.887839204061784], [6.078433849041056, 50.88786998602966], [6.078362570686401, 50.8879061687868], [6.078315722120138, 50.88793487688063], [6.078262765914459, 50.887966193447724], [6.0781991430615205, 50.887997071890304], [6.078133383596381, 50.88802255371279], [6.078064074015147, 50.88804363793361], [6.077994598788188, 50.88805419374792], [6.077959214577283, 50.888056284683856], [6.07791315619649, 50.88805487897432], [6.07787066854162, 50.888050954135494], [6.0778244555878045, 50.8880392991487], [6.07777994143768, 50.88802413365637], [6.077743522196115, 50.88800096746101], [6.077714764451194, 50.88797149877234], [6.0777003646141035, 50.88794301945264], [6.07769703460461, 50.887904904921186], [6.077708762532049, 50.88786750046671], [6.077732840659644, 50.88781363864254], [6.0777455632679604, 50.887775791361776], [6.077751745362749, 50.887730206378805], [6.077747962301265, 50.887682293875066], [6.077741535510484, 50.88765911450918], [6.077716436204592, 50.887613465415896], [6.077701482663425, 50.8875940572298], [6.077677431528, 50.88757186651301], [6.0776578020467, 50.8875612732613], [6.077636044339344, 50.88755400882621], [6.077610453087267, 50.88754664833856], [6.077592687073037, 50.88754172367542], [6.077555450587149, 50.8875418341397], [6.0775227655192126, 50.88754760858092], [6.077492942586425, 50.88755491192542], [6.077456149726752, 50.887568148267945], [6.077424063337179, 50.887585253465225], [6.077393396896923, 50.88760261910937], [6.0773665534952, 50.887616842317996], [6.077344131227237, 50.88763267847578], [6.077305245598718, 50.88766479693015], [6.077261115300509, 50.887700957659504], [6.077217405604293, 50.88774152749547], [6.0771798063958435, 50.887779668852986], [6.077151008597717, 50.88781078972862], [6.077110167937663, 50.887863673693765], [6.077062405280998, 50.88794011314777], [6.077028271894494, 50.8880160036177], [6.07699828042532, 50.88809773672104], [6.076987261592283, 50.88813765950428], [6.076976420545726, 50.888196539329044], [6.0769614655837225, 50.88825957071959], [6.076948163743514, 50.888295982184054], [6.076925792909718, 50.88834436367256], [6.076904404727238, 50.88838545680068], [6.07687050957803, 50.888434377016715], [6.076825820401459, 50.88847989643103], [6.07681574937362, 50.88848970051221], [6.076763794908271, 50.888524522602076], [6.076707588488723, 50.888564563179884], [6.076635340305911, 50.88862231772578], [6.0765904993411795, 50.88866253515874], [6.076538010514224, 50.888716323330044], [6.076494747670239, 50.888769029441235], [6.07646327033897, 50.88881067017534], [6.076426284917064, 50.88888098401411], [6.076393871672708, 50.88895867145479], [6.076368267047965, 50.88903096160484], [6.076354888697272, 50.88910172321263], [6.0763463294595, 50.88917274053708], [6.0763460179786986, 50.88923423194059], [6.076349652829184, 50.889287438865615], [6.076347472068093, 50.88934381020167], [6.076336073885381, 50.889409521241184], [6.0763243988273885, 50.889479650907646], [6.076313667048617, 50.889524510114484], [6.076285071112323, 50.88959482730882], [6.076256179971558, 50.88965192335714], [6.076222028551476, 50.88970831185933], [6.076194231115911, 50.88974590703793], [6.0761557842971685, 50.889791861524536], [6.076122026233026, 50.889826761670946], [6.076064973209024, 50.8898816405633], [6.076032903598469, 50.88990979174157], [6.075992737082294, 50.889944603165674], [6.07592799102766, 50.88998312502337], [6.075867638844754, 50.890010306288495], [6.075816073673521, 50.890030026031546], [6.075788533048546, 50.8900469479164], [6.075772921469669, 50.89005846599077], [6.0757580325724625, 50.89007933005584], [6.075728573636852, 50.890144336389056], [6.07571000844664, 50.89017734156053], [6.0756824916537955, 50.89021430500745], [6.075640493702632, 50.890255411913415], [6.075596781541258, 50.89029346248241], [6.075567965164879, 50.890317575363014], [6.075548250907787, 50.890340774072456], [6.075537062426314, 50.89036227059018], [6.075533399344095, 50.89038168902976], [6.075526479242933, 50.89041450040559], [6.075510779163132, 50.89045352311389], [6.075479569685695, 50.89049040292542], [6.0754453519214255, 50.890514695177245], [6.075415959472276, 50.890531885373186], [6.0753928261178, 50.89055041085035], [6.0753782143887305, 50.890573881389614], [6.075376261393051, 50.890594377133695], [6.075402407052028, 50.89067391934753], [6.075414317533928, 50.89074573768377], [6.075402382044076, 50.89083860023626], [6.0753856201757435, 50.890932906914045], [6.075384777684946, 50.89103007738568], [6.0753961609925025, 50.89112777927189], [6.075398595680073, 50.891137492013456], [6.075408988336501, 50.89114548833809], [6.075454789450917, 50.891167838049476], [6.075587634271767, 50.89122843126935], [6.075732693832802, 50.89128837708473], [6.075926112923088, 50.89135890787567], [6.076118072758347, 50.89141937227382], [6.076214625484815, 50.89144636699801], [6.076227845896145, 50.8914507731404], [6.076240472012022, 50.891455812028795], [6.076252433397927, 50.89146147290281], [6.076263648233388, 50.891467699741455], [6.076274075045411, 50.89147447351529], [6.07628361781375, 50.89148173784739], [6.076292464208324, 50.89148990221948], [6.076300202180343, 50.89149850655085], [6.0763068078321485, 50.891507478282264], [6.076312199342397, 50.89151676139272], [6.0763163800868005, 50.89152630199669], [6.076318613167608, 50.891530837506636], [6.076319998347208, 50.89153551367482], [6.076320498091256, 50.89154024860497], [6.076320101013565, 50.891544997036405], [6.076318653564114, 50.89155039376932], [6.076316163789088, 50.89155562945039], [6.076312664589059, 50.891560632943744], [6.076308203626939, 50.891565324488475], [6.076253730849855, 50.89163618939944], [6.0762436319681, 50.891660043012166], [6.076234786708762, 50.89168408995806], [6.076227196199132, 50.891708312275554], [6.076220876328895, 50.891732683378], [6.076215815151357, 50.89175716698591], [6.076212042193158, 50.89178174584944], [6.076209600186014, 50.89180664591617], [6.076208506577263, 50.891831588776796], [6.076208748857683, 50.89185654713263], [6.076210344042816, 50.89188147643488], [6.076213264861042, 50.89190635800977], [6.076217527202388, 50.8919311652703], [6.07622313331999, 50.891955862292576], [6.076220342164004, 50.891972262275445], [6.0762168853094884, 50.89198861858676], [6.076212778643696, 50.89200490463948], [6.076208035802898, 50.892021129770455], [6.076202635441364, 50.89203672675607], [6.076196586955039, 50.892052226540024], [6.076189890906084, 50.89206762014123], [6.076182562056371, 50.89208289893458], [6.076177401234262, 50.89209240327618], [6.076171426956782, 50.892101725316294], [6.076164684636475, 50.89211082121784], [6.076157174835766, 50.89211968199974], [6.0761484730799635, 50.89212895366077], [6.076138980508238, 50.892137908661354], [6.076128727208103, 50.89214652077031], [6.076117729067425, 50.89215476340057], [6.075788981525627, 50.892411057896574], [6.075763430170444, 50.89243184355572], [6.075689051659384, 50.89248285181935], [6.075655882387821, 50.89250559628972], [6.0756503582771755, 50.89251476767891], [6.075643902066316, 50.89252088436583], [6.0756367990322815, 50.89252620226622], [6.075629143508147, 50.892530804700506], [6.075620563484128, 50.8925347273172], [6.07561154075672, 50.89253822506173], [6.07560211905134, 50.8925412810401], [6.075592356856167, 50.892543869733444], [6.075563609910556, 50.892550740837514], [6.0755494504678325, 50.89255450557496], [6.075522603547524, 50.89256260265778], [6.075509390112913, 50.892566930811824], [6.075482035018279, 50.8925783703002], [6.075455378898547, 50.89259045696107], [6.075429466041407, 50.89260316492013], [6.075404325409017, 50.892616485908995], [6.075380001289353, 50.892630394053434], [6.075358814255117, 50.89264349033903], [6.075338324944112, 50.89265702688269], [6.075318577081818, 50.892670986791025], [6.075299571231271, 50.89268536108349], [6.075281336918272, 50.89270013251063], [6.075210505651471, 50.892763282792515], [6.075191941416762, 50.8927955683019], [6.075181102064407, 50.89286389280394], [6.075184774539292, 50.89293984918842], [6.075191610066054, 50.89295264064904], [6.075198964676413, 50.892965319194175], [6.075206867896593, 50.89297786757397], [6.075216470553242, 50.892991439026396], [6.0752267694508895, 50.89300479406421], [6.075237778789978, 50.89301793304329], [6.075246766849015, 50.893028376793374], [6.075256556177371, 50.89303851681171], [6.075267147338348, 50.89304834411716], [6.075278485784132, 50.89305782136158], [6.075289717826795, 50.893066954124826], [6.0753016556802715, 50.89307571779676], [6.075314286833544, 50.89308408507831], [6.075327569812585, 50.89309203693923], [6.075350999032118, 50.89310942714817], [6.075373957543614, 50.89312706640679], [6.075396445909816, 50.89314494573442], [6.075417920462509, 50.893162889589185], [6.075438852179969, 50.89318109867637], [6.075459213787684, 50.8931995543223], [6.075483030123417, 50.89322234224719], [6.075505942436948, 50.89324548529382], [6.075527964927463, 50.89326898381871], [6.07554905668262, 50.89329280981149], [6.075568725382751, 50.89331619534502], [6.075587566122256, 50.89333985695398], [6.075605551625814, 50.893363775964794], [6.075622681892369, 50.89338795237788], [6.075869237828637, 50.89362061991382], [6.0759071130535505, 50.89366508745458], [6.075914948447511, 50.89367373022908], [6.075922303981413, 50.89368254087492], [6.075929180780742, 50.893691501430276], [6.075935221330869, 50.89370018916061], [6.075940784834263, 50.893708999857836], [6.075945857653338, 50.89371792418507], [6.075949452140431, 50.893726154814566], [6.075952056121035, 50.89373453152006], [6.075953672408827, 50.893743009396935], [6.0759542901801, 50.893751534203574], [6.075953957229719, 50.89376025105895], [6.075952602426857, 50.893768933303626], [6.075950215510619, 50.893777517715016], [6.075946812932031, 50.893785968725226], [6.07594257621162, 50.89379683648457], [6.075937424354528, 50.893807555372426], [6.075931374937474, 50.89381807185895], [6.075924793835296, 50.89382754058573], [6.075917458863432, 50.893836783527824], [6.075909385910334, 50.893845774098246], [6.075885983715605, 50.89387355784338], [6.075871222183177, 50.893889873618555], [6.0758575053960895, 50.89390653940417], [6.075844875955891, 50.89392355626853], [6.0758333230403885, 50.893940869970386], [6.075822876176803, 50.89395846326014], [6.075814130009213, 50.89397524465367], [6.0758063819230195, 50.89399221297846], [6.0757996324820684, 50.89400935925378], [6.075793898139156, 50.89402664791208], [6.075789180021098, 50.89404406099162], [6.0757881600690675, 50.89405034994962], [6.075788247176895, 50.8940566756558], [6.075789432210627, 50.894062956925616], [6.075791720236584, 50.89406911293061], [6.075795058956994, 50.89407507039922], [6.075798990891296, 50.89408041308534], [6.075803750255808, 50.8940854886725], [6.075809269426439, 50.894090241495036], [6.075815494416442, 50.89409462522414], [6.075822384876438, 50.89409860286802], [6.075833441608621, 50.8941035035048], [6.075844892317393, 50.89410801823466], [6.075856723365148, 50.89411213772053], [6.075868893839337, 50.894115833951545], [6.075880219227291, 50.89411871743167], [6.075891766498292, 50.89412123767572], [6.075903493614015, 50.894123384634774], [6.075915386936743, 50.89412514897185], [6.0760538964251944, 50.894163350955715], [6.076121587554038, 50.8941864109919], [6.076162974892889, 50.89420049123824], [6.0761749254380915, 50.89420293161184], [6.0761865570838935, 50.89420592168398], [6.076197813592049, 50.89420945105009], [6.076208610886358, 50.894213499612725], [6.076219567159321, 50.89421841568426], [6.076229908015288, 50.89422384703716], [6.076239550503425, 50.89422975561222], [6.076248453148263, 50.894236122379894], [6.076252926540029, 50.8942425850132], [6.076256533278862, 50.8942492597949], [6.076259261978017, 50.89425610146443], [6.076261087050353, 50.89426306440521], [6.076262011872214, 50.89427009473164], [6.076261908338331, 50.894277647980424], [6.0762607113758005, 50.8942851738223], [6.076258440249586, 50.894292591784684], [6.076255084698364, 50.89429983864493], [6.076250704337144, 50.89430687092194], [6.076217665637811, 50.89435974325832], [6.076203475321176, 50.894375794546065], [6.076190050258187, 50.894392116875174], [6.076177392700625, 50.89440867432219], [6.076166210460759, 50.89442461210919], [6.076155770141709, 50.89444073939811], [6.076146057543674, 50.89445705583319], [6.076140964143922, 50.89446774920949], [6.076136658649082, 50.89447857927098], [6.0761331705861625, 50.894489528767764], [6.076130487443727, 50.89450057040113], [6.076128704165922, 50.89451087001117], [6.0761275445809995, 50.89452120324489], [6.076127023452635, 50.89453156147731], [6.0761271566701645, 50.89454191812158], [6.076129221754254, 50.89454845531794], [6.076131890011691, 50.89455489969284], [6.076135147805076, 50.894561241909386], [6.076138997385911, 50.894567446043744], [6.076143414856037, 50.894573439536394], [6.0761483843267055, 50.89457924897416], [6.076153892160429, 50.894584865020086], [6.076159925845319, 50.89459026037532], [6.0761657412415415, 50.89459437296126], [6.076172207911489, 50.894598079104135], [6.0761792582297, 50.89460132313846], [6.076186808118912, 50.89460408496657], [6.0761942503357345, 50.894606295397146], [6.076201959850409, 50.894608098754816], [6.076209880423708, 50.894609484634806], [6.076217955816363, 50.89461044263237], [6.07623218113839, 50.894611536789114], [6.076246470881269, 50.894612056875516], [6.076260796080739, 50.894612011160596], [6.076275085733925, 50.8946113978647], [6.076289225673755, 50.89461022312131], [6.076303206764353, 50.89460840574605], [6.076316942676768, 50.89460596156525], [6.076330361282567, 50.894602906761264], [6.076371369221706, 50.894598762440104], [6.076391762202103, 50.89459630520262], [6.076411245093809, 50.89459361826516], [6.076430618187642, 50.894590640730904], [6.076449881483259, 50.894587372599865], [6.076459278157206, 50.894586537701045], [6.07646873414685, 50.89458611806049], [6.076478220488753, 50.8945861219473], [6.07648768094407, 50.894586538956915], [6.076496825181778, 50.89458723588205], [6.076505874219241, 50.89458831720767], [6.07651478489253, 50.89458979084706], [6.07652351572594, 50.894591637770624], [6.076528960228941, 50.894592817650825], [6.076534153326748, 50.8945943780171], [6.076539039905812, 50.89459629050302], [6.076543563727063, 50.89459854470409], [6.076548681682574, 50.89460175827587], [6.076553077929606, 50.89460536753196], [6.076556655878481, 50.894609325076395], [6.0765630740827445, 50.8946165290576], [6.076568693255068, 50.89462400085442], [6.0765734736074, 50.89463169449455], [6.076577043411749, 50.89463918688935], [6.07657985158772, 50.8946468041167], [6.076581899823164, 50.89465451923381], [6.076583477451001, 50.894666567166155], [6.076584170709702, 50.89467865589952], [6.076583954011264, 50.89469073981741], [6.076582855755984, 50.8947028196316], [6.076580865119097, 50.89471484110046], [6.076577693421261, 50.89472755257328], [6.07657354807627, 50.89474014069859], [6.076568429646118, 50.89475259649534], [6.076562383545349, 50.89476487612634], [6.076555382497749, 50.89477696091774], [6.0765448473876225, 50.89479505578082], [6.076533514093547, 50.894812950737354], [6.0765213831775196, 50.89483063680616], [6.076508455764323, 50.89484809602505], [6.076493932084138, 50.89486628880976], [6.076478530640191, 50.89488418974169], [6.076462280958438, 50.89490178157043], [6.076445183601042, 50.894919055314645], [6.076441240084512, 50.89492524401746], [6.076437927151007, 50.89493158345051], [6.076435275452971, 50.89493803840188], [6.076433286116193, 50.89494459090974], [6.076431918058679, 50.89495189658319], [6.076431443511567, 50.89495924264123], [6.076431865289131, 50.894966584179144], [6.07643318508011, 50.89497389425407], [6.076434282670752, 50.8949790759278], [6.076435909622679, 50.89498420790379], [6.076438053986561, 50.894989253902324], [6.0764407095720845, 50.89499431271374], [6.076443754201799, 50.89499929132537], [6.076447174800763, 50.89500417141934], [6.076450634062829, 50.89500911544757], [6.076456440571849, 50.89501927246968], [6.0764585025496665, 50.895024271427644], [6.076460076642612, 50.895029339113044], [6.076461149775467, 50.895034457208105], [6.0765120256364, 50.89536697505407], [6.076559626051373, 50.89553909198802], [6.0766289675627805, 50.89578894028922], [6.076681238128681, 50.895943966668426], [6.076717178816221, 50.89610583378874], [6.076695626267563, 50.896312692513305], [6.076694088878316, 50.896328602206985], [6.076692502135892, 50.89633690085219], [6.076691907774801, 50.8963452513526], [6.076692323373068, 50.89635360017846], [6.076693736981223, 50.89636191105008], [6.0766961519762885, 50.89637013008174], [6.076701164367398, 50.89637798244416], [6.076707103633024, 50.896385570193054], [6.076713944185222, 50.89639284771176], [6.0767216456722055, 50.89639977800872], [6.0767629372097085, 50.896439482513244], [6.07721572317186, 50.89687378476777], [6.07724166801819, 50.896917808969086], [6.07726825558883, 50.89696315354993], [6.077325621620347, 50.897060963832814], [6.077271032211199, 50.89723872343005], [6.077348500329541, 50.89775853626067], [6.0773708712692525, 50.89815340360876], [6.077365453774504, 50.89858451735051], [6.077361925015335, 50.898856978810954], [6.077393746004171, 50.899100561333164], [6.077703304076452, 50.899755204313486], [6.077799945742898, 50.89991730531897], [6.078128351465884, 50.90045266815846], [6.078616728426717, 50.90118029354273], [6.078719183864896, 50.90132279518846], [6.0792087651801605, 50.90190289340226], [6.079385813409394, 50.902174766740075], [6.079595606522381, 50.90249690527283], [6.079790488726948, 50.90273552000425], [6.0798970367859875, 50.9029354573393], [6.079976236306901, 50.90318619757679], [6.079935671505058, 50.9033244792962], [6.079892110954757, 50.90337314042992], [6.079910849687017, 50.90352486102572], [6.08001466464875, 50.90362510978282], [6.080107367279073, 50.903714493141564], [6.080180454445681, 50.903887480036026], [6.080144722380499, 50.904096493799024], [6.079996635892657, 50.90444978204604], [6.079962415095728, 50.904610323357765], [6.079943042869145, 50.904743873447565], [6.079822903119384, 50.90492317745824], [6.0798047436636615, 50.90495373775755], [6.07975573244006, 50.905058751213595], [6.079745903090196, 50.90508691147198], [6.079737284000029, 50.90511528192694], [6.07972989331172, 50.90514380006763], [6.079723691227963, 50.90517241992283], [6.079718706720706, 50.90520113322296], [6.079714602258249, 50.90522896904992], [6.079711560822232, 50.905256867468026], [6.079709627275218, 50.90528479362025], [6.07970875957023, 50.905312737459006], [6.079708972475304, 50.905340690359004], [6.079710267117084, 50.9053686343583], [6.079713198805073, 50.90540133273599], [6.079717555937977, 50.90543398584178], [6.079723312360552, 50.90546655704061], [6.079730484528931, 50.90549901076405], [6.079739058804546, 50.90553133767538], [6.0799732493035705, 50.906294545740074], [6.080089457331829, 50.90665889285574], [6.0802223009647065, 50.907017737461516], [6.080349817224582, 50.90733695137217], [6.080561179381885, 50.907800375920544], [6.080853470534286, 50.90835831202496], [6.081069971020252, 50.90874820380245], [6.081095848712026, 50.90879436612795], [6.0811227507385945, 50.90884030221571], [6.08115064925504, 50.90888600237333], [6.081179545950339, 50.90893143965723], [6.081209454469758, 50.908976623403085], [6.081254635857939, 50.90904192435003], [6.08128396750814, 50.909082461203056], [6.081322319602359, 50.90913367595093], [6.081361918139035, 50.90918452608812], [6.0814027369598564, 50.90923497497878], [6.0814447760678325, 50.909285022621674], [6.081488021822989, 50.909334659679224], [6.081532460585195, 50.90938387681379], [6.081579199737554, 50.90943430284164], [6.0816272068675685, 50.909484247853044], [6.081676468896988, 50.9095336935292], [6.081726985828346, 50.90958263986858], [6.081778730377963, 50.909631068197015], [6.081831703672124, 50.90967896055097], [6.081884048562261, 50.9097250741358], [6.0819375074292505, 50.90977066686387], [6.081992080836695, 50.90981572975271], [6.082047755704884, 50.90986024448352], [6.0821185798063295, 50.90991435799879], [6.08214679406638, 50.90993457389559], [6.08219382532838, 50.909969436581804], [6.082241534264993, 50.91000392941144], [6.082289907233366, 50.91003804304743], [6.08233895900103, 50.910071768863226], [6.08243088058063, 50.91013251744788], [6.082473544754593, 50.91015964301938], [6.0825166536797015, 50.91018648286148], [6.082560192588778, 50.9102130455994], [6.082626331897934, 50.91025268557908], [6.082693436806157, 50.91029167503997], [6.08276147890253, 50.91033001326991], [6.082830445104997, 50.91036768195014], [6.082900321207602, 50.91040468072378], [6.082971079922537, 50.910440990916875], [6.085816561289831, 50.911882163927615], [6.085862477949575, 50.911908299061174], [6.085907666580275, 50.911934928706614], [6.085952127182052, 50.91196205286477], [6.0859958319044924, 50.91198966184582], [6.086038767664182, 50.91201773733378], [6.086086760723853, 50.912050265726315], [6.086133720710572, 50.912083388951395], [6.086179605006076, 50.912117105945775], [6.086224414170899, 50.91215140772974], [6.08626812203726, 50.91218625767091], [6.086310713836958, 50.912221664396654], [6.086352162279356, 50.91225760923664], [6.086383982415302, 50.91228734090642], [6.086414677303449, 50.91231754818532], [6.086444234981247, 50.91234819479545], [6.086472656008406, 50.91237927175661], [6.086499898326508, 50.91241076902429], [6.08652774787034, 50.91244484502888], [6.086554291413304, 50.91247932916685], [6.086579515308243, 50.91251421210328], [6.086603421236273, 50.91254946689598], [6.08662596769902, 50.91258507451943], [6.086647170583375, 50.91262100838611], [6.086666505738129, 50.912653360566466], [6.086684715447281, 50.91268596348385], [6.086701784941458, 50.912718825765026], [6.086717702818106, 50.91275190215071], [6.086732468513811, 50.9127852016223], [6.08674608370971, 50.91281869723722], [6.086757998909329, 50.91285093607195], [6.086768808466092, 50.91288333619101], [6.086778514061195, 50.91291587065167], [6.086787102047348, 50.91294853011845], [6.086794558777191, 50.91298130525577], [6.08680090013799, 50.91301416947559], [6.086805239675292, 50.913048557834514], [6.086808338226249, 50.91308299615951], [6.086810182704159, 50.91311746613384], [6.086810787873613, 50.913151959131326], [6.0868101412090265, 50.91318644785411], [6.086808257475024, 50.913220923675944], [6.086805173610143, 50.91325251810995], [6.086801040158542, 50.913284059349465], [6.086782377408799, 50.91337825683693], [6.086772078935637, 50.91342329855675], [6.08674439641854, 50.91352408002688], [6.086711652431211, 50.91372294264605], [6.0867432767585505, 50.913905665480605], [6.086840335676184, 50.914093908102764], [6.086985258547562, 50.914246888989325], [6.087103894590364, 50.91434874234286], [6.087640323489817, 50.91480925876961], [6.08777021208004, 50.91492076511607], [6.088522558898056, 50.91556663906763], [6.0886655658586735, 50.91568939168733], [6.088691954634628, 50.91571205199332], [6.088935369054499, 50.9159238238047], [6.089169019850758, 50.91610171015693], [6.089341020403827, 50.916232813067225], [6.089564013401907, 50.91633826577065], [6.089874046237799, 50.9164517359517], [6.090276558255554, 50.916595063512915], [6.091039035853628, 50.916866558380065], [6.091301269770262, 50.91696694147679], [6.091549618204438, 50.91708782822628], [6.091775231847261, 50.917224635547456], [6.091970576580186, 50.917363098601896], [6.092147463499303, 50.91751073491311], [6.092310161496869, 50.91767438821294], [6.092331249157695, 50.91769881348976], [6.09236118319942, 50.917733578610395], [6.092736430067899, 50.91817041737117], [6.092800847479639, 50.918245511713195], [6.093030896258234, 50.918513295232], [6.093305455851042, 50.91886032675512], [6.093536825575401, 50.91921862277139], [6.09404810213748, 50.92009293512531], [6.094097761622082, 50.92017793338887], [6.094151313653313, 50.9202899775782], [6.094158729225933, 50.920305705622845], [6.094171520889654, 50.920372389276295], [6.094184033785664, 50.92043692517611], [6.09418059633006, 50.9205705951029], [6.094149008988082, 50.92070086541547], [6.094081288211957, 50.92082659277167], [6.093988811323732, 50.920944237625214], [6.0937253394496675, 50.92122868079655], [6.093679089681067, 50.921207218006145], [6.0936569882636045, 50.921196961848835], [6.09361263308151, 50.921176382761274], [6.093596700247739, 50.921168987751194], [6.0934662356642, 50.92110844853161], [6.092551795446837, 50.92068379467286], [6.090458267324335, 50.91971154199941], [6.090333483873415, 50.91965358751057], [6.0902468563288945, 50.9196133511913], [6.090159052629395, 50.9195725817516], [6.089428819117482, 50.91852719138939], [6.088249246952838, 50.91890174165344], [6.087639542228766, 50.91909533335234], [6.087385008968851, 50.91917614081912], [6.087137787111288, 50.91926312994977], [6.086827574848166, 50.91937276028443], [6.086621561295781, 50.91947660849746], [6.086310915638431, 50.91963319857821], [6.086256726654794, 50.91966051233149], [6.08537856911375, 50.92010316958806], [6.084365275732997, 50.920648638365755], [6.083896556436679, 50.92090094535556], [6.083840256511542, 50.92093124555627], [6.083138372725746, 50.921180824631016], [6.082127902586458, 50.9215401211685], [6.077696845418222, 50.92252631302023], [6.077464999036133, 50.922577902823306], [6.075979105695395, 50.92271703587228], [6.079200130557754, 50.93048543881564], [6.080682168920854, 50.932039539286656], [6.084598204064742, 50.93384435209794], [6.085045000056245, 50.93751078123642], [6.086987771242273, 50.93961779973044], [6.086239870366636, 50.9414379481326], [6.089623118654639, 50.94266162595738], [6.088882635807568, 50.94831873530251], [6.091890089088567, 50.94922618472715], [6.09302691373882, 50.954051145104124], [6.101553601101194, 50.95843470797148], [6.100993347644707, 50.96001744831563], [6.098678685143915, 50.961324793805716], [6.097502669226011, 50.9680107747033], [6.096314805915169, 50.96915889205899], [6.092744534844143, 50.96943869892904], [6.101519347214943, 50.9714091409501], [6.103734720265844, 50.97394627453152], [6.102883807485645, 50.97545718857875], [6.098835395388113, 50.9760790695905], [6.096707837931807, 50.97738621699835], [6.095208382859623, 50.97948394408998], [6.0948759380497926, 50.986421649638885], [6.095828939886274, 50.99274014093476], [6.094828362977689, 50.9979725912092], [6.087418821327876, 51.002234734189415], [6.0794480154889, 51.002415256183774], [6.078587582816321, 51.003431307760565], [6.078478405194432, 51.00684044995952], [6.076811515827541, 51.00691409750896], [6.07531942576702, 51.00843827822132], [6.075497681361285, 51.01199227873179], [6.073488776570582, 51.014024510643864], [6.067607530316148, 51.013185688862464], [6.063230620490123, 51.01595890469447], [6.059664974893775, 51.019812020552685], [6.057321417469359, 51.02104496592983], [6.052110678393411, 51.02205106924405], [6.048047389783136, 51.024959402289504], [6.035436404464426, 51.02387075457357], [6.032964543424859, 51.02503202936789], [6.031816257248796, 51.02767978775124], [6.028538758089178, 51.02851478344524], [6.0183590841035794, 51.027719043844066], [6.015827973375772, 51.025724766385316], [6.014390258511054, 51.02557989644315], [6.01272276040319, 51.0263054334216], [6.013816605952453, 51.03011328927557], [6.011603475169072, 51.03172862668913], [6.0016241323857145, 51.03345069086019], [5.999553557464655, 51.03526404139124], [5.990760911875926, 51.03825493212201], [5.98327465310473, 51.038526941966886], [5.980915205612345, 51.04106524005284], [5.976786763379116, 51.04223519788633], [5.965492818780799, 51.04381454275504], [5.96628512483845, 51.04405845612597], [5.966325854784966, 51.04405849226917], [5.966529945436837, 51.044058667199614], [5.966672456163139, 51.04408889576322], [5.966898086228906, 51.04413676373249], [5.967208120535626, 51.04434260262425], [5.967246315208295, 51.04435436094828], [5.967269243447256, 51.0443831835281], [5.967835180638739, 51.044758922218215], [5.967873334338296, 51.04497513787115], [5.967905147388871, 51.045182564245536], [5.969041505178128, 51.04661105437651], [5.969022898785207, 51.0466403876178], [5.969146245723992, 51.046734354495975], [5.969195698399293, 51.04677202306902], [5.96879180136491, 51.047186277028665], [5.968747068640311, 51.047279932769506], [5.968468496654263, 51.04786322682218], [5.968444462599329, 51.04791394667839], [5.968438488436136, 51.04792653758287], [5.968442403429036, 51.04795747428857], [5.968459987436172, 51.048096328789526], [5.968559122817676, 51.048272354146135], [5.9688224451169685, 51.048486930625316], [5.969015330814666, 51.04862506422975], [5.969131887425033, 51.04878894816286], [5.969293094270346, 51.049138344527144], [5.9692955826076926, 51.049143725187704], [5.969227964675427, 51.04918967102915], [5.9687023999247035, 51.04954674813085], [5.968487568320719, 51.049927481103985], [5.9684986496413375, 51.0500308744509], [5.968439003988148, 51.050202660788294], [5.968293114717037, 51.05062281938299], [5.9682117755785535, 51.0508570617739], [5.968223592575092, 51.05104529331719], [5.968225202740943, 51.051070881084364], [5.968442430297804, 51.051363184107785], [5.968454157199346, 51.05137896903624], [5.968745135821891, 51.05160430190031], [5.968923614964841, 51.05174251127723], [5.969018010014955, 51.051815608550555], [5.969029651274781, 51.05182462691306], [5.9690864282817655, 51.0518974943206], [5.969141705076888, 51.05196842480457], [5.969384498680364, 51.05228000925986], [5.969653567762062, 51.05281752014335], [5.969685778172557, 51.05294096756015], [5.969795641966248, 51.05336197142481], [5.969817363909583, 51.05344520859876], [5.970040869119646, 51.05367449002138], [5.970233745605144, 51.05387235718889], [5.970291903851422, 51.05411337728259], [5.9703093255077775, 51.05418555580257], [5.970204522575956, 51.054424443809104], [5.970191156961734, 51.054454923077664], [5.970177791329157, 51.05448540234425], [5.970128223032771, 51.054598389402805], [5.969605697226507, 51.05492775840725], [5.968986569582955, 51.055073205655454], [5.968111704201294, 51.055561944857956], [5.968416092290314, 51.05578381244478], [5.968621984536344, 51.05593388757576], [5.968817551382807, 51.05607643531308], [5.968918815824305, 51.056150250556605], [5.968924973861849, 51.05615473701061], [5.969268402044007, 51.056417283749866], [5.969465035083212, 51.05656760276427], [5.969506889927004, 51.056599604903504], [5.969838394412073, 51.05676795914777], [5.970001198157995, 51.056850638187726], [5.970127214399277, 51.056914633310946], [5.9701672343161825, 51.056966871429964], [5.970195049813809, 51.05700317749657], [5.970370004838267, 51.057231549211274], [5.970399599290602, 51.057288697924236], [5.970468702208007, 51.05742209713594], [5.97070032231514, 51.05786924961138], [5.9707631893718, 51.057990631396336], [5.970777208097342, 51.05801769232578], [5.970857390589633, 51.05825028818381], [5.970877718842533, 51.05830924727618], [5.970877983382286, 51.05834213102647], [5.970878003169989, 51.05834532478062], [5.9708793004251435, 51.05850248386902], [5.970880351507679, 51.05863041166975], [5.970880851534632, 51.058691815817426], [5.970885231031877, 51.05922510165379], [5.970856551937136, 51.05936130731239], [5.97078119248851, 51.05971919032093], [5.970772018766274, 51.0597449120604], [5.970717851158309, 51.059896773545134], [5.97063661358631, 51.060124561587145], [5.970597314936002, 51.06023473889893], [5.970192728626982, 51.06042298823479], [5.970192120589238, 51.06086881995576], [5.970241696628109, 51.0609068160945], [5.970276821819919, 51.06093374101289], [5.970380654556987, 51.06104906161645], [5.970627274443855, 51.061322989700734], [5.970735513618978, 51.06144320963114], [5.97080241992074, 51.061497359190554], [5.9709684716718865, 51.06163177043933], [5.971060507481494, 51.06166593699756], [5.971488384362705, 51.061824768169046], [5.97172382826411, 51.061912161707106], [5.9718771640153605, 51.06187455357957], [5.972205358769044, 51.06213845899261], [5.973159530297989, 51.06290569728223], [5.974060673537463, 51.06306914707112], [5.974083769230906, 51.063072003231824], [5.974189605173, 51.063085080666035], [5.974780498291862, 51.06315808269382], [5.9748681841225775, 51.063283963792124], [5.9750156369711656, 51.063495658361504], [5.975072094530702, 51.06355998697213], [5.975285156686516, 51.06380275828886], [5.975930893499208, 51.0645385253256], [5.975965300427919, 51.06455838675818], [5.976115734209895, 51.06464526103755], [5.97653158090462, 51.06473880866478], [5.97654668793049, 51.06475101023306], [5.976656693821135, 51.06483988649401], [5.9769896709164545, 51.06510889395569], [5.977038354943999, 51.065148230052735], [5.977286632441273, 51.06534881384767], [5.977430775748693, 51.06546525212657], [5.977470971705522, 51.065497721034156], [5.97762775384814, 51.06562438967693], [5.977691439243743, 51.06568173496024], [5.977793446157095, 51.065773596332455], [5.977949026759267, 51.065913689985784], [5.977988171516649, 51.06594893795307], [5.978191420207093, 51.0661319566385], [5.9782330811861675, 51.06617766787068], [5.978326236430935, 51.066279868879015], [5.978469872532021, 51.066437471900805], [5.978667339288147, 51.06676274031239], [5.978741275451558, 51.066884529651446], [5.9787291791934, 51.06700772737059], [5.9787009939088485, 51.067295018817006], [5.978675974104615, 51.06754993810388], [5.978661060751627, 51.06770190096837], [5.978730657718258, 51.06774220008299], [5.979321557087686, 51.06808432759351], [5.979734387708215, 51.06832336079381], [5.979997788004, 51.068475873400295], [5.980894238758792, 51.06899489162204], [5.9809158796853055, 51.06900742340798], [5.980948926071581, 51.06902655552418], [5.981727518168676, 51.069477324595816], [5.981243100454353, 51.06989780677817], [5.980761355931168, 51.07031612534714], [5.980595833117861, 51.070459868239276], [5.980362909270948, 51.07066210791736], [5.980227937938073, 51.0707793133361], [5.979874095494367, 51.071086563649054], [5.979754558527452, 51.07119035130223], [5.979578996799135, 51.07134279222482], [5.979620649496269, 51.071357164031234], [5.979691528163561, 51.07138161044689], [5.979716536808167, 51.071390235747344], [5.97972806287429, 51.071410988472444], [5.97974559413773, 51.071442564575676], [5.979909832705852, 51.071738322019804], [5.980054385567073, 51.0717570364929], [5.980182168998181, 51.07189861184909], [5.980217765424378, 51.07199303537838], [5.9802140446770675, 51.07206045574543], [5.980195595917973, 51.07220821655814], [5.980210638853997, 51.07222846648945], [5.980234083394244, 51.07226001550025], [5.9802918139313315, 51.072317780921956], [5.980538303119879, 51.07246264977409], [5.980723264261288, 51.072495171966914], [5.980925969948632, 51.07253080607679], [5.981391857996872, 51.07305360266988], [5.981762198378907, 51.073175035517], [5.981952549498898, 51.073193905663345], [5.982125749640841, 51.073162167175454], [5.98230643475083, 51.07312905669246], [5.982488293418562, 51.07317771388852], [5.983041239346834, 51.07332565513691], [5.983231413907635, 51.073347693862324], [5.983522089552779, 51.073381376917666], [5.983538230099369, 51.073383250966295], [5.983911439461135, 51.07347168536821], [5.984275314171854, 51.07355789863812], [5.984973417513759, 51.07358360352585], [5.9850395017554625, 51.073603488327834], [5.987129222029065, 51.07423239142312], [5.987679239158109, 51.074397910040446], [5.988397579188773, 51.07461408154633], [5.988460120172484, 51.07461822172671], [5.988976561767424, 51.07551771447785], [5.9894571365670455, 51.076152133247284], [5.98965051323387, 51.07636275194976], [5.990571557076131, 51.07749810577673], [5.9908565149632995, 51.07788491908816], [5.99105973733709, 51.07819218822111], [5.991795450946385, 51.07930453321521], [5.9918207604747655, 51.07934074222584], [5.992173964572103, 51.07984620846038], [5.992316470303379, 51.07997569990962], [5.992698155918937, 51.08032254271904], [5.99270640811736, 51.080330050116366], [5.99302384082308, 51.080601154816485], [5.993184920143883, 51.08073871506872], [5.993291120001034, 51.080829419777345], [5.993390365940203, 51.08091417960387], [5.993499273395591, 51.081007184564186], [5.993749264840609, 51.08122068343283], [5.99377708370279, 51.081244444555324], [5.994094424380278, 51.08152486262804], [5.994268371464747, 51.08167857462182], [5.994438484545154, 51.081828886531596], [5.994702052286054, 51.08206284536308], [5.994716708259269, 51.08207379154621], [5.995185889245453, 51.082424280161646], [5.995381294959852, 51.08257024906943], [5.995785677213193, 51.082872312437615], [5.996036538995399, 51.083059698158195], [5.996178976344409, 51.08316610179298], [5.996295331308129, 51.083241314591305], [5.996634187180042, 51.08346034831287], [5.996778245263078, 51.083553462312615], [5.996803485375965, 51.08357100381716], [5.996878496460962, 51.0836231153383], [5.9969534661064055, 51.083675207754005], [5.997027452460211, 51.0837266092125], [5.997101055485786, 51.08377775790333], [5.997300384612491, 51.08391625056604], [5.997570135499478, 51.08410366868199], [5.9977839667968516, 51.084252238824504], [5.998068369413823, 51.08436102952243], [5.9984436639452055, 51.08450458202332], [5.998936148993101, 51.08469296185436], [5.999247509692127, 51.08481205785492], [5.999353781586211, 51.08488476872824], [5.999633651016013, 51.08507625572223], [5.999775261944637, 51.0851731438948], [5.999834614279507, 51.08521375146867], [6.000075259350935, 51.085305483183774], [6.000392506158653, 51.08542641827889], [6.000779067025917, 51.085573769451976], [6.001521797488868, 51.0858568847949], [6.001646722962607, 51.085904499679664], [6.001935071038358, 51.08601440745759], [6.001951425687847, 51.086021438516596], [6.002274917518505, 51.08616056357283], [6.002858229555857, 51.086411793470646], [6.002940678197981, 51.08644469868067], [6.002982877112507, 51.08646154056461], [6.0032754028838005, 51.0865782803786], [6.003387632670081, 51.08662306705778], [6.003526371002617, 51.08667843709005], [6.003823313163133, 51.086796934871145], [6.004252370279639, 51.08703949653091], [6.004432950122717, 51.08714158792624], [6.004643926582419, 51.08726085629584], [6.004888579295248, 51.0873991575681], [6.005309077096693, 51.08763687235087], [6.005534680069314, 51.087814747357854], [6.005659978447754, 51.08791353069053], [6.005790672269209, 51.0880165718712], [6.005975047153401, 51.08816193384175], [6.006317802053471, 51.088432165799475], [6.006414577796111, 51.08849144006848], [6.006874926312138, 51.08877338201144], [6.006950408453873, 51.088819607225396], [6.007134140658528, 51.08893212825852], [6.007162814695664, 51.08894680508735], [6.0078014524882235, 51.08927358144911], [6.007919036207844, 51.08935350912771], [6.0081341874310805, 51.08949976380686], [6.008307185792015, 51.08961735100903], [6.00832125923005, 51.089629440851105], [6.008344235697824, 51.089649197523705], [6.0087665928228216, 51.090012219631326], [6.0088151047212, 51.09005392112064], [6.0091311751382745, 51.0904507845828], [6.0093405902922, 51.090660808127126], [6.009379036238777, 51.09069937327809], [6.009527363052353, 51.090848124067776], [6.009628028614253, 51.09088113098065], [6.010209883122876, 51.091071911739554], [6.010325402044279, 51.09109123011822], [6.010504834223589, 51.091121241964075], [6.01074990454319, 51.0911622249877], [6.010905244604484, 51.091188201621634], [6.011097981266981, 51.09114838347771], [6.011280178370591, 51.0911107509794], [6.011715895708394, 51.09102075003367], [6.012003078630018, 51.0909513694484], [6.012298403111268, 51.09094952349361], [6.012663743712716, 51.09094723661957], [6.013017264720045, 51.091072221531], [6.01334527403736, 51.091188178800905], [6.014077086126058, 51.09144688991465], [6.014379922030021, 51.0916603174739], [6.014519047012472, 51.09177926919899], [6.014654978635171, 51.09189547664054], [6.014675325803706, 51.09191287112442], [6.01482218218793, 51.09197636841853], [6.015050457605802, 51.092075074358135], [6.015087825077909, 51.092091230624476], [6.015643518160498, 51.09233148914343], [6.015655691877826, 51.0923367473627], [6.0156781764750695, 51.09234646962782], [6.015703787471936, 51.09235754903874], [6.015716811177079, 51.09237289429126], [6.016023308406699, 51.092733918794], [6.016280621242852, 51.09303699115281], [6.016608887045722, 51.09342365686602], [6.0166383359112485, 51.093458328824745], [6.016965824032615, 51.09384407410654], [6.017208968619741, 51.09413044768412], [6.017471554277945, 51.0944397144381], [6.017589829151255, 51.09457902518478], [6.01887339138763, 51.09377884036453], [6.018941460982041, 51.093744786661375], [6.019208954976883, 51.09361098594495], [6.019442856170603, 51.093493984548374], [6.019594888377916, 51.09341793465205], [6.019741665975738, 51.093344511945155], [6.01997104827253, 51.09322976888128], [6.020114951522157, 51.09315127121253], [6.0203106668227315, 51.09304449269164], [6.0205189480682435, 51.092930874396345], [6.020687230945631, 51.09283906472134], [6.0207298603629, 51.09284806747315], [6.020785313704431, 51.09285978091704], [6.021002573801326, 51.092905699773645], [6.021362890824753, 51.092981765063136], [6.0213780316250505, 51.092985542212624], [6.021631435695045, 51.093048716260505], [6.0224716316528015, 51.093258173666], [6.02303158970022, 51.0933035044472], [6.023439518470408, 51.09333671050726], [6.023473806320404, 51.09333950009156], [6.023697511411555, 51.09335765789108], [6.023927341662609, 51.093376304118706], [6.024210431941345, 51.09353155415211], [6.024554607926383, 51.093720300334525], [6.024729166300306, 51.09381603571778], [6.024895626558178, 51.093907318992315], [6.024998588042518, 51.09396378469896], [6.025075581593644, 51.0939875491346], [6.025269180528062, 51.094047285224676], [6.025541650363783, 51.09413137260964], [6.025744830822364, 51.094194068328875], [6.025891900962225, 51.094239450162675], [6.026091662998498, 51.094269523653885], [6.026313608844604, 51.094302931938806], [6.02653487626798, 51.094336232581036], [6.026763457557414, 51.094370645427574], [6.026986748261803, 51.094404257555276], [6.027495906194351, 51.09448088940203], [6.027799401088388, 51.09452657009323], [6.027805427869759, 51.09452747900398], [6.028398842790337, 51.094549025011396], [6.028559110334128, 51.094554846760744], [6.029042963393016, 51.09457241524968], [6.029259237807201, 51.09458027205567], [6.029487389015462, 51.09460050162777], [6.029826754150446, 51.09463059248838], [6.0299027718174845, 51.094637328528506], [6.030049245411753, 51.09467472042119], [6.030256279008692, 51.09472757579447], [6.030492279217364, 51.09478782335024], [6.030769290763172, 51.09485853948566], [6.031136462401688, 51.09495227058547], [6.0313676156422344, 51.09501128679426], [6.031802293775824, 51.095122247442795], [6.031825628853753, 51.09512746372641], [6.031859300481965, 51.09513499347326], [6.032524848052104, 51.09528383892916], [6.032793405895543, 51.095343901378506], [6.033760826654684, 51.09556024091664], [6.033789442926108, 51.095566643303634], [6.035049620950123, 51.09588521133952], [6.035092365698685, 51.09590477172002], [6.036519669131475, 51.09655795646971], [6.036668322087175, 51.0966259868411], [6.036686853316269, 51.09659466897816], [6.037400667120085, 51.09700653373945], [6.037706000435468, 51.0971826788634], [6.03792440834798, 51.09733183824912], [6.038244747202038, 51.09755062035597], [6.0384774753891755, 51.097751340601434], [6.0389798166273545, 51.09818460295718], [6.0389978262134, 51.09819695966124], [6.039070506849846, 51.098246843477106], [6.039140655897504, 51.09829499003515], [6.039181506046245, 51.09832301901088], [6.039255815406029, 51.098374023372024], [6.0397345193480465, 51.098830438736066], [6.041185632004784, 51.10021395839122], [6.041430308378242, 51.100408066995136], [6.04158947595096, 51.10055542843372], [6.043869439109974, 51.10120817437216], [6.044294712634065, 51.101114836729245], [6.044399484286169, 51.101118701730826], [6.044418459614183, 51.10113074019832], [6.045881859915809, 51.102059055027425], [6.047038885717523, 51.1027943670672], [6.0471142106789175, 51.10284223472893], [6.049001559675635, 51.10404156219273], [6.049929313338507, 51.10463042750561], [6.051832555246934, 51.10583910378337], [6.051897785745941, 51.10588050707383], [6.052542145305875, 51.10628949822482], [6.052592651298446, 51.106284583945644], [6.052617508096001, 51.10635220604835], [6.053235358821268, 51.10688043943122], [6.054456721908471, 51.10784496957042], [6.055860182304244, 51.10889941534588], [6.056467915957008, 51.109306732444885], [6.056828477051349, 51.10954838648332], [6.056818257012406, 51.10956440069176], [6.056373458862118, 51.11026132253821], [6.056076012494743, 51.11035848299595], [6.055924903749423, 51.1103609807377], [6.0556801396401045, 51.110438378119795], [6.055269202121243, 51.110782945564814], [6.055935929490085, 51.111584556576105], [6.056440495802334, 51.112191165222995], [6.059007765334117, 51.11484285221762], [6.059719696625578, 51.115444049722555], [6.0597699349496725, 51.11548646529791], [6.0602888934838965, 51.11592468199316], [6.061172588461219, 51.11631325372708], [6.062397381401058, 51.11685180255753], [6.06360485707184, 51.11714361592824], [6.064787054140936, 51.117429312784], [6.064869959007313, 51.11744934908552], [6.066038863178702, 51.117731865565716], [6.069888241542325, 51.1180836870966], [6.069920567507496, 51.1181280995478], [6.070573811975509, 51.11815110712947], [6.070628897163174, 51.118153045865945], [6.070666585769029, 51.11815436853599], [6.071269598530257, 51.117972795588294], [6.071320841006806, 51.11795731368727], [6.071346454529862, 51.11794958152983], [6.071402292824041, 51.117987949745775], [6.071503665651029, 51.11805542404717], [6.071580602422787, 51.118101633752055], [6.071754132152208, 51.11817703273717], [6.071869323193503, 51.118220827896266], [6.071935969017071, 51.11823430822673], [6.072016355261238, 51.11824046027664], [6.072118789740296, 51.118227691017175], [6.072197079961854, 51.11821569287764], [6.072254344719663, 51.1182204558595], [6.072320983961208, 51.11825731329455], [6.072370837930329, 51.11828411668498], [6.07246211761233, 51.11832591792838], [6.072530314584635, 51.1183415415645], [6.072561290410021, 51.1183452859364], [6.072620179955418, 51.11833023791852], [6.072709950748993, 51.11828992360018], [6.072787225855291, 51.11828990769289], [6.07285253623633, 51.11829332483721], [6.0729125074649115, 51.11830840037533], [6.0729504040869635, 51.11835547507418], [6.072963244506005, 51.11836892914979], [6.072964414831346, 51.11839901009689], [6.072926097184082, 51.11847519860049], [6.072915022487589, 51.11851427341711], [6.072917143675639, 51.118529770628584], [6.07293377434802, 51.11856464633006], [6.072977042670628, 51.11857559754361], [6.073057364295771, 51.11857713291845], [6.073113645119474, 51.11858932751541], [6.073473363297382, 51.118827345387956], [6.073541609774654, 51.118849661793206], [6.0736337846534, 51.118868071057335], [6.073735499895167, 51.11888839221277], [6.074235327717604, 51.11898823947787], [6.074272591733947, 51.118990638715196], [6.074353524421518, 51.11899585836943], [6.074551091969442, 51.11899949185387], [6.074632643283164, 51.119027258769755], [6.074651418396197, 51.11903365640441], [6.074757948238091, 51.11904248491866], [6.074882816368455, 51.119045628979414], [6.074960482754513, 51.11904758228317], [6.074989512439873, 51.11904821005952], [6.0753084389466006, 51.11905511410383], [6.075340797815673, 51.11905552829649], [6.075434238492094, 51.119060934352774], [6.07552624372881, 51.11907254679468], [6.075585589816946, 51.11908352165747], [6.075642572707774, 51.11909683895429], [6.075697973240306, 51.119112581194535], [6.0757111789879845, 51.11911574506037], [6.075723695612265, 51.11911986311574], [6.0757353541532435, 51.11912489515309], [6.075807870880845, 51.11915316370757], [6.075875730734028, 51.119185696138814], [6.075938280656909, 51.11922219727318], [6.075947340319967, 51.11922809970963], [6.075980433923142, 51.119251270951544], [6.076017695988139, 51.11928085184914], [6.076051675069613, 51.119311951653145], [6.076091784452643, 51.11935121021863], [6.076126757169894, 51.119392373054694], [6.076159384896475, 51.11944011535788], [6.076179308415197, 51.119476979863094], [6.076195253441399, 51.119514608310524], [6.0762076618675165, 51.119554828707685], [6.076210266497831, 51.119565858536994], [6.0762139696745825, 51.1196167358073], [6.076210098753739, 51.11966760344695], [6.076207791137668, 51.11968105588376], [6.07619169523051, 51.11973879546197], [6.076191076007259, 51.11974045299872], [6.076169017214324, 51.11978919248682], [6.076139836292576, 51.119836422520905], [6.076067074370365, 51.11994774724934], [6.075905284282458, 51.12019529186005], [6.075835242252813, 51.1203024569622], [6.075742638613399, 51.120444586815694], [6.075737954618092, 51.12045176436782], [6.075645309938746, 51.1205879745453], [6.075622471892768, 51.120618947702724], [6.07560504526304, 51.12065113566779], [6.075593116161996, 51.120684306733445], [6.0755871503656795, 51.12072624406039], [6.075587021896455, 51.12074320502574], [6.075589368308684, 51.12076940262195], [6.075594828270495, 51.120795408300175], [6.075606851791089, 51.12082950266327], [6.075624192977519, 51.12086267772328], [6.0756451047359885, 51.12089046431396], [6.075669110434842, 51.120915881749966], [6.0756967121190275, 51.120939806094285], [6.075735614675399, 51.12094954962931], [6.075799434881931, 51.120965529499216], [6.07607630615051, 51.12103406354418], [6.07719186171921, 51.12131021190287], [6.077231771274066, 51.121320088059974], [6.077661417337792, 51.12142643999407], [6.0783551091860195, 51.121598146833946], [6.0787080364190205, 51.1216855044447], [6.078873517267728, 51.12172645720014], [6.07903266532767, 51.12176584822241], [6.079146161560065, 51.12179394274497], [6.079775678689475, 51.121949753103905], [6.079872851457293, 51.121973805062076], [6.080013076541239, 51.12200845829604], [6.080204796101033, 51.12205583049801], [6.080244144671138, 51.12206555667303], [6.080322828158797, 51.12208499964688], [6.08034324858669, 51.12209004326594], [6.080390717780572, 51.12210177125787], [6.080547817909661, 51.122140587321184], [6.080451046268985, 51.12231995399057], [6.080415802210228, 51.12241847472677], [6.080375626967294, 51.12246262469977], [6.080380611053549, 51.12285370748794], [6.080395651362711, 51.12336087633301], [6.080345814328437, 51.12344555823312], [6.080127951674166, 51.123874715252924], [6.080026857754513, 51.12418750111029], [6.080014491064942, 51.12421654204792], [6.0800049713657165, 51.12424871235515], [6.079989227147987, 51.1244667302083], [6.0800412246248765, 51.1245587239776], [6.080157037342392, 51.12488411686873], [6.080396331024407, 51.12517852274908], [6.0805812327618955, 51.12540258820072], [6.080639153667649, 51.12545215737445], [6.080727796692024, 51.12566749428647], [6.080847719714092, 51.12589295813398], [6.080899428027967, 51.125977577527784], [6.081038083461593, 51.12589569881345], [6.081137476505813, 51.1258321239934], [6.081201360029344, 51.12579126440239], [6.0813611765330275, 51.125694991555314], [6.082183189221549, 51.1251998140421], [6.082552468149345, 51.12497735613691], [6.083121273338792, 51.12416544917746], [6.0832083189592705, 51.12404119146809], [6.083499005397156, 51.123890984696274], [6.084145487530195, 51.12402117261965], [6.086990963139746, 51.124594133236926], [6.086743309930498, 51.12507485497498], [6.086444861340374, 51.125654169609675], [6.086318968745787, 51.125676764565156], [6.085430201703531, 51.12583624006528], [6.08442180855947, 51.12601718086507], [6.084596307667211, 51.12614377367174], [6.084742471674498, 51.12624980783043], [6.08514844748229, 51.12654433228789], [6.08552305801384, 51.12681608076509], [6.085821683007429, 51.127032710956684], [6.086520139447079, 51.127539380147276], [6.087736879287103, 51.12745045823156], [6.088378644898449, 51.127649521385145], [6.088415754752666, 51.12762882263662], [6.08850950288345, 51.12768756466324], [6.088575944209391, 51.127732071147236], [6.088622540076684, 51.12776620689441], [6.088663182162224, 51.12779909692504], [6.088698576995136, 51.12783132551827], [6.088729049009244, 51.12786318859436], [6.0887682816006645, 51.127913484315734], [6.088801091509386, 51.127968396231154], [6.088827621022879, 51.12802816175471], [6.088848057648143, 51.12809320831593], [6.088861336499108, 51.128157968615], [6.088867721644089, 51.128222107432315], [6.0888671859135854, 51.12828514737004], [6.088859697618494, 51.128346682874565], [6.088845354086081, 51.12840630261047], [6.088824196833076, 51.12846380073028], [6.088796327293022, 51.12851892790421], [6.088761844077205, 51.12857147970493], [6.088735032731847, 51.12860524368367], [6.088705485851439, 51.128637500341114], [6.088673387133028, 51.1286680563672], [6.088638933982438, 51.12869672778809], [6.0886023078394444, 51.12872335721662], [6.088563657079709, 51.128747858399905], [6.088523130645172, 51.12877013610458], [6.088480847238878, 51.12879012132816], [6.088422004400252, 51.12881315691836], [6.088359357121389, 51.128832589726656], [6.088293909419782, 51.12884813894261], [6.088226693296778, 51.12885953344984], [6.088127513881135, 51.12886911502117], [6.087891187980384, 51.12887874174064], [6.087835182601536, 51.128882580967485], [6.087785341305973, 51.1288877341131], [6.087721719956558, 51.12889742796177], [6.087659726594574, 51.12891055337626], [6.087600244257697, 51.12892693448285], [6.087544030927392, 51.128946338323985], [6.0874997677709715, 51.12896460982218], [6.087441262209693, 51.128991359172794], [6.087384942721931, 51.129024027569386], [6.087345663367617, 51.12904896242649], [6.087285519388216, 51.12909469478786], [6.087228116725472, 51.12914887857109], [6.087171966483798, 51.12921245709566], [6.087101862616685, 51.12930262708148], [6.0871676052321915, 51.129320555394166], [6.087270508048967, 51.12934835073562], [6.087439343896923, 51.12948574452315], [6.087637998131371, 51.129533240998455], [6.088567045932378, 51.12978960819933], [6.088708645906883, 51.12987489846206], [6.089183479229214, 51.13016307342029], [6.089310687712025, 51.13090629413548], [6.0893898190314975, 51.13092252504751], [6.089440683198799, 51.13092781912981], [6.089483559790716, 51.13093228708321], [6.089546424588395, 51.13093942958924], [6.089565473381011, 51.13095855414843], [6.089872471186797, 51.13102152358219], [6.090563279739276, 51.13248019350445], [6.090633891652858, 51.1325439736771], [6.090941621442924, 51.132832280076244], [6.091069121002191, 51.133010159089594], [6.091186763663726, 51.133255460118804], [6.091356471649182, 51.13382161350346], [6.091567365545786, 51.13426280215085], [6.091590340404563, 51.13431941125569], [6.091680774698702, 51.134536870375285], [6.09168556740214, 51.13478944530798], [6.091731454414726, 51.13487570462502], [6.091750094541226, 51.13490894538817], [6.091993250656412, 51.135044484923384], [6.092027511951212, 51.13503187236042], [6.0920647008664695, 51.135053422738025], [6.092121599384254, 51.13497635940535], [6.0921686669380275, 51.13492331925341], [6.092193253812157, 51.13490040078753], [6.092218628642201, 51.134879957489645], [6.092245092723092, 51.134861745003285], [6.092272884042247, 51.13484561633862], [6.092305273095263, 51.13483003381659], [6.092340959311634, 51.13481590052679], [6.092379752046407, 51.134803292675464], [6.092421373881401, 51.13479230229928], [6.092465591915743, 51.13478299555846], [6.092511869539671, 51.134775494020225], [6.092559700951054, 51.134769884040054], [6.092608466719491, 51.134766240152366], [6.092690971001962, 51.13476420917006], [6.092854207601139, 51.134766048477374], [6.095971639722651, 51.13476350707608], [6.096090161998669, 51.13476321426282], [6.09616023619991, 51.1347651534436], [6.096228212541299, 51.1347704494611], [6.096299553186832, 51.13477954386314], [6.0963751809101465, 51.13479254052435], [6.096457500376118, 51.13480984997857], [6.096603154443603, 51.13484650656262], [6.0967597815279015, 51.13489306894335], [6.096922257699384, 51.13494712512015], [6.097206641300411, 51.135047429040064], [6.097494240169426, 51.1351443581343], [6.097777557378389, 51.13523230236534], [6.098057855465898, 51.13531164391332], [6.098197158057224, 51.13534817673595], [6.098336046327681, 51.135382657297], [6.098427400792372, 51.13540387752859], [6.098500850723984, 51.13541879756628], [6.098568439273041, 51.135429839213444], [6.098631910351673, 51.13543723466732], [6.098751418070911, 51.13544610225636], [6.098809099389175, 51.13545326392537], [6.098855900234363, 51.13546294381848], [6.098984925254197, 51.13549536179956], [6.099109409920649, 51.13551697218661], [6.099156167336192, 51.13552711860637], [6.099200528852582, 51.13554172988674], [6.099218376777251, 51.13555030416279], [6.099233675044698, 51.13555986753132], [6.099251948615042, 51.13557533334103], [6.099293993188646, 51.135618229487015], [6.099322419530562, 51.135637994928075], [6.0993824401500145, 51.13566189061689], [6.099399641098176, 51.13567029589514], [6.099412838263482, 51.13567985206139], [6.099424304166496, 51.13569193774917], [6.099461114430008, 51.13575264840978], [6.0994725796771725, 51.13576656900225], [6.099485597019686, 51.13577808154891], [6.099509344082529, 51.13579221702819], [6.099537522727816, 51.13580271168916], [6.099566722025144, 51.13580832954451], [6.099594243669063, 51.13580855388656], [6.099612703244478, 51.1358053241989], [6.099631895024767, 51.135799081455126], [6.09971431358111, 51.13575716970594], [6.0997348036978165, 51.13574960096305], [6.099754133202776, 51.13574549336984], [6.099775422213829, 51.13574456457204], [6.099798314630638, 51.13574702160465], [6.099822141804204, 51.135752811893596], [6.099845932305645, 51.13576169545639], [6.099868775181823, 51.13577337984381], [6.099889045351084, 51.13578710514817], [6.09990546763882, 51.13580200321476], [6.09991716374126, 51.13581726071206], [6.099925393479213, 51.13583900733615], [6.099925289771862, 51.1358632365783], [6.099917927480581, 51.135888994686894], [6.099886828973001, 51.13596314906516], [6.099883292699099, 51.13598625872705], [6.099886141225226, 51.13600695434542], [6.099891933217328, 51.13602060817587], [6.099900875781325, 51.136034178287645], [6.099912723038857, 51.136047253815065], [6.099927074341278, 51.136059384072546], [6.09994339831407, 51.13607015110931], [6.099961200774813, 51.13607922784514], [6.099979955049012, 51.13608634935681], [6.099999199641106, 51.13609135128098], [6.100028353443517, 51.13609496206381], [6.100062112918965, 51.136094891352755], [6.100172124801186, 51.13608285192747], [6.100208580760033, 51.136080590407374], [6.100240188193869, 51.136081779475155], [6.100267791769217, 51.13608662898328], [6.100294758309342, 51.13609616692374], [6.100319159771204, 51.136109904714175], [6.1003384963181375, 51.13612644011252], [6.100350786863256, 51.13614407792864], [6.100355550236124, 51.1361636517306], [6.100352327220789, 51.136185644835294], [6.100342379176843, 51.13620886525634], [6.100305050912731, 51.13627566937355], [6.100298762290364, 51.13629639010957], [6.100298287133752, 51.136314916465636], [6.100301990296246, 51.13632882426409], [6.100309271168088, 51.13634267692095], [6.10031996388502, 51.136356155504245], [6.100333763775125, 51.13636887467439], [6.100350293102424, 51.136380474263], [6.100369057679227, 51.13639062719112], [6.1003895879252035, 51.13639906995372], [6.1004113674934715, 51.13640560084873], [6.1004534753375985, 51.13641239326686], [6.100496092193695, 51.13641243425962], [6.100516051976119, 51.13640990726049], [6.100534526895026, 51.13640575134893], [6.10055114017401, 51.13640004712476], [6.100565642947698, 51.13639288735626], [6.1005885005401606, 51.13637515019057], [6.100622904799965, 51.136336741771046], [6.100637452609254, 51.13632316087171], [6.100655514023365, 51.136311915827186], [6.100675468076044, 51.136305601876415], [6.100697302346556, 51.13630373299467], [6.100721304546054, 51.1363055967402], [6.100744089101153, 51.13631092022812], [6.10076265432589, 51.13631900835289], [6.100780426995984, 51.136334038735335], [6.10080562404575, 51.13636930256534], [6.100820640697824, 51.13638314022588], [6.100840253357912, 51.13639527496897], [6.100864364918323, 51.13640565940953], [6.100892795435645, 51.136414199133405], [6.10092553175998, 51.13642087582174], [6.100961941090902, 51.13642552086226], [6.101001441533968, 51.13642806584802], [6.101042923024646, 51.13642842927032], [6.101158453425181, 51.13642392847277], [6.101189140580811, 51.13642497752146], [6.101215798085625, 51.13642827423023], [6.101239786554603, 51.13643378039425], [6.101265328937425, 51.13644209547547], [6.101330192440172, 51.1364704187463], [6.101367636562796, 51.13648456077944], [6.10139596934807, 51.13649283710805], [6.101427718126323, 51.136498391802185], [6.101463953302501, 51.13650102654033], [6.101505363646228, 51.13650092930171], [6.1015631449374865, 51.13649808093724], [6.1016217875895995, 51.136497457616755], [6.101663038263756, 51.13649945213449], [6.101698071575605, 51.1365046114954], [6.101727484467439, 51.13651322035172], [6.101745966965452, 51.136521720023616], [6.101763238174319, 51.136532438334505], [6.1017787473583684, 51.13654503781606], [6.101791883097673, 51.13655900859531], [6.1018058045471015, 51.1365798348543], [6.10183492297327, 51.13663627035839], [6.101849970376264, 51.13665578432031], [6.10186893504282, 51.13667438801744], [6.101891401463618, 51.13669163939628], [6.101916837114393, 51.13670713847521], [6.101944579306167, 51.13672050902899], [6.101974141356176, 51.136731532108065], [6.102004979480263, 51.13673998734721], [6.102036615078098, 51.136745754940264], [6.102074367634884, 51.13674904775163], [6.10211176955346, 51.136748581053276], [6.102146845818532, 51.13674438682308], [6.102178041224878, 51.13673664237222], [6.10219972607102, 51.136728032450215], [6.102219225878987, 51.136717101670534], [6.10223637855932, 51.136703926967584], [6.102251047760222, 51.136688630887576], [6.102263097130922, 51.13667133597665], [6.102272355020311, 51.13665227184226], [6.1022787068780655, 51.1366316695076], [6.102282063328874, 51.136609814588326], [6.102279193087109, 51.136522809350865], [6.102282038981748, 51.13649472641292], [6.102287186751325, 51.13648102016302], [6.102295158389608, 51.13647016330549], [6.1023061426355705, 51.13646188168313], [6.1023203032643, 51.136456071419296], [6.102344225210723, 51.13645191536543], [6.102373080608303, 51.13645162344161], [6.102403064475685, 51.13645522722519], [6.102430331399635, 51.13646226258454], [6.1024630882210085, 51.13647774518817], [6.102523288703976, 51.1365182119876], [6.102538291169144, 51.13652543794396], [6.102553345256502, 51.1365304704642], [6.10257897485806, 51.13653465883693], [6.102607703943729, 51.13653478647524], [6.102637188049688, 51.136530849218616], [6.102664775274969, 51.136523186081], [6.102694917964871, 51.13650919104113], [6.1027478128289445, 51.13647547695804], [6.102768948949006, 51.136464667608585], [6.102790506291362, 51.136458545957545], [6.102813932599495, 51.136456824086345], [6.102839617238884, 51.13645944868362], [6.10286829801025, 51.13646650999664], [6.102920617073981, 51.13648649808414], [6.103065059039563, 51.13655294297812], [6.103107163954647, 51.13656869311142], [6.103146398610961, 51.13658027947755], [6.103191149274365, 51.13658916922396], [6.103232016543953, 51.13659249389644], [6.103266511293528, 51.136590047883736], [6.103293568168875, 51.13658194869975], [6.103314271842036, 51.136567998367646], [6.1033520605156975, 51.13652779315551], [6.103373421937928, 51.13651087286703], [6.103432933958681, 51.136481298166004], [6.103443894602401, 51.136473618500126], [6.103450471168728, 51.136465857152864], [6.103453181524429, 51.13645202747714], [6.103447180802535, 51.13643620992535], [6.10343320740121, 51.13642031169121], [6.103413194519836, 51.136406566408105], [6.103394201791951, 51.13639799139233], [6.103370601617521, 51.136390390531275], [6.103287279292907, 51.13637211669802], [6.103262558266653, 51.136365063694214], [6.103243341875372, 51.13635481008979], [6.103238200743548, 51.136348782109245], [6.103235880112212, 51.13634200552294], [6.103236856221002, 51.136332126522454], [6.103241938820795, 51.13632105407286], [6.103250517625117, 51.1363100862763], [6.10326150396826, 51.13630062630823], [6.103282102937678, 51.13629017233641], [6.103307375951756, 51.13628452946725], [6.1033368583489525, 51.136283812106136], [6.103369691399874, 51.136288034943526], [6.10340549609706, 51.136297314508326], [6.103441533506742, 51.1363110971943], [6.103475430906925, 51.1363284606969], [6.103504499404382, 51.13634805212552], [6.103561128925863, 51.136398980690956], [6.10357746694749, 51.136409081948976], [6.1035946572378545, 51.13641539056341], [6.103619071959873, 51.13641911684984], [6.103679898880819, 51.13642242336076], [6.103703274360638, 51.13642607889902], [6.103722583887294, 51.1364321072127], [6.103739519423608, 51.13644065817366], [6.103752917308565, 51.13645113627539], [6.103761932424536, 51.13646288194841], [6.103767335357981, 51.13647980001396], [6.103770255487918, 51.136517875109234], [6.1037763712626845, 51.136532085438354], [6.103784568484769, 51.136539997074635], [6.10379707967131, 51.136547511919574], [6.103858731503211, 51.136572354167626], [6.103883660005077, 51.136585915372876], [6.103896250696217, 51.13659649937924], [6.103904399514601, 51.13660746801448], [6.103907407803756, 51.136617877508385], [6.103905176888069, 51.13662724869542], [6.103876666622845, 51.136655136380725], [6.103873881146744, 51.13666674250562], [6.103880123452935, 51.13668007448108], [6.103895069379385, 51.13669528617719], [6.103922524267406, 51.13671622269617], [6.103989094809204, 51.13676343972276], [6.10403585708596, 51.13679204146595], [6.1040824188701635, 51.13681402709729], [6.1041313897473195, 51.13683018985642], [6.104164097286649, 51.13683756650487], [6.104194954678807, 51.13684183909086], [6.104223651802782, 51.1368429369682], [6.1042500019529555, 51.13684087350154], [6.104301679337533, 51.13683002013264], [6.1043214065648055, 51.13682732481567], [6.104347862070716, 51.13682791738187], [6.10437520330069, 51.13683331708308], [6.104401875755223, 51.13684323354894], [6.104425768892335, 51.13685689490721], [6.104476915749923, 51.13690202048516], [6.104498776948007, 51.136915253703414], [6.104517176800527, 51.13692028791307], [6.104540540721923, 51.136922305954165], [6.104650224435453, 51.13691871820856], [6.104693637693921, 51.13692157475589], [6.104729825930439, 51.13692816499183], [6.10475387259313, 51.13693754859585], [6.104760944610165, 51.13694311164502], [6.104764596904731, 51.136949174627816], [6.104764407372695, 51.13695791280533], [6.104758994944246, 51.13696832053133], [6.104731844488367, 51.1369950458123], [6.1047006170940366, 51.13701997907109], [6.104686637859497, 51.137033628522204], [6.104679088822454, 51.13704642087967], [6.104679120768248, 51.13705801587229], [6.104684855254851, 51.137067359551416], [6.104695552752844, 51.13707667328066], [6.104710372058773, 51.13708523462905], [6.104727783731427, 51.13709212421973], [6.104758542513496, 51.137098660882366], [6.1047924592167355, 51.13709974401701], [6.104827266901472, 51.1370952724856], [6.104859218618806, 51.137085720128255], [6.104876403572673, 51.1370775019364], [6.104892363363263, 51.137067157619285], [6.104924825263623, 51.137037118904914], [6.104950653911199, 51.1370093534253], [6.104967590938994, 51.13699413118231], [6.10498422835297, 51.136983695703066], [6.105000415983613, 51.13697861892992], [6.105018316454451, 51.136978612637485], [6.1050396273787015, 51.13698373686845], [6.105112588975631, 51.13701498401998], [6.105139110971197, 51.13702433891477], [6.1051705740849185, 51.13703058709555], [6.105203613790743, 51.13703174732865], [6.105238329441393, 51.13702783106857], [6.105274836349666, 51.13701882318081], [6.105355994244935, 51.13699061119719], [6.105376503696677, 51.13698615412198], [6.105393346583115, 51.136985455966446], [6.105412984900072, 51.13699034981007], [6.1054322408222585, 51.137002268053145], [6.105448441100577, 51.13701732172436], [6.1054884667186515, 51.13706060630383], [6.105512147971631, 51.137080630452104], [6.105544104864176, 51.13709863787103], [6.105628981541936, 51.137131861821814], [6.1056594745822865, 51.137148816548724], [6.105676214413514, 51.137165988315466], [6.105687885037209, 51.137188314434034], [6.105695056105187, 51.137215602135754], [6.1057011714659275, 51.13726113197387], [6.105707872637849, 51.13729752868616], [6.10571845133192, 51.1373235965465], [6.105734679153563, 51.13734369689753], [6.105757107442698, 51.1373581582069], [6.105780354337039, 51.137366163584694], [6.105807381330531, 51.13737088055923], [6.105835288979464, 51.13737180557478], [6.105861437491971, 51.137368855265976], [6.105878280820372, 51.137364496198], [6.105895808772606, 51.137357878417454], [6.105951353435816, 51.13732977826473], [6.105973202891917, 51.137320587065545], [6.105997322235895, 51.13731442033292], [6.106021332147222, 51.1373129731149], [6.106038979868006, 51.13731472337139], [6.106055856531342, 51.13731851432249], [6.106069494888686, 51.137323790160856], [6.106078528001421, 51.1373300043382], [6.106083123600363, 51.137339274769076], [6.106080759016496, 51.13735101729002], [6.106048449103985, 51.137396459049214], [6.106041570013682, 51.13741363052237], [6.106042964716425, 51.13742355925554], [6.106049144530132, 51.137433102781586], [6.1060600425768605, 51.13744218748578], [6.106075605129707, 51.137450758067985], [6.106095905252605, 51.137458789351456], [6.106120400261352, 51.137466043027096], [6.106178884960318, 51.13747733150294], [6.106216531687133, 51.13748118701343], [6.1062518953478335, 51.13748199973065], [6.106286075127422, 51.13747979687445], [6.1063203197059215, 51.13747450142834], [6.106410431204396, 51.13745377815087], [6.1064359349736685, 51.137450164129056], [6.106458856555334, 51.137449202572206], [6.106486275566924, 51.13745131163085], [6.106557469759412, 51.13746170031524], [6.1066047561360834, 51.137462304419685], [6.106667474188568, 51.137456202729574], [6.106730319749172, 51.13744806236094], [6.106771756185528, 51.13744801786105], [6.1068466580060745, 51.13746793362294], [6.106904703239757, 51.13747756481977], [6.10693634359721, 51.137479616372644], [6.106965916553383, 51.13747906223578], [6.106992647870453, 51.13747593721239], [6.107016135591131, 51.137470267332695], [6.10704105877293, 51.13746016260716], [6.107097994052282, 51.13743062120494], [6.107115025833162, 51.13742416185977], [6.107131753184278, 51.137419826724994], [6.1071622369207805, 51.13741659666838], [6.107194155548848, 51.13741831324061], [6.107222750704636, 51.13742470574323], [6.107244653866386, 51.13743499820244], [6.107259793330479, 51.137449422709835], [6.107273319258436, 51.137472730037736], [6.107285538756299, 51.13749658068781], [6.107299126649754, 51.13751135355643], [6.10731942083712, 51.137522226809736], [6.10734749074473, 51.137529703635515], [6.107382776031705, 51.137533599258745], [6.107423487557888, 51.137533716478046], [6.107462315729183, 51.13753034208924], [6.107497318214095, 51.13752367087649], [6.107528610893457, 51.13751367872728], [6.107556295935915, 51.137500332194485], [6.107603833204473, 51.1374699462983], [6.1076180947401015, 51.13746320244221], [6.107631916887985, 51.13745891226277], [6.107655299235034, 51.13745629785199], [6.107682172252905, 51.137458222216175], [6.1077113956158575, 51.13746463014621], [6.107740543194282, 51.137474993869965], [6.107764944070645, 51.13748695810163], [6.107817311265758, 51.13751697426693], [6.107846394232754, 51.137528829488105], [6.1078718343365965, 51.13753423528129], [6.107902427549662, 51.13753680033988], [6.107938173542461, 51.13753675851442], [6.107993585845404, 51.137534082195415], [6.1080774803580296, 51.13753068951847], [6.1081629621160625, 51.13752935087576], [6.108250660926949, 51.13753005486405], [6.108341676559509, 51.13753281969628], [6.108419223796497, 51.13753741893138], [6.108533679115662, 51.137544199571515], [6.108790918444397, 51.13756659260075], [6.109055642749011, 51.13757102787886], [6.10919534923992, 51.13757709231521], [6.109263179768094, 51.13758252099936], [6.1093258748385955, 51.137589594574536], [6.109384528040752, 51.13759843004621], [6.109439690502929, 51.13760913099957], [6.109514007607674, 51.13762767237228], [6.109594583968717, 51.13765243994307], [6.1096726959718595, 51.13767980894339], [6.109873972104345, 51.137754441939805], [6.109988312906978, 51.13779144055952], [6.1100506624318776, 51.137807940653076], [6.110110428693428, 51.13782070698791], [6.110168698534652, 51.137829964327715], [6.1102260807328825, 51.13783580868107], [6.110250375868203, 51.13783757875836], [6.110380812728036, 51.13784373636044], [6.110415954855058, 51.13784832911024], [6.110446154269292, 51.13785537212454], [6.110476578974279, 51.13786681911694], [6.110501947518429, 51.137881388177306], [6.110523798589509, 51.13790099724879], [6.110544925806003, 51.137928989482006], [6.110572166982651, 51.13796851119195], [6.110599990186382, 51.13799734357522], [6.110635744709594, 51.13802417733789], [6.110679471705187, 51.138049040474236], [6.110731322600871, 51.1380720266662], [6.110791015820632, 51.13809306597854], [6.110859359150219, 51.13811250217928], [6.110937026597801, 51.13813053181015], [6.111026962478148, 51.138147857268706], [6.111182007139092, 51.13817483341275], [6.111269975711891, 51.13819435872961], [6.111338602360947, 51.13821407149119], [6.111398561548948, 51.138231546161755], [6.111442682994057, 51.138242090178885], [6.111483898287859, 51.138248802557946], [6.111523010213482, 51.138251649176], [6.111598840396392, 51.13825125675341], [6.111634470936864, 51.13825513263234], [6.111657835279025, 51.138262654014284], [6.111680528980259, 51.13827496199273], [6.111703132857496, 51.13829214288063], [6.111731775105534, 51.13831886348114], [6.111768005729502, 51.13836441765578], [6.111800554932582, 51.13839520146494], [6.111840428357759, 51.13842134510943], [6.11188884550122, 51.138443697238586], [6.111943722224622, 51.13846128887588], [6.112002198448236, 51.13847321282441], [6.112040408547884, 51.13847768301287], [6.112082513025242, 51.138480234610704], [6.112193678006976, 51.138480220271575], [6.112228739595318, 51.13847970148342], [6.112263697798298, 51.138480151558845], [6.112287992335793, 51.138481021722406], [6.11237902184756, 51.13848497103275], [6.1124666011250435, 51.1384862445451], [6.112508830239939, 51.138485426052014], [6.112540891926134, 51.1384825753756], [6.112566352840764, 51.13847781662696], [6.112589450077343, 51.1384708407418], [6.112630180029158, 51.1384539565904], [6.112650820594227, 51.138448314176], [6.112671012027161, 51.138447346905494], [6.112694217481156, 51.13845054669094], [6.11271930785047, 51.13845722002581], [6.112765194552821, 51.138472475405955], [6.112818800290256, 51.13848684210556], [6.112876694750542, 51.13849663748412], [6.1129506280609665, 51.13850327615435], [6.11311071524909, 51.13850997428642], [6.113179292864976, 51.13851491543], [6.113249013010989, 51.13852468793053], [6.113308304857853, 51.13853935676531], [6.113353963557096, 51.13855666606784], [6.113394128657435, 51.13857792325519], [6.1134160703567195, 51.13859312660121], [6.11343624762007, 51.13861025620228], [6.1134549199152035, 51.13862950735707], [6.113472449145195, 51.13865126678298], [6.113499549766876, 51.138693086954454], [6.113552207396105, 51.13878863412349], [6.113577638728518, 51.13882673420898], [6.113617317630851, 51.13887228300914], [6.113679343183137, 51.13893090434963], [6.11375013609086, 51.13897046652778], [6.113778904310824, 51.13898350877023], [6.113806663633499, 51.13899370175049], [6.113840725376915, 51.13900302497627], [6.1138795763691265, 51.13901052361206], [6.113924089378197, 51.1390164170905], [6.113979625347224, 51.13902140446284], [6.114104025805574, 51.139028353242665], [6.114223276128402, 51.13902984984885], [6.1143379061580525, 51.13902588039655], [6.114448273309772, 51.139016444730075], [6.114534796277784, 51.1390048731427], [6.114623955947306, 51.13898930997899], [6.114793946811341, 51.138956232858476], [6.114849861258742, 51.138948735513885], [6.114901037922377, 51.13894498890193], [6.114955959161961, 51.13894493259283], [6.114996006294408, 51.13894792705342], [6.11501052221962, 51.138949013974965], [6.115063175530331, 51.13895712278888], [6.115112559834084, 51.138969045588524], [6.115144014663083, 51.13897890672347], [6.115204647686869, 51.13900143308527], [6.115251271194842, 51.13901475381222], [6.11529987922651, 51.139023536206906], [6.115403541201094, 51.13903563835061], [6.115447097943283, 51.139042425102495], [6.115506537581793, 51.13905726735524], [6.115569324861556, 51.1390798736812], [6.115626685901886, 51.13910535027744], [6.115756634906292, 51.13916846225084], [6.115820600542861, 51.139195334026724], [6.115881078906213, 51.13921461812079], [6.115939077674596, 51.13922620448637], [6.115992740934169, 51.13923096478675], [6.116064828567377, 51.13923237497256], [6.116127514594886, 51.13923116051945], [6.116173225520972, 51.13922633402597], [6.11621118777741, 51.1392169089017], [6.116241938247499, 51.139202529619546], [6.116298777529932, 51.13916047876191], [6.1163159445005215, 51.13915298702627], [6.116333255005299, 51.13915030200151], [6.116347672220833, 51.13915136833085], [6.116362871500815, 51.13915502644098], [6.116377219804716, 51.13916086725373], [6.116389014113585, 51.139168228113164], [6.11640250436671, 51.13918393292936], [6.116417347525279, 51.13922196899542], [6.116427765418255, 51.139236500645495], [6.116440153451056, 51.139245117418305], [6.116457235754778, 51.13925228493883], [6.116478650115465, 51.13925785035246], [6.1165035665725656, 51.13926159529513], [6.1165604249445025, 51.13926647914263], [6.116575114829808, 51.139269593968706], [6.1165864728226795, 51.13927409272151], [6.116597108042728, 51.13928192866434], [6.116604843558879, 51.13929247242525], [6.116609098821375, 51.13930494513118], [6.116609435480886, 51.13931812168236], [6.1166061645353444, 51.13933045366849], [6.116599298006235, 51.13934381228406], [6.116562806961755, 51.139393165340934], [6.116558875127422, 51.139402566735804], [6.116558236006734, 51.13941075413549], [6.116564236851667, 51.13942320694922], [6.116579335121348, 51.139436055123994], [6.11660035456959, 51.13944818589823], [6.11667370091755, 51.1394849129788], [6.1166932589411775, 51.13949778122352], [6.1167070858698125, 51.1395103821416], [6.116716766326877, 51.13952413102029], [6.116733195622275, 51.13955622469733], [6.116744396351474, 51.13956966928259], [6.116757320020242, 51.1395786410338], [6.11677412649242, 51.13958610752083], [6.116794371813069, 51.139591850910925], [6.116817325385994, 51.13959566428902], [6.116874251107396, 51.1396010803286], [6.116888008700976, 51.13960470280134], [6.116897374882408, 51.13960996190703], [6.116904925771161, 51.139620716964544], [6.1169128553950785, 51.13965406706135], [6.116920382220971, 51.139665667026044], [6.116929031257372, 51.139670044945575], [6.116941763520097, 51.13967245481611], [6.117007282397123, 51.139673054744], [6.117036146588731, 51.13967723875729], [6.117060844162425, 51.1396879400778], [6.117103123182432, 51.13971615604141], [6.117119137010538, 51.13972120133902], [6.1171307638654815, 51.13971955429383], [6.117144010049022, 51.139713260954025], [6.117196175892701, 51.13967438643901], [6.117219222650434, 51.13966179570089], [6.117243936358307, 51.1396529698839], [6.117269761097769, 51.13964811114688], [6.1172961333927685, 51.13964731352626], [6.117325280874966, 51.139651081704926], [6.11735466829919, 51.139659488065824], [6.117382467776968, 51.13967203778667], [6.117406258534374, 51.139687654756564], [6.117425637206603, 51.13970661685909], [6.1174404288437225, 51.139729207611566], [6.117451180415879, 51.13975582727922], [6.117460818316607, 51.1397936628524], [6.117503382820167, 51.139836115325714], [6.117516166577992, 51.139853529563624], [6.1175253208569345, 51.13987090824749], [6.117530872591615, 51.13989332505365], [6.11752952487047, 51.13990187275659], [6.117525412879354, 51.13990866127538], [6.11750947693941, 51.13991796450303], [6.1174488288318765, 51.13993349556755], [6.117435937555511, 51.13993868235311], [6.1174269114746975, 51.139944711035405], [6.117420367504901, 51.139953355435296], [6.117417598607181, 51.13996382892735], [6.117418932842821, 51.13997499727672], [6.11742416137336, 51.13998516432839], [6.117435662446384, 51.139995171281825], [6.117453526180103, 51.14000311348145], [6.117474424831976, 51.14000870196642], [6.117534906559445, 51.14002107733954], [6.117564309123464, 51.14003176867221], [6.117583137869386, 51.14004510448928], [6.117617694782276, 51.140079543019624], [6.117637325799224, 51.140091018722536], [6.117662368238714, 51.14009642154478], [6.117717926660742, 51.14009969868395], [6.117740237004295, 51.14010259654337], [6.117757351414512, 51.140107192176025], [6.117773102632381, 51.14011393090345], [6.1177871004409585, 51.14012265019251], [6.117798903114458, 51.140133096292864], [6.117830346505035, 51.140174824629625], [6.117841030309294, 51.140183723027384], [6.117853341826026, 51.14018967532655], [6.1178694838005825, 51.140193356484815], [6.117888561023376, 51.14019444759812], [6.1179083788733655, 51.14019283157938], [6.117926208637927, 51.14018870198061], [6.117943493860251, 51.14018069122927], [6.117958024523545, 51.1401686998506], [6.1179903047346285, 51.14012220178341], [6.11800316023863, 51.14010772253011], [6.118027916679034, 51.14009064046659], [6.118084827242631, 51.14006326985596], [6.118105895744153, 51.140050989947795], [6.1181283756942415, 51.14003097342161], [6.118150071587813, 51.1400015111118], [6.118175692957942, 51.13996641597427], [6.11818840737669, 51.1399555760753], [6.118202792732344, 51.13994752076211], [6.118214211547459, 51.139943017159105], [6.118257999529393, 51.13993440962742], [6.118289910791647, 51.13993214730775], [6.1183198445631914, 51.13993569176738], [6.118351342742248, 51.139945337221384], [6.118384350461446, 51.13996058760699], [6.118434376330255, 51.139988634308224], [6.11851703860661, 51.140031697311734], [6.118627507911485, 51.14008192203553], [6.11902079550731, 51.14021544804885], [6.119135239596674, 51.1402647718574], [6.11921251132475, 51.14030693692503], [6.119248291589357, 51.14033116915003], [6.119322729736263, 51.14038233094907], [6.11938996686283, 51.14041642316185], [6.119407233153409, 51.14042386461785], [6.119426708553989, 51.14042981343471], [6.119448224544854, 51.14043422048409], [6.1194714709614235, 51.14043701515705], [6.119508007398263, 51.140438320467304], [6.119612980256928, 51.140436788200276], [6.119644480627098, 51.14043975029407], [6.119671542378269, 51.140445796100565], [6.119691577211884, 51.14045332373799], [6.119708986732211, 51.14046282846429], [6.119722553216832, 51.14047365963464], [6.119731652393704, 51.1404852801723], [6.11973711106784, 51.14050071468413], [6.119742069485336, 51.140538875458084], [6.1197518386158185, 51.140556269110895], [6.11976052773205, 51.140563454149316], [6.119771806406813, 51.14056969560217], [6.119799054809575, 51.140577796768994], [6.119857046279534, 51.14058081803233], [6.119877652877955, 51.140584905764754], [6.119890097731722, 51.140590789174084], [6.119918885570751, 51.14060884040591], [6.119936319303408, 51.14061451395357], [6.119948639803599, 51.14061481758063], [6.119962046541784, 51.140612602476665], [6.11997516704257, 51.14060809566451], [6.119986292380665, 51.14060187566412], [6.1199970935622545, 51.14059144715146], [6.120012925694984, 51.140565437879495], [6.120021906556552, 51.140555998895614], [6.120035187013685, 51.140549382265306], [6.12005403006546, 51.140545052445496], [6.1200786450892535, 51.14054286168335], [6.120113317195971, 51.14054242086332], [6.1201871858195265, 51.14054465491105], [6.120244384185649, 51.140550768603], [6.12029170172524, 51.140561486933706], [6.120330598021833, 51.14057725064161], [6.1203520728065035, 51.14059012951029], [6.1204098171113905, 51.140629959694294], [6.120429666500241, 51.140640468872434], [6.120449377959223, 51.14064814131971], [6.120480942665539, 51.14065512539974], [6.120512277383035, 51.14065615831126], [6.120572264239615, 51.14064711252909], [6.120591248100251, 51.14064649190619], [6.120610537834763, 51.14064830738393], [6.120630374467294, 51.14065259188462], [6.120651168102325, 51.140659418474925], [6.1206865210059105, 51.140675373595734], [6.120786807619614, 51.14072868239167], [6.120814218902742, 51.140739683623345], [6.120845509393196, 51.14074992592187], [6.120958411305727, 51.14077974540061], [6.121002156773707, 51.14079341564685], [6.121054232284811, 51.14081200430253], [6.121115940976907, 51.14083593922416], [6.121167897114316, 51.14085828466937], [6.121213748309558, 51.140880623622515], [6.121254520265509, 51.14090347606486], [6.121286811649302, 51.14092497726942], [6.121308928834005, 51.14094477071118], [6.121323369716413, 51.140963844378085], [6.121350691643967, 51.14100982364056], [6.121367731275849, 51.14103010363959], [6.121419055342615, 51.14105778524262], [6.121451968927745, 51.141079400666705], [6.1214753721380015, 51.141100817811996], [6.121489432409948, 51.14112256250056], [6.1214951038225145, 51.141148373043436], [6.121491007160246, 51.14117559801544], [6.1214816227656215, 51.14119611762643], [6.121454020247708, 51.14124124772078], [6.1214425373137065, 51.141269064303295], [6.12142453967229, 51.14133079231422], [6.121414310406653, 51.14135454718833], [6.121395139719859, 51.141383433663606], [6.121339196990769, 51.14144809473059], [6.121317474222739, 51.14147869927989], [6.121305573035118, 51.141504733592434], [6.121301884570664, 51.14152815486306], [6.121304827573887, 51.14154680139531], [6.121320448342894, 51.14159654004431], [6.121321603976474, 51.141612201284914], [6.121319295062037, 51.14162701263775], [6.121314290474345, 51.141639877699795], [6.121307133027287, 51.14165103470872], [6.121298675840099, 51.14165918245864], [6.121289388884374, 51.14166389178582], [6.121278727970169, 51.14166517626945], [6.1212656567916275, 51.14166314530271], [6.121210153155736, 51.14164310511425], [6.121183578138371, 51.14163703568421], [6.121155804981371, 51.14163689122014], [6.121128725765564, 51.1416428262665], [6.121107155818538, 51.14165374516064], [6.121095063038588, 51.14166769486089], [6.12109299261081, 51.14167683643371], [6.1210946123219605, 51.14168641970235], [6.121099786334708, 51.14169564079278], [6.121108025247878, 51.14170363315293], [6.121120716739974, 51.14171084472169], [6.12113805617298, 51.14171689353831], [6.1212181088272075, 51.14173443530779], [6.121231481029805, 51.1417403594018], [6.121239598967328, 51.14174753925007], [6.121243508523832, 51.14176260272071], [6.121238262852025, 51.1417843935703], [6.121219391921988, 51.14181902601497], [6.1211892165644715, 51.14185333502031], [6.121154684658253, 51.14188297639258], [6.121073425483829, 51.141944531167994], [6.1210429878390675, 51.14197156596412], [6.1210246823075085, 51.141991829793774], [6.1210089083460195, 51.1420134602154], [6.1209956945102695, 51.14203645793343], [6.120985026525965, 51.14206082259704], [6.1209769038369615, 51.14208656318792], [6.120971326446673, 51.14211367970662], [6.120967789946657, 51.14217209406274], [6.120971374556568, 51.1422082241006], [6.1209806831929425, 51.14223601315421], [6.120996600965561, 51.14225801053513], [6.121019495463042, 51.14227451312616], [6.121041480090959, 51.14228358167242], [6.121067151280068, 51.142289934685785], [6.121094016121555, 51.14229296207769], [6.121119575294521, 51.14229238640739], [6.1211473772077545, 51.142287251701035], [6.121206672476574, 51.14226982347819], [6.121240430498979, 51.142263414304715], [6.121272935020518, 51.142260832967544], [6.121300292974117, 51.142262370345044], [6.1213209817706655, 51.14226790798424], [6.121334606648555, 51.142276896483516], [6.121344611520283, 51.14229051802717], [6.121362192315388, 51.14234529699568], [6.121371249816355, 51.142364031170196], [6.121382087250648, 51.14237760125993], [6.121411150495388, 51.142406875268364], [6.121421422380347, 51.1424224102561], [6.121424905547867, 51.14244179865704], [6.121418657642699, 51.14246016483354], [6.121387615355074, 51.14249208693255], [6.121380194736824, 51.142504253863535], [6.121381110874974, 51.142521006554574], [6.121393158581782, 51.14254109162551], [6.1214192613510745, 51.14257106625353], [6.1214261428348085, 51.14258869444629], [6.121422330034529, 51.142603315847516], [6.121410493084033, 51.14261567982113], [6.121399367135408, 51.14262167507587], [6.1213843046018495, 51.14262705167433], [6.121312070137617, 51.142645141694686], [6.121300214148719, 51.14265183853312], [6.121296298235733, 51.14265984629274], [6.1213027664305635, 51.142673776489424], [6.121319231036547, 51.14268768307556], [6.1213295752910195, 51.142692408234694], [6.121340635980699, 51.14269481242026], [6.121352539361067, 51.142694934720716], [6.121365613801851, 51.14269278322402], [6.121390570289444, 51.1426842053621], [6.121451101145041, 51.14265566302462], [6.121481368034161, 51.14264377997067], [6.121513858562534, 51.14263568447434], [6.121544864852663, 51.14263351589223], [6.1215682191152645, 51.14263574612691], [6.1215884198527, 51.14264085794022], [6.121601569353354, 51.14264783787685], [6.121606370854879, 51.142655925430844], [6.1216011432455995, 51.142667318876335], [6.121574914594956, 51.14269426858667], [6.1215724581112285, 51.14269996468618], [6.121573634307902, 51.14270449999547], [6.121579061358196, 51.1427085103734], [6.121588748766048, 51.14271184314377], [6.12161653437381, 51.14271524388381], [6.121636916760679, 51.14271399192144], [6.121656992557255, 51.142709395374425], [6.1217207643571205, 51.142682767636195], [6.121778869796763, 51.142667000819216], [6.12180070933612, 51.14265841806386], [6.121817713706229, 51.14264688289862], [6.121850209507996, 51.14261733510315], [6.121866317337935, 51.14260710906575], [6.12189159703059, 51.14259862000964], [6.1219262861528785, 51.14259356478113], [6.121970656835625, 51.142592165945906], [6.122009160262368, 51.14259612735735], [6.122040276630209, 51.14260528566931], [6.122063543746143, 51.14261948559085], [6.122075077358745, 51.142632901858164], [6.122077892601809, 51.142644646291814], [6.1220736142087695, 51.14265181763872], [6.12206342507869, 51.142658384701654], [6.122011545887705, 51.1426765806432], [6.1219936946977445, 51.142685180702976], [6.121980219723913, 51.14269813402327], [6.121974828935769, 51.14271421869426], [6.121978073663934, 51.14273192819161], [6.1219895796754855, 51.14274900462615], [6.122003660308491, 51.14276078362699], [6.122020743609117, 51.142770037103965], [6.122038560239261, 51.14277554885686], [6.1220553837393465, 51.14277679965188], [6.122067053737839, 51.142774928305705], [6.122079435357267, 51.1427705829533], [6.122120742453788, 51.14274810601782], [6.122138172192676, 51.14274076381174], [6.122159007178335, 51.14273637476209], [6.1221829034441155, 51.14273564097753], [6.1222098033285635, 51.14273857003093], [6.12223963601233, 51.14274515118162], [6.122265688541679, 51.142753195324374], [6.122290050702048, 51.14276289783468], [6.1223126539039265, 51.142774212051194], [6.122333386726082, 51.14278709025794], [6.122352166859677, 51.1428014764611], [6.1223688702817896, 51.14281729565027], [6.12238340264068, 51.14283445555626], [6.122395670701662, 51.14285284594797], [6.122408165115541, 51.14287977787136], [6.122412625182145, 51.142904155359716], [6.12240902035141, 51.14292577977873], [6.122397343600746, 51.14294453402389], [6.122384195198002, 51.142956146227775], [6.122367700702392, 51.14296592207567], [6.122349328316664, 51.142973016238244], [6.12233027950445, 51.14297696359048], [6.122307664702551, 51.14297778292831], [6.122256288153618, 51.142974799869585], [6.122234526118423, 51.14297616188353], [6.122208687943715, 51.14298351292643], [6.122188865461196, 51.14299598615938], [6.122179812088867, 51.14300842774791], [6.1221767040954695, 51.14302298557448], [6.122179724497621, 51.14303901652859], [6.12218867835011, 51.143055517398814], [6.122202992489926, 51.143071358728584], [6.122221559044355, 51.14308527196854], [6.122243052372164, 51.143096271037194], [6.122266307840458, 51.143103769584755], [6.122293889693125, 51.143107461968455], [6.122305495243712, 51.14310685726211], [6.122314900531702, 51.1431046153118], [6.122322489057523, 51.14310054767792], [6.122328910252414, 51.14309432855365], [6.122346083020974, 51.14306423242077], [6.1223561983624295, 51.14305333707088], [6.122368994110914, 51.143046933106156], [6.122386319632857, 51.14304310521986], [6.122407956861091, 51.143041911003415], [6.122433332478031, 51.14304337231682], [6.122467750734779, 51.14304887901507], [6.122500908013887, 51.14305810544086], [6.122531806291739, 51.143070775171154], [6.122559288510064, 51.143086409985195], [6.122582289416576, 51.14310443498184], [6.122599689133312, 51.143124004074814], [6.122610781816068, 51.14314428137164], [6.122615141573467, 51.143164527818726], [6.12261082034546, 51.143206399636846], [6.1226124368783, 51.143223853153216], [6.122619012914935, 51.14323904518329], [6.122630113240875, 51.14325276553827], [6.122644488004032, 51.143263499321435], [6.12266115115469, 51.14327054765327], [6.1226811888760615, 51.143273919285335], [6.122704353115011, 51.143273464193896], [6.122729428626081, 51.143269179442264], [6.1227540026099065, 51.1432614643566], [6.122786475218405, 51.14324469718464], [6.122849681638941, 51.14320003855205], [6.1228684941126135, 51.143190697478516], [6.122888127989259, 51.143184012067046], [6.122920259237724, 51.14317824595258], [6.1229542980602485, 51.143177213021794], [6.122984301553162, 51.143181054803684], [6.123006739846353, 51.14318927964451], [6.123018620212804, 51.14319873769298], [6.123027227108754, 51.1432118569468], [6.123044103294862, 51.143268345269796], [6.1230535210755015, 51.14328474955439], [6.123067338056029, 51.14330008382823], [6.123085886587099, 51.1433147520373], [6.123109999032673, 51.14332939530255], [6.1231364922001355, 51.14334231621886], [6.1231605453544695, 51.143350787658505], [6.123182228197551, 51.14335483832291], [6.123201526445288, 51.14335446786185], [6.123215418836974, 51.14335112200892], [6.123230237453585, 51.14334483970169], [6.123291393937876, 51.14330922400153], [6.123306775363881, 51.14330400791658], [6.123321415115181, 51.14330220954401], [6.123336776177025, 51.14330375695838], [6.123353191957249, 51.14330857741382], [6.123369649023802, 51.143316412103225], [6.123384355895362, 51.143326407409134], [6.12339676755487, 51.143338819757794], [6.123404992823561, 51.14335255921708], [6.123409017421074, 51.143367625436426], [6.123408853386204, 51.143384054691325], [6.123404547456828, 51.14340178516941], [6.123396073618592, 51.14342100511838], [6.123366148930369, 51.14346485521217], [6.123309765672557, 51.14353177302193], [6.123297081700643, 51.14355132107789], [6.123289262683692, 51.14356920793459], [6.1232851737604985, 51.14359195379038], [6.123286637158751, 51.143617849535524], [6.1232931767075, 51.14364696440101], [6.123308173656515, 51.14369413289983], [6.1233233770366935, 51.14373775357628], [6.123338439409581, 51.143765252301684], [6.123358506641663, 51.14378608322734], [6.1233706031278645, 51.143793909524035], [6.123384201597909, 51.14380011776695], [6.1234116878759615, 51.14380742339321], [6.123444249084486, 51.14381084229449], [6.1234992537878, 51.143810685028804], [6.123522845259478, 51.14381256091715], [6.123542856843535, 51.143817047096235], [6.123587444408201, 51.14383080002586], [6.123608635938731, 51.143834937457804], [6.123635018341869, 51.143835622757756], [6.12366113776114, 51.14383157037464], [6.123683931628753, 51.14382328059459], [6.123701467842012, 51.143811470416495], [6.123710828818519, 51.14380028654521], [6.123715679745774, 51.14378850596294], [6.123715357114945, 51.14377783032548], [6.1237099302135505, 51.14376921477471], [6.123694640503713, 51.14376077024312], [6.123645216359099, 51.14374730307839], [6.123629820958774, 51.14373963847457], [6.123625520508677, 51.14373245381469], [6.123625891474453, 51.14372281164695], [6.123642545291996, 51.14368748564092], [6.123663103021379, 51.14361928119562], [6.12367113013042, 51.14360494334288], [6.123682293546296, 51.14359305727571], [6.123704980596688, 51.14357866646642], [6.123733680276118, 51.143567841610384], [6.123752886519921, 51.14356366404106], [6.123773344402788, 51.14356143314033], [6.123795126989514, 51.14356112372164], [6.123818376497438, 51.14356274827891], [6.123869484550759, 51.14357166952296], [6.123932354455948, 51.143589200279976], [6.123989865097879, 51.14360852398047], [6.124039566709897, 51.14362810521923], [6.1240827706339696, 51.14364847098349], [6.124120032318876, 51.143669886800026], [6.124151901070842, 51.14369271698424], [6.124178402646694, 51.14371700714781], [6.124199657717484, 51.1437428861894], [6.124215787512231, 51.14377047402584], [6.124221983553067, 51.143788337024915], [6.124220164730498, 51.14380102874317], [6.1242074462786835, 51.14381285860672], [6.124167951689648, 51.14383240363709], [6.124154528175261, 51.143841544724], [6.124147396037837, 51.143851380305065], [6.124144622768842, 51.14386355382813], [6.124145988624631, 51.143878149833], [6.1241518365837315, 51.14389908045245], [6.124163183085681, 51.14394058229927], [6.124166313500323, 51.1439718708859], [6.124162919271715, 51.14402231050687], [6.124167954908793, 51.14404917561707], [6.124188090708537, 51.14409949265806], [6.12420362870599, 51.14412648127706], [6.124256377482677, 51.14418835844568], [6.124275595494918, 51.14421894553285], [6.124282072747134, 51.144242635007174], [6.124281029504606, 51.144252512484194], [6.124277129179122, 51.14426119532374], [6.124262823050599, 51.14427509987765], [6.124218796806981, 51.1443038159339], [6.124211217741481, 51.14431140983968], [6.124207269326861, 51.14431879625915], [6.124207322542407, 51.14432989700887], [6.124213568452298, 51.14434213056133], [6.124225523717418, 51.14435453158559], [6.124241686436378, 51.14436549804833], [6.124259197217001, 51.14437341250301], [6.1242790628898875, 51.14437910025016], [6.124301142352848, 51.14438253083262], [6.124325223673529, 51.144383663055635], [6.124351209139475, 51.14438245853499], [6.12437838375073, 51.14437891766607], [6.1244060560358795, 51.14437312237582], [6.124433168090248, 51.14436529848553], [6.124502572399752, 51.1443400850594], [6.124523777299013, 51.14433481421209], [6.124544548650944, 51.144331916285154], [6.124567549904498, 51.14433133088399], [6.124588162781777, 51.14433351104646], [6.124604513257462, 51.14433823976745], [6.124616027121315, 51.144345323027636], [6.124622019067536, 51.144353133919346], [6.124624666377536, 51.14436230167133], [6.124623607977272, 51.14437150417647], [6.124618979715515, 51.14437947652665], [6.124604540815533, 51.14438907839638], [6.124561261270183, 51.14440371828273], [6.124546194473875, 51.14441191951553], [6.124538349320771, 51.14442195344925], [6.124529075776397, 51.14444897917418], [6.124522024647753, 51.14445958131871], [6.124512135035282, 51.14446638982543], [6.124497786676777, 51.144471775403396], [6.124478934505368, 51.14447577292087], [6.124454911699009, 51.14447852787307], [6.124416894768201, 51.14448028188428], [6.124333827607994, 51.14447984803825], [6.124299245605637, 51.14448109288076], [6.124263524753156, 51.144485934547774], [6.124233464607059, 51.144494945112896], [6.124204091632644, 51.14451061065617], [6.124180974857397, 51.144530756581545], [6.124167565069503, 51.1445523196672], [6.12416507807896, 51.144573225077885], [6.124169451787129, 51.14458613213735], [6.124178416685017, 51.14459879238472], [6.12419156759086, 51.1446105932048], [6.124208077135743, 51.14462081265199], [6.124261592403676, 51.14464278126934], [6.1242810570352075, 51.14465399987198], [6.124308373709309, 51.144680828565484], [6.124322595068377, 51.14468990333644], [6.124334739726181, 51.144693512207596], [6.124349857765293, 51.14469529636083], [6.124389755303324, 51.14469342673831], [6.124448556022287, 51.1446855910114], [6.124479764881176, 51.14468524354979], [6.124555549420729, 51.14469954780436], [6.124582823382349, 51.14469993101273], [6.124611258994722, 51.14469589042699], [6.124648159754443, 51.14468449357384], [6.12472604178174, 51.14465126744916], [6.124745601684963, 51.1446453174676], [6.1247640239754215, 51.144641795043704], [6.124849750307363, 51.14463810247782], [6.124881849174274, 51.14463148952112], [6.124893304037086, 51.14462664435199], [6.124901149604904, 51.14462097282634], [6.124906713967653, 51.14460944361051], [6.124903882045901, 51.14459496446144], [6.124892767424415, 51.14457869848677], [6.124875267826107, 51.14456347172697], [6.124852516763038, 51.14455083216628], [6.12479500022119, 51.14452881935102], [6.124772264984986, 51.14451684577021], [6.124760979993163, 51.14450769038511], [6.124752348499203, 51.14449748493979], [6.124746943674601, 51.14448690014796], [6.124744992917922, 51.14447641832278], [6.124746922969707, 51.14446492562779], [6.124753048085846, 51.14445334725187], [6.124763061808418, 51.14444224231989], [6.124776318127356, 51.14443234149654], [6.124791742706501, 51.14442436490886], [6.124809579623693, 51.144418066709555], [6.124829725586375, 51.14441349832449], [6.124851992753868, 51.144410691110046], [6.124918405603951, 51.144408520179546], [6.124941667566189, 51.144406501968746], [6.124964085486381, 51.14440126987723], [6.124980555799963, 51.14439257243164], [6.124991743249002, 51.144381217519246], [6.1250123656018705, 51.144350126507966], [6.125023024125394, 51.14433830884701], [6.125037987521913, 51.14433015897802], [6.125056125864756, 51.144328671317155], [6.125136161227856, 51.144335776084816], [6.125289182509605, 51.14437965641214], [6.125315091491543, 51.14438612225983], [6.125340910818906, 51.14439058008232], [6.125367375665386, 51.14439316489354], [6.125394969232988, 51.14439392455694], [6.125456744153839, 51.14439367204133], [6.125472814680908, 51.14439623503043], [6.125483585286495, 51.14440101527337], [6.125489985772471, 51.14440846738557], [6.125492653926196, 51.144418912873775], [6.125491480228474, 51.1444320432254], [6.125486569477368, 51.14444686260823], [6.12547082922465, 51.144478091769784], [6.125469549290272, 51.14449362108821], [6.12547489556879, 51.14450308006993], [6.125485378127187, 51.14451249448345], [6.125500633803478, 51.14452149560789], [6.125519668106442, 51.14452951930046], [6.1255746105223245, 51.144546710258425], [6.125586486065601, 51.14455257903979], [6.12559405942048, 51.14455910655619], [6.125598433176602, 51.14456856859687], [6.125598441505134, 51.14458039680793], [6.125594023858361, 51.14459418493958], [6.1255856094261825, 51.144608549371604], [6.125538593109812, 51.14465984098751], [6.125528759670555, 51.14467632923821], [6.125521650317291, 51.14469362205214], [6.125518091946764, 51.144709688980356], [6.125518259636755, 51.14472355390898], [6.125521980775047, 51.144734313124374], [6.125529113465528, 51.14474217900853], [6.12553952218917, 51.144747031296845], [6.125553124628419, 51.14474881399578], [6.125606009174243, 51.14474965595989], [6.125688715284675, 51.14468574106189], [6.1257056118185895, 51.144676397385375], [6.125726778614554, 51.14467081956334], [6.125749931096011, 51.14466964399819], [6.125771567650687, 51.14467307240226], [6.125789694904348, 51.14468050707744], [6.125824661329463, 51.1447011463108], [6.125840246354803, 51.14470715126572], [6.125853351717807, 51.14470956932226], [6.125867967938549, 51.144710225596874], [6.125898834015554, 51.14470619050149], [6.125950020441324, 51.14468856944327], [6.125971662872781, 51.14468454136418], [6.125990174430301, 51.14468556325649], [6.126009573350721, 51.14469048367464], [6.126028000101041, 51.1446988521295], [6.126043173982703, 51.144709632116744], [6.126051820785245, 51.1447191362549], [6.126057491542111, 51.1447293587408], [6.1260599291641045, 51.1447398345241], [6.126059007851844, 51.14475005680942], [6.126050182712234, 51.14476665984414], [6.126022635978013, 51.14479666329698], [6.126013434100871, 51.14480943432535], [6.126008013673859, 51.14482279305117], [6.125999631987805, 51.144857108518586], [6.125989319215891, 51.14487417866808], [6.1259704051185455, 51.144888374871414], [6.125945094667143, 51.1448985010881], [6.125919682245987, 51.14490244544615], [6.1258906597049645, 51.14490143489551], [6.125863286874383, 51.14489711888694], [6.125794727469576, 51.14488274132548], [6.12575925717902, 51.144878028267556], [6.125726702235528, 51.14487725461072], [6.125697520313401, 51.14488018875711], [6.12567424382912, 51.14488657817801], [6.125657850044609, 51.14489611410883], [6.125650819332502, 51.14490409037456], [6.125646092699328, 51.144913877270035], [6.125643683438717, 51.14493837349511], [6.12564701495879, 51.14495540141075], [6.125653998716316, 51.144972105395084], [6.125664685685494, 51.14498858564259], [6.1256791926469925, 51.145005033912625], [6.125719522432371, 51.145038082820825], [6.125782676028562, 51.1450775485632], [6.125820941627785, 51.14509756734599], [6.125836514652949, 51.14510307729741], [6.125851347035821, 51.14510623941018], [6.125868613796795, 51.14510727568096], [6.125888619469364, 51.14510588777866], [6.125972766215756, 51.14509173070162], [6.126072795319985, 51.14508891964356], [6.12609270244313, 51.145086126112915], [6.126110617658677, 51.14508179048033], [6.126125972967219, 51.145076078673135], [6.126138477230376, 51.14506907347999], [6.126155338016065, 51.145052713008916], [6.126185810484892, 51.1450076164376], [6.126197451931717, 51.14499792759662], [6.126211138284602, 51.14499168902679], [6.1262258109908085, 51.14498867681527], [6.126242544055625, 51.14498794594519], [6.1262596306104715, 51.144989580370854], [6.126275450245482, 51.14499342331711], [6.126300256717079, 51.145005672395094], [6.126347853375171, 51.145040986530965], [6.126361646277496, 51.14504683941299], [6.126375637223167, 51.14504904532291], [6.12638980053568, 51.1450480173846], [6.126405366986138, 51.145044199615306], [6.126420885350107, 51.14503793410873], [6.12643418446706, 51.14503010292808], [6.126443196890036, 51.145022220315035], [6.126449477042281, 51.14501343401658], [6.126454199624294, 51.14499266448666], [6.126450158060983, 51.14496979958085], [6.12643244666395, 51.144919542570506], [6.1264266137706045, 51.14488178340265], [6.126428147890342, 51.14486492011971], [6.126432616804708, 51.14484961311856], [6.126439999536367, 51.144835969819255], [6.126450265853846, 51.144824016462], [6.126463370132421, 51.14481379689765], [6.1264792821420215, 51.14480533736604], [6.126505539596593, 51.14479699727608], [6.126529276305428, 51.144795395181106], [6.12654043149588, 51.14479744140294], [6.126552010696573, 51.14480163878244], [6.1265910819254, 51.14482342208814], [6.126607967115998, 51.14483036736809], [6.12662076858622, 51.14483307469065], [6.126635640280289, 51.144834222862464], [6.126677999462177, 51.14483208917088], [6.126726699947868, 51.14482754788214], [6.126758522128859, 51.14482239374112], [6.126783694070521, 51.144814953353766], [6.1268022451166395, 51.144804984589456], [6.1268199946779704, 51.14478582154546], [6.126842077467056, 51.14474455716451], [6.126852082734604, 51.14472989895137], [6.126865589308805, 51.14471757548318], [6.1268820136336055, 51.14470961420487], [6.126896841493064, 51.14470617397972], [6.126913966776276, 51.14470465213006], [6.126932007664886, 51.144705194578734], [6.126949165727619, 51.14470774811942], [6.1269710865018325, 51.144714889095034], [6.126991293819928, 51.14472659322051], [6.127007858817394, 51.14474030356452], [6.12704527770719, 51.14477671641923], [6.127068017122903, 51.14479300709934], [6.1270966286099044, 51.14480546647389], [6.127140959026962, 51.1448180963658], [6.127223623133694, 51.14483101190991], [6.127244410945454, 51.14483774720755], [6.127259653916353, 51.14484672979621], [6.127269000378761, 51.144856484901304], [6.127275140887876, 51.14486789717498], [6.127277367718023, 51.14487969896129], [6.127275493608706, 51.144890761322735], [6.127263903676711, 51.14490699066662], [6.127235581908124, 51.144929455797225], [6.127216994490606, 51.144945764984094], [6.127202812302589, 51.14496274911787], [6.127191039586173, 51.144984451720845], [6.127187301646468, 51.14500387829024], [6.127191817154625, 51.145019810925646], [6.127204432639132, 51.14503195802389], [6.12722154733238, 51.14503912472714], [6.12723875296168, 51.14504091484552], [6.127253953371217, 51.14503677315239], [6.12728183199299, 51.145020521441786], [6.127294415774788, 51.14501568579845], [6.127305683455097, 51.14501454160063], [6.127318798828579, 51.145015880375816], [6.127353036361409, 51.145026400202774], [6.127408113501661, 51.14504811792022], [6.1274402887309565, 51.14505776851565], [6.1274741257463665, 51.14506345731491], [6.127509797320073, 51.14506539544071], [6.127544083348954, 51.14506339581147], [6.127574614035653, 51.14505762505105], [6.127598511143406, 51.14504929866128], [6.127622303229546, 51.14503713795284], [6.127705876312673, 51.144980177852005], [6.127728496213297, 51.144968240164914], [6.127751536595305, 51.144958741370296], [6.1277745420200205, 51.14495187715259], [6.127797236750589, 51.14494771269273], [6.127823112609041, 51.144945974017716], [6.127900447319239, 51.14494547296675], [6.1279250487814005, 51.14494238073332], [6.127947261632601, 51.14493676525399], [6.127966673594899, 51.144929048143155], [6.127982027878908, 51.14492012496919], [6.127990949675978, 51.14491139451228], [6.127992887059132, 51.1449034548487], [6.127989950785967, 51.144898237736655], [6.127983280985911, 51.1448928119449], [6.127936947001282, 51.14486984322769], [6.127928611957755, 51.14486406169606], [6.127924176195821, 51.14485858286568], [6.12792379668464, 51.144850649228545], [6.127929657351428, 51.144841474767645], [6.127941719263373, 51.14483099556259], [6.127961209754952, 51.14481809944865], [6.127989822634001, 51.14480199154128], [6.128014645934568, 51.144791412175], [6.128038602377643, 51.14478511995188], [6.128062575742039, 51.144782929712484], [6.128085321530044, 51.144784388125316], [6.128108446554985, 51.144788950021734], [6.128129649205133, 51.14479614508862], [6.128146954805321, 51.1448053041707], [6.128164359992346, 51.144821148742274], [6.128185666308235, 51.144852002346326], [6.1282088780782935, 51.144879574737274], [6.128235017063501, 51.14490122859662], [6.128261905899083, 51.14491518344253], [6.128275372415378, 51.144919157184106], [6.128288750259287, 51.144921104943016], [6.128308450829251, 51.144920482672624], [6.128331109025393, 51.14491598440874], [6.128411556676656, 51.14488861145814], [6.1284546593984714, 51.14487841817202], [6.128498682365528, 51.14487412999881], [6.128600148998884, 51.14487671292735], [6.128658939865017, 51.144872481707004], [6.128725854161252, 51.14486039979857], [6.1288047553383205, 51.14484203722982], [6.128850114405296, 51.14483419287335], [6.128878639689404, 51.14483146667634], [6.12890621474046, 51.144830686962514], [6.1289320954448065, 51.14483186243654], [6.128955854029862, 51.14483497359619], [6.12899214702953, 51.14484463497293], [6.129028161717874, 51.14486062175297], [6.129064536926232, 51.14488277873047], [6.129135380806834, 51.14493407965339], [6.129166895951825, 51.14495459711294], [6.129202557227904, 51.14497282382516], [6.1292377933154905, 51.14498477079361], [6.12926254970082, 51.144989777291805], [6.129290884326634, 51.14499311771583], [6.129365013827538, 51.14499541526011], [6.129455390071517, 51.14499375838327], [6.129534808778227, 51.14498871115686], [6.129608324160719, 51.14497993900847], [6.129677881549793, 51.1449672018967], [6.129712692297378, 51.14495881930556], [6.129741102324939, 51.14495011760333], [6.129764612910834, 51.14494063895756], [6.129783533367601, 51.14493023805809], [6.129802185739878, 51.14491517133061], [6.129818092840751, 51.1448959535982], [6.129856682054773, 51.14482346876967], [6.129875132423051, 51.144796910871214], [6.129900228178085, 51.1447738711804], [6.129931659185085, 51.144756581750684], [6.129955496389273, 51.14474828939068], [6.129979058741089, 51.144743273332274], [6.129999565339679, 51.14474210390669], [6.130015942013766, 51.1447448087052], [6.130028464846092, 51.144751547418686], [6.130038299941235, 51.144762654502976], [6.130045489575809, 51.14477813999161], [6.1300503911645094, 51.14479869625712], [6.1300520912255845, 51.14482636964277], [6.13004623533838, 51.14484814586189], [6.130035891206684, 51.14486390236353], [6.130000815721005, 51.144902356737994], [6.129987860386194, 51.14492101735444], [6.129982651351134, 51.14493444440872], [6.129980923872334, 51.14494799293877], [6.1299827150846795, 51.144961295075], [6.129988000552366, 51.14497405339292], [6.129996281755986, 51.14498554507067], [6.130007094989647, 51.14499540792811], [6.13001976315078, 51.14500303168858], [6.130033830677066, 51.1450081533135], [6.130092448643199, 51.14501707633245], [6.130108449223046, 51.14502399937806], [6.130148270041276, 51.14504848029611], [6.13016244277157, 51.145053289675076], [6.130179216130805, 51.14505651688677], [6.130221175892267, 51.14505828478412], [6.130293513860446, 51.14505373777331], [6.130324047255343, 51.14505367798072], [6.1303649730333305, 51.145058973333505], [6.1304084048644185, 51.14507066245401], [6.130446886909559, 51.145085612022285], [6.130507132949078, 51.145113697479864], [6.130553043419224, 51.14513729338664], [6.130565544731067, 51.145147377530385], [6.130573000165893, 51.14515766159429], [6.130579333019976, 51.14519410158764], [6.130585991374179, 51.14520709146638], [6.130595066459313, 51.14521477985522], [6.130607829653027, 51.145221335517526], [6.130623032724919, 51.145226134157596], [6.1306389380923845, 51.145228602428595], [6.130656899792262, 51.14522835082408], [6.130676260345582, 51.145224913467636], [6.130736903127825, 51.1452044373142], [6.130758887896898, 51.145198806707675], [6.1307886901770035, 51.14519601245254], [6.130857207088112, 51.14519773951105], [6.130887489511898, 51.14519596442137], [6.130907855482806, 51.14519199403947], [6.130926789632087, 51.14518574883092], [6.130943109814278, 51.14517761353097], [6.130956002882435, 51.145168017912496], [6.130967711736461, 51.14515376996042], [6.130987260346766, 51.14511941348757], [6.131000135992115, 51.145105949727785], [6.13101172687589, 51.1450989036076], [6.1310268437637765, 51.145092645627784], [6.13107008474175, 51.1450816002797], [6.131173417522659, 51.14506333215407], [6.131221481086711, 51.14505176650841], [6.131274746706141, 51.14503540844804], [6.131307150274646, 51.145030096442376], [6.131325462507615, 51.14503018614265], [6.131344795302853, 51.14503249559006], [6.131364692885796, 51.1450369956076], [6.131384366284372, 51.14504349593078], [6.131417277903386, 51.14505972960772], [6.1314455136751596, 51.14508126330041], [6.131468661979557, 51.145107817069075], [6.131486096323638, 51.14513865596619], [6.131509927209869, 51.14520123214719], [6.13152042711004, 51.14521868766736], [6.13153352655915, 51.14523388636432], [6.131548117307225, 51.14524625236176], [6.131564125320696, 51.14525628754362], [6.131580434753969, 51.145263307911726], [6.131596488414037, 51.14526707492387], [6.131614590617383, 51.14526755518866], [6.131635191982544, 51.145264399977854], [6.131701904970526, 51.14524380246695], [6.1317250198335325, 51.14523816343587], [6.131750440084821, 51.14523500954008], [6.131810960218595, 51.14523171863774], [6.131840736173174, 51.14522635099263], [6.131858988423928, 51.14521980106982], [6.131874341665223, 51.14521134508715], [6.1318851217724974, 51.14520192238045], [6.131890662082766, 51.14519213722277], [6.131890761214225, 51.14517993388798], [6.131881903850965, 51.145154207636025], [6.131880516644027, 51.14514360485513], [6.131883937954723, 51.14513294018597], [6.131892746283791, 51.14512256962249], [6.131906864667894, 51.145112581221476], [6.131926127691554, 51.14510310584167], [6.131955593185044, 51.14509282845385], [6.131984080739305, 51.14508679053375], [6.132006695364096, 51.14508598729915], [6.132021835715097, 51.14509041543563], [6.132030260490213, 51.14510098403655], [6.132037836099433, 51.14513308302827], [6.132044863856284, 51.145146117864094], [6.132053543146597, 51.14515327473417], [6.1320660709054415, 51.14515924879914], [6.132104948443594, 51.14516852288912], [6.132250782829662, 51.145192627256044], [6.132323504719936, 51.14514130713139], [6.1323281720906495, 51.14513683437344], [6.132329926969843, 51.145132056290045], [6.13232470725787, 51.14512122455689], [6.1323122793821945, 51.14511087256657], [6.1322749339454585, 51.145085886472735], [6.132261875688569, 51.14507486239795], [6.132252263732322, 51.14506222289338], [6.132247691370853, 51.14504902345344], [6.132248492860843, 51.14503609979028], [6.132254587082889, 51.14502452927374], [6.132262197017555, 51.14501734037442], [6.132272584398012, 51.14501102015196], [6.132301527197458, 51.1450010986337], [6.132340946336484, 51.14499495108216], [6.132388818970724, 51.14499291462392], [6.132422951582285, 51.144994075923364], [6.13245327387856, 51.14499741937444], [6.132479998360171, 51.14500297717792], [6.132503195861977, 51.145010760068864], [6.13253367171325, 51.14502707757972], [6.132595531680857, 51.14507066338408], [6.132624873773854, 51.14508612554432], [6.132679141236247, 51.145107335175574], [6.132691319110004, 51.145114110109034], [6.132699293511185, 51.145121105721906], [6.1327058215402355, 51.14513689861417], [6.13270658743793, 51.145174128349964], [6.132713909018488, 51.14523523786281], [6.132816909210033, 51.14527467891454], [6.132834511127018, 51.14527838479727], [6.132855193701885, 51.14527714722855], [6.132879122137872, 51.145271069200916], [6.132909753049543, 51.145259291070104], [6.132964742822662, 51.1452370290633], [6.132984602165861, 51.14523130992113], [6.133003972029066, 51.145227719499154], [6.133043750329297, 51.14522362230999], [6.133062548909247, 51.14521955913619], [6.133080772758975, 51.14521069669742], [6.133099633750997, 51.14519524779872], [6.133128004283758, 51.14516918459827], [6.13315096674505, 51.14515654369631], [6.133166147405188, 51.145152481705225], [6.133183699391946, 51.14515030379778], [6.133202857625159, 51.14515012612585], [6.133222405699525, 51.14515196382432], [6.133255385298802, 51.14515950080014], [6.133324653418672, 51.145182787066176], [6.133358264899593, 51.14518866650345], [6.133392547459086, 51.14518741163025], [6.133428266683991, 51.145179589898866], [6.133452095949522, 51.14517049610872], [6.133475936319619, 51.1451579936071], [6.133564923317112, 51.145098472755336], [6.133586373540537, 51.145088079324694], [6.133608035006507, 51.145080506402046], [6.133633100076196, 51.14507500477333], [6.133659930100187, 51.14507217286881], [6.133686842320177, 51.145072167299595], [6.133712334777085, 51.145074996203135], [6.13373259494347, 51.145079648622016], [6.133752007613733, 51.145086438972776], [6.133770516235152, 51.145095356874236], [6.133788010483087, 51.14510633665842], [6.133819636378778, 51.14513433012711], [6.133845500769114, 51.145169225115914], [6.133854731538004, 51.14518709902783], [6.133859615977079, 51.145202653661954], [6.133860419209554, 51.14521668705146], [6.133857111923681, 51.14522944133361], [6.1338499392341825, 51.14524134526867], [6.1338292667472984, 51.14526733658413], [6.13382295815529, 51.145278910916815], [6.133820717609989, 51.14529198818294], [6.133823364360906, 51.14530603979943], [6.133830877650118, 51.145320939331555], [6.133843130846352, 51.14533642282742], [6.133869161134719, 51.1453582616213], [6.133882678405964, 51.14536534810992], [6.133896112913063, 51.145369617236604], [6.133917247474164, 51.145371008011914], [6.133941964568205, 51.145366739046516], [6.134043189134042, 51.145330796133806], [6.134082096230752, 51.14532368200306], [6.134166037260036, 51.14531626898859], [6.13427030088803, 51.14529727439649], [6.13429977333261, 51.14529541559858], [6.134326030696017, 51.1452972107463], [6.1343878879175735, 51.14531133798345], [6.13441467895293, 51.14531329011104], [6.134434784718589, 51.145309591570715], [6.1344546916548195, 51.145301255898985], [6.134472609978106, 51.14528901275421], [6.134486018179842, 51.14527455427356], [6.134494005254437, 51.14525781314875], [6.1344960073227215, 51.145238658624784], [6.134482617094213, 51.14517783219359], [6.134480916914422, 51.1451584249918], [6.134483786324335, 51.145142349920185], [6.134491308437128, 51.145128034949764], [6.134501769493408, 51.14511659837293], [6.134515200870948, 51.14510661080633], [6.134530150269439, 51.145099124995795], [6.134545510115038, 51.14509470743318], [6.134558630089896, 51.14509343705265], [6.134572490790267, 51.14509428958344], [6.134602321265167, 51.145102342615544], [6.13463470561651, 51.14511879630918], [6.134668547627922, 51.145143111090185], [6.134727296263778, 51.14519517339204], [6.134833252480908, 51.14526516804277], [6.134865032844688, 51.145293218976136], [6.134927779093021, 51.14535900609245], [6.134959357675503, 51.14538546899113], [6.1350037483280975, 51.14541194013876], [6.135058101645129, 51.145434787784154], [6.13511996367488, 51.1454529983252], [6.135188354975796, 51.14546622393363], [6.135263120142614, 51.14547443380488], [6.135344031818891, 51.145477604364814], [6.135492489701353, 51.1454769436906], [6.135535192764935, 51.14547918661885], [6.135572697308301, 51.1454836317381], [6.135624323758554, 51.14549487212979], [6.135675682822964, 51.14551227628447], [6.135728003741798, 51.145532852121356], [6.135746054373662, 51.14553762992941], [6.135762936065271, 51.14554004047435], [6.135788103499053, 51.14553981176472], [6.135818644499793, 51.14553547825363], [6.135884347942775, 51.14552307474716], [6.135905951966999, 51.14552196715515], [6.135925794785495, 51.14552366770707], [6.135942348089599, 51.14552745535662], [6.135957288163495, 51.14553304737616], [6.135968757187018, 51.14553973263395], [6.135975873069065, 51.145546976818956], [6.135978565716647, 51.1455552189528], [6.135976901142067, 51.14556500932793], [6.135956374156327, 51.14560067383827], [6.135951776082852, 51.145614421934134], [6.135953121588892, 51.1456261749528], [6.135959846977408, 51.145638338644524], [6.135971994902391, 51.14565114791481], [6.135990517926501, 51.14566561551794], [6.136018802206202, 51.145683866218064], [6.136048737569107, 51.14569970182807], [6.136079644408569, 51.14571278188522], [6.136111035222414, 51.14572289656029], [6.136142334613405, 51.14572986984929], [6.136173370681216, 51.14573370653482], [6.136203859525263, 51.14573437267653], [6.136233645192091, 51.145731846464194], [6.136330782029733, 51.14571825209145], [6.136356383030399, 51.14567777377399], [6.13628593711743, 51.14553493039916], [6.136301616541874, 51.145521426832794], [6.136324447611863, 51.14550881807232], [6.136342576230064, 51.145501023160485], [6.136363265471151, 51.14549621425256], [6.136386209937066, 51.145494473810885], [6.136410920840624, 51.145495843825806], [6.136437151010336, 51.1455003901973], [6.136463396430652, 51.1455079231644], [6.136488321823085, 51.1455180682138], [6.136510294473727, 51.14553017370596], [6.136527626028958, 51.1455431009275], [6.136541759139768, 51.14555756882099], [6.136552706414104, 51.145573604680486], [6.13656048045932, 51.145591235799756], [6.136564358051274, 51.14560759315217], [6.1365644956886625, 51.14562268956713], [6.136560894672656, 51.145636965815015], [6.136553516989165, 51.14565057387339], [6.136511182875798, 51.14569894432745], [6.13650704980481, 51.1457109588723], [6.136510848484594, 51.14572073919503], [6.136520403443932, 51.145727854217796], [6.136535213118725, 51.145733937673576], [6.136553046397024, 51.14573807140899], [6.136570930074397, 51.145739543956594], [6.136589961329744, 51.145737725587324], [6.1366091844422375, 51.145732116168304], [6.136672189409341, 51.14569909330291], [6.136699395761367, 51.145689955666015], [6.136718353376837, 51.14568817145055], [6.136739979206437, 51.14568948380191], [6.1367643732017605, 51.14569389516728], [6.136792313993036, 51.14570153255618], [6.136835899353545, 51.14571724364012], [6.136879325372056, 51.145737376177316], [6.136917573116968, 51.14575846120222], [6.137007002413467, 51.145811840585566], [6.137109548612084, 51.14586700733928], [6.137157308509416, 51.14589705910745], [6.13722892365826, 51.14595270034558], [6.1372597853637565, 51.14597090593643], [6.137273890557452, 51.1459763604039], [6.137287603684186, 51.145979601574425], [6.137315562512368, 51.145980484287534], [6.13737508466566, 51.145973226390105], [6.137400468715756, 51.14597227406918], [6.137421528801188, 51.14597464280047], [6.137442512411064, 51.14598009482323], [6.137462588809088, 51.14598842090249], [6.137480572146867, 51.145999142261026], [6.137503489260914, 51.146020022497865], [6.137543434914134, 51.146075364584405], [6.137566619918919, 51.14609792437603], [6.13758246971846, 51.14610799981605], [6.13760123762512, 51.14611690546015], [6.137622425187822, 51.146124377248626], [6.137645317000212, 51.14613019078181], [6.1376764948216485, 51.14613520883626], [6.137768260400752, 51.14614532655872], [6.137810157937282, 51.14615574305537], [6.137852996285013, 51.14617267672071], [6.137890546603634, 51.14619187345004], [6.13797732841016, 51.14624115762823], [6.138021550073577, 51.1462627753441], [6.138070274119043, 51.14628119326107], [6.138117421899376, 51.14629319534609], [6.138161459288626, 51.14629838424907], [6.13820171685164, 51.14629671659767], [6.138237451403069, 51.14628910964262], [6.138298816576317, 51.146269636681595], [6.13834878202076, 51.14625667553126], [6.138396878563453, 51.14624895745909], [6.138442269185762, 51.14624660588783], [6.138484523886477, 51.146249637276306], [6.138582026715499, 51.14627080534643], [6.1386218017592, 51.14627554792251], [6.138641578332796, 51.14627532153037], [6.1386611124337165, 51.14627323629906], [6.138679899871684, 51.14626935184217], [6.138697505625492, 51.14626376544572], [6.138752190455522, 51.14623970332678], [6.1387686692289005, 51.1462356903783], [6.138784590977661, 51.14623490186743], [6.138804681150687, 51.14623838892408], [6.1388189182010136, 51.146245645361944], [6.138825070774135, 51.14625598693101], [6.138826308556817, 51.146282434542165], [6.138830483840483, 51.14629237691292], [6.138836736400916, 51.14629740508653], [6.138846421835807, 51.146301725770016], [6.13887912304809, 51.146309398240376], [6.138938738898907, 51.14631934861742], [6.138989411456669, 51.14632546418268], [6.139036038400087, 51.14632832356739], [6.13908068674704, 51.14632803134289], [6.139135403995258, 51.146323551207225], [6.13919640114254, 51.146314412623845], [6.139258160475018, 51.146303817541444], [6.139299244949333, 51.1463008025647], [6.1393298171885675, 51.14630220748946], [6.139404024741348, 51.1463106798756], [6.139436810914039, 51.14631258869367], [6.139470076286825, 51.14631021878015], [6.139497889498883, 51.14630236359323], [6.139511871137277, 51.14629525822277], [6.139523137940557, 51.14628696207265], [6.139530491526552, 51.14627835427344], [6.1395335273248755, 51.146269964603334], [6.139531773875888, 51.14626063020764], [6.139524604602163, 51.14625030876658], [6.139478008232019, 51.14620858441467], [6.1394732334003335, 51.14619977870982], [6.1394732676423045, 51.14619182827164], [6.139478485083035, 51.14618377083418], [6.1394888328841395, 51.146175767007314], [6.139503438453207, 51.14616851500525], [6.139520338324541, 51.1461630101503], [6.139548595119806, 51.146159078484274], [6.139579384450581, 51.146160902411935], [6.139613211070081, 51.14616841333282], [6.139654731283477, 51.14618262466846], [6.1397401711199455, 51.14621572027474], [6.139790634551176, 51.14623099592865], [6.139827551657122, 51.14623824961739], [6.139870505003516, 51.14624362721696], [6.140009349438353, 51.14625231381839], [6.140096543236372, 51.14626029403057], [6.14014596192121, 51.14626749374777], [6.140190915741032, 51.14627636513299], [6.140313087144633, 51.146308164413554], [6.140373960681853, 51.14631928714974], [6.140454840696062, 51.146327391442], [6.140476962533475, 51.14633155754424], [6.140495480251296, 51.146337119579016], [6.140507063283322, 51.146342206123805], [6.1405193136305165, 51.146350376171554], [6.140525565785077, 51.146358651313356], [6.14052604521223, 51.14636500427468], [6.140523002782136, 51.14637211656581], [6.140503941375003, 51.146392688693865], [6.140496284445686, 51.146401810820976], [6.140494279333413, 51.146409029443106], [6.1404965136586735, 51.14641498460322], [6.140502169086793, 51.14642134727411], [6.1405147176339785, 51.14642955160202], [6.140531716399092, 51.146435859001855], [6.140553383839558, 51.146440436720326], [6.140582980502652, 51.14644397616405], [6.140661601812339, 51.14644837321959], [6.140805924733903, 51.146446408309835], [6.1408643036271116, 51.14645116450594], [6.140973183147337, 51.14646597982023], [6.141026222903395, 51.14647082119688], [6.141068951591673, 51.146470355326564], [6.141107689385654, 51.146465051634934], [6.141191813061999, 51.146447528039126], [6.141227487389228, 51.146443201747495], [6.141252211751556, 51.14644274514647], [6.141278768436739, 51.14644433916665], [6.141338998758914, 51.14645384461456], [6.14143338008543, 51.14647441224727], [6.141467653438551, 51.14647910023686], [6.1415059610810685, 51.146482141924935], [6.141607757406573, 51.146484082953755], [6.141694351797713, 51.146485346290305], [6.141756291422573, 51.1464905668975], [6.141786428204041, 51.146495549393855], [6.141843623907172, 51.146510889852486], [6.141910880255753, 51.14653674820522], [6.142115511207951, 51.14662818180915], [6.1421984450179785, 51.146660449767246], [6.142272881334824, 51.14668282264976], [6.142280034908092, 51.14668461660244], [6.1423693760021845, 51.14669119047724], [6.142433625978355, 51.14669790635569], [6.1424902179879455, 51.146706593680484], [6.142540234829562, 51.146717548775825], [6.142583450572195, 51.14673026242595], [6.142630075226043, 51.14674705302728], [6.142776902582298, 51.146809404684355], [6.142830382982366, 51.14683026648572], [6.142883512198287, 51.1468473239347], [6.1429336649677015, 51.146859091700584], [6.1429926864498015, 51.146867577324684], [6.143124638286753, 51.14688000437981], [6.143175266135406, 51.146887556168714], [6.143219329766287, 51.14689743000737], [6.1432768099277775, 51.14691350527439], [6.143295444565035, 51.14692875695472], [6.143306394437761, 51.14696053285464], [6.143319900825128, 51.1469835654794], [6.143335390397764, 51.14700042227902], [6.143353784903027, 51.14701423793082], [6.143373675230101, 51.14702397958596], [6.143394352584347, 51.14702931510675], [6.143418592416318, 51.1470304562438], [6.14345866243289, 51.147027432994605], [6.143527829183718, 51.14702308808905], [6.143561454710098, 51.14701882793887], [6.1435915991441785, 51.14701073193225], [6.143615765531215, 51.14699847820169], [6.143661354649913, 51.14696236353809], [6.143675593820927, 51.14695640628767], [6.143689951917455, 51.14695523709502], [6.143709496422149, 51.146960391964896], [6.143724289044959, 51.14697047669797], [6.143729375307713, 51.146983283455384], [6.143724052550918, 51.14701504839572], [6.143727328059137, 51.14702799978765], [6.143738933941966, 51.14703781775024], [6.143758021777616, 51.147045273075726], [6.143780539524527, 51.147048827590865], [6.143801702604086, 51.14704768976805], [6.143814347079178, 51.14704416705724], [6.1438269881584935, 51.14703815274453], [6.1438723822384365, 51.14700727711326], [6.143883464659279, 51.14700311358054], [6.143894447051794, 51.14700172694864], [6.143905275776941, 51.14700282807795], [6.143916957142689, 51.14700609976345], [6.143938811334812, 51.147017850146234], [6.143950612386031, 51.14703006543317], [6.143957635427906, 51.14704508721927], [6.143960249724168, 51.147064345683475], [6.1439592332644635, 51.1471192331696], [6.143964525008255, 51.14713380788811], [6.143974929871216, 51.14714454990988], [6.143995858028422, 51.14715393004867], [6.144027860562764, 51.14716066653599], [6.1440650653402304, 51.147164211111914], [6.144097725293729, 51.14716377692126], [6.144120929513408, 51.147159459838576], [6.144128612082565, 51.147155932776954], [6.1441335734011435, 51.14715154769083], [6.144136259704265, 51.14714046896362], [6.144126981859269, 51.147104533504034], [6.144129093933271, 51.14708862860887], [6.144136091771551, 51.1470804435769], [6.14414786808827, 51.14707314884821], [6.144164006438442, 51.147067004084846], [6.144183318632732, 51.14706249294646], [6.144210858349619, 51.1470595230458], [6.144287622001779, 51.14705697336094], [6.1443152740398155, 51.14705172153979], [6.14435759508152, 51.147039803309745], [6.14439522253383, 51.14703094549544], [6.144426163851251, 51.147028931137164], [6.14444906662985, 51.14703157747645], [6.144471180432133, 51.14703750556997], [6.144489509944621, 51.147045895679604], [6.144501982557569, 51.14705580669841], [6.144507636219861, 51.147065218311525], [6.144509649766948, 51.147076609756915], [6.14450371842165, 51.14711661694461], [6.144503654581958, 51.147131312637946], [6.14450796986078, 51.14714618728033], [6.14451677130756, 51.14715950751982], [6.144529419170162, 51.147170286303044], [6.144545244852748, 51.14717800359348], [6.144564604766637, 51.14718267709224], [6.144586886589116, 51.14718426485363], [6.144609597645094, 51.14718260703543], [6.144629551420976, 51.14717789562646], [6.14464775159718, 51.14716869801637], [6.144661734056947, 51.14715485506421], [6.144672091707893, 51.14713672305329], [6.1446850573784415, 51.14710321994374], [6.144698831743658, 51.147073757196765], [6.144714350770279, 51.14705355658405], [6.144732936851875, 51.1470408874607], [6.144743478414033, 51.14703737623745], [6.14475486350807, 51.147035720528805], [6.144779163416368, 51.14703658401665], [6.144811457926236, 51.147045540104976], [6.144833526022143, 51.147053598744016], [6.144855584813912, 51.14706528199401], [6.144875427907951, 51.1470801941581], [6.144892629858699, 51.147098046010136], [6.144906613284017, 51.147118229799844], [6.14493252864786, 51.147179315896736], [6.1449443915032536, 51.14720257801558], [6.144958217225304, 51.1472220743528], [6.1449743076054055, 51.14723824402298], [6.1449927729905784, 51.14725115268334], [6.14502180297993, 51.14726434639557], [6.145093677067373, 51.14728749136998], [6.145122978544769, 51.147299531378934], [6.14514528733435, 51.14731319050628], [6.145163750024305, 51.147329849840176], [6.1451779620953, 51.1473491127317], [6.145187512509818, 51.147370456447426], [6.145197398426874, 51.147416012948256], [6.145203036057878, 51.14743240397891], [6.145213657542639, 51.14744798130264], [6.1452292407012346, 51.14745939836823], [6.145254104662056, 51.14746803791162], [6.145280717839179, 51.14747011810568], [6.145297654698805, 51.14746771647321], [6.145340702585834, 51.147457461659904], [6.145357309094275, 51.14745739955236], [6.145372989439824, 51.14746145235785], [6.145387700789982, 51.14746961903057], [6.145401430532681, 51.14748187227883], [6.145414163837361, 51.14749822073537], [6.145425778850499, 51.14751855348854], [6.145445375358388, 51.14757058942293], [6.145451565455453, 51.14759749068436], [6.145452467221886, 51.14761809245646], [6.145448204185937, 51.1476352580536], [6.14543848924501, 51.14764970003459], [6.145419706812735, 51.1476646221298], [6.145367559455535, 51.147695792136446], [6.145350063047536, 51.14771003505465], [6.145323306360072, 51.14774617861309], [6.145310211137099, 51.14775862216039], [6.145288974443601, 51.14776951765067], [6.145254547790278, 51.14778026186149], [6.145209273462621, 51.147793682344926], [6.145183160971838, 51.14780641955187], [6.1451688822089805, 51.147818807190184], [6.145133320073596, 51.14785952077114], [6.145083482161179, 51.14789080103377], [6.145066291822015, 51.1479063376211], [6.145057391014152, 51.147921950773075], [6.145053690223506, 51.14793904014436], [6.14505590271978, 51.14795416022044], [6.1450636274577395, 51.1479647737092], [6.145070686791077, 51.14796856199709], [6.145079891160149, 51.14797072967786], [6.145105229220195, 51.14797030523444], [6.145137437123524, 51.14796446291899], [6.145202193798519, 51.14794841519035], [6.145308327165237, 51.147926488172175], [6.14533306241512, 51.1479191500633], [6.145353561385533, 51.14791047621244], [6.1453699320712865, 51.14790080206134], [6.145383954207478, 51.14788955944531], [6.14539520580528, 51.14787709784408], [6.145403428044481, 51.147863671781565], [6.145416815809633, 51.14782819108968], [6.145427576767995, 51.147815105866044], [6.145442044174773, 51.14780962169655], [6.145463541671132, 51.1478081679306], [6.1455590562063485, 51.147817633487115], [6.145586408624492, 51.147818166596004], [6.145610655706126, 51.14781618630927], [6.145631178464867, 51.14781175846342], [6.145647630323771, 51.147804937558746], [6.145665167716152, 51.147790956442215], [6.145693243086265, 51.14775429633927], [6.145708873163273, 51.14773924324645], [6.145732956200376, 51.147725556896326], [6.145763358712132, 51.14771582960641], [6.145796681098617, 51.14771115664817], [6.145828825481307, 51.147712130532994], [6.145847116624477, 51.14771559042242], [6.145864726576267, 51.14772128233489], [6.145881586162064, 51.14772916860286], [6.145897569091398, 51.147739210163984], [6.1459263921903196, 51.14776549479466], [6.145949151749998, 51.14779826939474], [6.145973763177877, 51.147848304959766], [6.145984068629564, 51.14786205757411], [6.1459965484670995, 51.14787371356481], [6.14604627507625, 51.14790701174013], [6.146055565293732, 51.147916593026196], [6.1460595889364855, 51.14792577586874], [6.1460589992208225, 51.14793417146017], [6.146054716397892, 51.14794308850591], [6.146046926360435, 51.14795206382342], [6.146036150624185, 51.14796052549512], [6.146008694103596, 51.14797372477079], [6.145993544344125, 51.147977753204685], [6.145978301804861, 51.147979809544076], [6.145961867562286, 51.147979857958944], [6.145943357431911, 51.14797785886785], [6.145866617962417, 51.14796261883883], [6.145849594827727, 51.1479629406854], [6.145836777801398, 51.14796740384085], [6.1458261570353585, 51.14797752429243], [6.145819705080832, 51.14799169519774], [6.145819693243848, 51.14800833499956], [6.145827646571439, 51.14802474656897], [6.1458433862335005, 51.14804058374072], [6.145866403454341, 51.148055285413776], [6.145896476563418, 51.14806850437412], [6.1459311250209545, 51.148078956770256], [6.145967638991725, 51.14808582986975], [6.146002936692307, 51.14808854471602], [6.146038719664953, 51.14808687302086], [6.146092948617833, 51.1480794364411], [6.14612948097157, 51.14807535446334], [6.146160787687376, 51.14807414908584], [6.1461889755437165, 51.14807574583044], [6.146214427860803, 51.148080190037625], [6.146241009148831, 51.14808881733061], [6.1462650308444, 51.148100917014474], [6.1462839810659515, 51.148115249460275], [6.146296043849799, 51.14813042113419], [6.1463008637661725, 51.14814755668492], [6.146297649363933, 51.148166735729845], [6.146286052702425, 51.148189424894156], [6.146248135602132, 51.14824189127187], [6.146234246241257, 51.14826604454463], [6.146227306218971, 51.148291599766246], [6.146230895208834, 51.14831477664746], [6.146239274712057, 51.14832961553544], [6.1462516577296995, 51.148342843194925], [6.146266457447778, 51.148352828827704], [6.1462824803649765, 51.14835875176286], [6.146294277966319, 51.14836038002405], [6.1463069971462545, 51.14836005196453], [6.146334896494339, 51.14835358242828], [6.146365224334412, 51.14833950874447], [6.146395259202701, 51.148319059692945], [6.146438546945825, 51.14828291475223], [6.146452500977038, 51.148275322171614], [6.146466561709287, 51.148271330051436], [6.146486710539375, 51.14827087755139], [6.146510377557969, 51.148275287099175], [6.146536472154234, 51.148284388151374], [6.146562389977991, 51.14829728062083], [6.146590388028904, 51.148316322238806], [6.146641748366521, 51.14835931128778], [6.146668402079678, 51.14837534283949], [6.146696337688391, 51.14838543323807], [6.146731314475637, 51.14839288919796], [6.146773877685252, 51.14839791291119], [6.14682997589482, 51.14840120725487], [6.146908343772167, 51.1484035161197], [6.1469885025722215, 51.148403916812505], [6.14717295645444, 51.14839897495534], [6.147227203243572, 51.14839843717239], [6.147247026174648, 51.14840048609073], [6.14726444045399, 51.148404257153274], [6.147312021410368, 51.148422058604325], [6.147333103943675, 51.14842663876242], [6.147357344806573, 51.14842545848217], [6.1474166921061295, 51.148411787001855], [6.147443093620886, 51.14840942717338], [6.147461928710893, 51.14841218950553], [6.1474806978759196, 51.14841903379238], [6.147498714742129, 51.14842972741064], [6.14751465450648, 51.148443491471994], [6.147527100419703, 51.14845895119845], [6.14753703667798, 51.148477075048746], [6.147557056171007, 51.14853806159412], [6.147566104472837, 51.14855806163922], [6.147580284448081, 51.14857624408326], [6.147599448734075, 51.148589897941235], [6.147616230163466, 51.14859720638814], [6.147636008893139, 51.14860298693637], [6.147657590584582, 51.14860689562416], [6.147679532611219, 51.14860867237757], [6.147707742066161, 51.1486076068658], [6.147735370858814, 51.148602740433226], [6.147761899946006, 51.14859414136521], [6.147786730025155, 51.14858201990326], [6.147809273858476, 51.14856662256223], [6.147828786460126, 51.14854843486301], [6.147844646927519, 51.14852801731187], [6.14785641721983, 51.14850597985078], [6.147875876566775, 51.14845689425681], [6.147885922338102, 51.14844612097123], [6.147899079989485, 51.1484403077133], [6.147911582301093, 51.14843885885133], [6.14792709582903, 51.148439597210256], [6.147964853851425, 51.14844740849661], [6.147992224851646, 51.148457152002706], [6.1480171317110015, 51.14846974963571], [6.148040465583747, 51.14848559192305], [6.1480650818625575, 51.14850661043195], [6.148095526372226, 51.148533761581525], [6.1481195252727465, 51.148548792573116], [6.148137890775816, 51.1485559237262], [6.148160526497882, 51.14856175590903], [6.148233930203861, 51.148572910406834], [6.148272923415767, 51.14857994221323], [6.148304011947548, 51.14858900281261], [6.1483441616844186, 51.148604643698995], [6.148366951696113, 51.148609598131266], [6.148380019487175, 51.148609647131366], [6.1483947419972935, 51.14860767673071], [6.148438362769878, 51.148596022592855], [6.148491960273017, 51.14857934998654], [6.148506299174011, 51.1485715416869], [6.148515441493717, 51.14856266216419], [6.148520620262868, 51.148547326730196], [6.1485167666560745, 51.14853120426534], [6.148501786022045, 51.14851533201509], [6.14845002078127, 51.14848467456708], [6.148433680098446, 51.14846929081393], [6.148429401489704, 51.14845727752094], [6.148430441792532, 51.14844342417493], [6.148436744626252, 51.14842841299278], [6.148447787016948, 51.1484135354366], [6.1484709113023985, 51.148394518298], [6.148500937140666, 51.148380229819836], [6.148536935041307, 51.14837113303001], [6.148577685074609, 51.148367530961785], [6.14860541233958, 51.14836825239821], [6.148629488910646, 51.148371358288735], [6.148647645086536, 51.148376550407534], [6.148659193929577, 51.14838360512181], [6.148663976325484, 51.14839116036129], [6.1486650668514615, 51.148401072073945], [6.148655136061152, 51.14845102887541], [6.148657277894143, 51.14846174876977], [6.148662560274508, 51.148472095550304], [6.148670957415251, 51.14848202361423], [6.1486824177401465, 51.14849144175622], [6.148735051406132, 51.14852216525888], [6.148745150419718, 51.14853023696703], [6.148751158516141, 51.1485380919435], [6.148753484838082, 51.14855532845454], [6.148742786863464, 51.14860103007141], [6.1487440951823995, 51.14861251216311], [6.1487484395521825, 51.14862392440703], [6.148765929752253, 51.14864594721648], [6.14879413402288, 51.14866560496172], [6.148830228822261, 51.14868091289694], [6.148868039289641, 51.14868996642735], [6.148907605673261, 51.148693504093565], [6.148945883283506, 51.14869127172919], [6.14898028855646, 51.148683422184405], [6.149004091965622, 51.14867333519377], [6.149025040640798, 51.148659913508666], [6.149042124275007, 51.14864377110532], [6.1490544301848855, 51.14862579418072], [6.149072268810027, 51.148573286880456], [6.149084206913292, 51.148553852844294], [6.149096601412415, 51.148543019818604], [6.1491131703659665, 51.148533367973755], [6.1491335572284775, 51.14852511347694], [6.149157132490373, 51.14851849282093], [6.149183311142362, 51.14851371660021], [6.149210876570793, 51.1485110339715], [6.149238678693667, 51.14851054280653], [6.149265571859341, 51.14851226912905], [6.14931003043592, 51.14852018944459], [6.149405389926437, 51.14854565850636], [6.149430131881988, 51.14854957198727], [6.149452901953258, 51.14855067601583], [6.14949337349867, 51.14854625731777], [6.149542883092769, 51.14853348714482], [6.149590769467356, 51.14851689062116], [6.149633312454977, 51.14849835584126], [6.149670218168249, 51.14847801056323], [6.149701264671482, 51.14845597530484], [6.149723905453874, 51.14843528212316], [6.1497457474437045, 51.1484106118168], [6.149813712855404, 51.14831651237739], [6.149835613308685, 51.14829112390952], [6.149857385762705, 51.148272451309836], [6.149881718061521, 51.148258185540115], [6.149909240819247, 51.14824807213765], [6.149951524342545, 51.14824046839518], [6.149995749812104, 51.148239639980034], [6.150015333833157, 51.14824185350018], [6.150032314940529, 51.148245694537366], [6.1500461428936966, 51.14825104173973], [6.150056482191155, 51.148257769997045], [6.150063005862377, 51.14826515176635], [6.150067666250783, 51.14827445792559], [6.1500766590971105, 51.14832135937274], [6.150086752950642, 51.148340422283056], [6.150106114143077, 51.148354836075306], [6.150149750464075, 51.14837540046896], [6.15017085455466, 51.148387059416585], [6.1501912567363854, 51.14840105784002], [6.150267820395152, 51.148467677074535], [6.1503102160793235, 51.14849654018897], [6.1503354284554215, 51.14850906381918], [6.150359016153021, 51.14851732035242], [6.150380699669951, 51.14852120403403], [6.15040032303563, 51.14852069307305], [6.150418514416067, 51.14851603664667], [6.150459035297587, 51.14849898135502], [6.1504774126291775, 51.14849362787169], [6.150494497393138, 51.148492308446954], [6.150513883965372, 51.14849424722925], [6.150596282823132, 51.14851631416536], [6.150615786850192, 51.1485195959948], [6.150633270436603, 51.14852039101748], [6.150652576562479, 51.14851829821884], [6.150671544197289, 51.14851311200509], [6.150688893523875, 51.14850517895036], [6.150703212229145, 51.14849513922234], [6.150712348473304, 51.14848542288206], [6.150718957300815, 51.14847448461786], [6.1507229095361575, 51.14846256413613], [6.150724085302437, 51.14844998232156], [6.15071796940431, 51.14842437840627], [6.150710898019325, 51.148412423042174], [6.150701479875619, 51.14840165172575], [6.150683134285704, 51.14838769453607], [6.150655656368316, 51.1483729480415], [6.150616747536161, 51.1483531736913], [6.150596947075981, 51.14833706727898], [6.1505891175075575, 51.148323492377486], [6.150586410168621, 51.14830801856227], [6.1505890325955646, 51.148291919137044], [6.150596754430392, 51.1482768434983], [6.15061632803608, 51.14825834201794], [6.150646515750054, 51.14824280668629], [6.150687543930457, 51.148230045131584], [6.15074232982777, 51.14821913005655], [6.150817805543274, 51.14820640771281], [6.150841101585553, 51.14820059842492], [6.150860868914233, 51.148193803647274], [6.150890226219073, 51.14817921043609], [6.150956708750848, 51.14813814254921], [6.150976118493601, 51.148129027414406], [6.150994975013875, 51.14812262416518], [6.151029350767137, 51.14811640133188], [6.151083539445785, 51.14811262227517], [6.151158639283889, 51.14810692435525], [6.151229588408022, 51.14809849878243], [6.151296055622481, 51.14808738246501], [6.151357809686991, 51.14807361474777], [6.151465975353388, 51.14804465291132], [6.1515334503572126, 51.148032031934314], [6.151585596213967, 51.14802751926607], [6.151629866676984, 51.148028742106966], [6.151648274625114, 51.14803147536385], [6.151664121564483, 51.148035621324034], [6.151677324587834, 51.148041132994905], [6.151687855137233, 51.148048009681375], [6.151699088911145, 51.14806041721532], [6.1517208211465775, 51.14809484761278], [6.151728872055538, 51.14810297708232], [6.151738063476829, 51.1481090745746], [6.1517509761802405, 51.14811419239245], [6.151766866310929, 51.148117637809484], [6.1517849716498265, 51.14811924833528], [6.151803842921616, 51.148118871720406], [6.1518231770490095, 51.14811632068604], [6.151841704298199, 51.148111546300285], [6.151859423560257, 51.14810456652575], [6.151876336492642, 51.148095354419326], [6.151907782878329, 51.148070288142826], [6.151936479109517, 51.1480360072989], [6.151973613394126, 51.147984068725876], [6.151989544302179, 51.14796990361424], [6.152007674163313, 51.14795950686786], [6.152036953409933, 51.14795011936286], [6.152074789304599, 51.14794413344792], [6.152167034145891, 51.14793984206786], [6.152199098290841, 51.14793678264539], [6.152282003374865, 51.14792137109927], [6.152303280243517, 51.14791931705376], [6.152321956750138, 51.14791954724539], [6.152352115310003, 51.14792490530078], [6.152420662388001, 51.1479452572753], [6.152453537064103, 51.14794993492596], [6.152487818817397, 51.147948251665134], [6.152557975714997, 51.147936891726445], [6.1525853791401195, 51.14793427631552], [6.152611870000938, 51.147936261906786], [6.1526321528432195, 51.14794431154038], [6.152642577325889, 51.14795291252516], [6.1526501908002205, 51.14796327093667], [6.152653569486783, 51.14797342723755], [6.152652281745413, 51.147982030712264], [6.152646049735851, 51.14798894866699], [6.152634376152367, 51.14799482559349], [6.152568846131018, 51.14801139825999], [6.152555819193388, 51.14801626179202], [6.152546659461245, 51.14802172323962], [6.152537739877268, 51.14803443121648], [6.152537668465083, 51.148050916637985], [6.152546537251129, 51.14806922091622], [6.152562593755537, 51.148085523607676], [6.1525835214628, 51.1480972677646], [6.152610124120386, 51.1481051025901], [6.152642665284104, 51.148109160426024], [6.152682720523705, 51.14810963256031], [6.152773463188352, 51.14810628451765], [6.1527995664097705, 51.14810829660052], [6.152821353936945, 51.14811304584735], [6.152836219482794, 51.14811873280564], [6.152850895186472, 51.14812657384899], [6.152880064722844, 51.14814892551633], [6.152918823470461, 51.1481864778367], [6.152944563853544, 51.14820367298075], [6.152973084375937, 51.148214270819835], [6.153046124147172, 51.14823320277273], [6.153081804163521, 51.148247599818376], [6.153121984860366, 51.14826995879468], [6.153164767385938, 51.148294422913054], [6.153182057133571, 51.14830161701024], [6.15319929065399, 51.14830670499162], [6.153227710675998, 51.148311040056164], [6.153257850290357, 51.14831136941405], [6.153286008424392, 51.14830764789085], [6.153309314766822, 51.148300273297814], [6.153329137575013, 51.14828746204834], [6.153342559281525, 51.1482696827608], [6.153349286467758, 51.14824728807601], [6.153349052977419, 51.14822111700774], [6.153340593570667, 51.14818036317128], [6.153339356160254, 51.148164691369146], [6.153343115754261, 51.14815077829874], [6.153353077909869, 51.1481411088568], [6.153368675527364, 51.14813513854615], [6.153390350087773, 51.1481317357991], [6.153415991410403, 51.14813126297028], [6.153441661689294, 51.14813380404243], [6.153473545936352, 51.14814226201013], [6.153501882040903, 51.14815678588149], [6.1535275234397995, 51.148177450412035], [6.153557678230024, 51.14821005279747], [6.153604651743523, 51.14823357544554], [6.153641367107438, 51.14824950863153], [6.153677880612626, 51.148262216812114], [6.153715082438663, 51.148271874574924], [6.153749929652471, 51.1482779670785], [6.15378002676047, 51.14828014816039], [6.153804691119386, 51.1482783562272], [6.15382370577186, 51.1482726309722], [6.15383691290157, 51.14826344527037], [6.153845773956821, 51.148250753761275], [6.153849535540212, 51.1482356444386], [6.153847822512049, 51.14821956529749], [6.153841102392377, 51.14820351713203], [6.153818520665411, 51.14816474003951], [6.1538168576816, 51.148155282164204], [6.1538204302155215, 51.14814858721238], [6.153833290422019, 51.14814294594168], [6.153855426577771, 51.148140174978884], [6.1538851788973155, 51.14814052172823], [6.153917586455282, 51.14814396431923], [6.153951109043027, 51.14815113084638], [6.153978587492919, 51.14816146920216], [6.153999895505502, 51.14817494033677], [6.154014936995304, 51.14819147895149], [6.154035520457361, 51.14823135865841], [6.154043677920589, 51.14824055192545], [6.154053710857078, 51.14824715543362], [6.154065035938536, 51.14825135286021], [6.1540789049308104, 51.14825418208388], [6.154110891779835, 51.14825516783684], [6.154130333545593, 51.14825249311718], [6.1541488294908175, 51.14824729485709], [6.15416633566975, 51.148239589976264], [6.154182823521696, 51.14822937777971], [6.154198277107088, 51.14821668486365], [6.15421262226466, 51.14820155439589], [6.15423778729091, 51.14816420979739], [6.15424857520853, 51.14813670604727], [6.154248987220176, 51.1481253648567], [6.154246193247743, 51.14811476411616], [6.154232856448081, 51.148095388757184], [6.1541869052289035, 51.148048748072725], [6.1541811286119055, 51.14803665355395], [6.1541830245501465, 51.14802676065264], [6.1541954278600715, 51.14801669185436], [6.154218230191495, 51.14800820746505], [6.154248415982561, 51.14800243933428], [6.15428010723143, 51.14800055755267], [6.154314942259917, 51.14800382527853], [6.154348294844077, 51.148013056317644], [6.154380292954705, 51.148028262781516], [6.154411756959215, 51.148049824430004], [6.154444328966829, 51.14807917541126], [6.154513019151517, 51.148152292125474], [6.154557998962338, 51.1481898604307], [6.154589887658087, 51.14821010116351], [6.154602314030334, 51.14821545867252], [6.15461238995252, 51.14821764681583], [6.1546198560959136, 51.148216929119464], [6.154626276441109, 51.14821368545551], [6.154636219806529, 51.14819943718281], [6.154642244658578, 51.148177987755524], [6.154650668781545, 51.14812591605954], [6.154657960934899, 51.14810083667008], [6.1546705084141635, 51.14807285403121], [6.154697563883408, 51.14804405528388], [6.1547684083918615, 51.147996183572545], [6.15478320102139, 51.147982143285226], [6.1547930527128525, 51.14796752398808], [6.15481101236342, 51.14790689666078], [6.154819427038806, 51.14789587620907], [6.154831375960861, 51.147890167672635], [6.154853527071804, 51.14788947464536], [6.154891425546808, 51.1478954791846], [6.154901431887269, 51.147899959240014], [6.154914710673891, 51.147909358065775], [6.154921058274053, 51.147922401887705], [6.154919992779384, 51.147938323427084], [6.154911629861884, 51.14795477790148], [6.1549001952347, 51.147967002082154], [6.154870603191997, 51.14799147567276], [6.15486034800206, 51.14800428622798], [6.154855590176669, 51.14801885863491], [6.15485639862191, 51.148034537963696], [6.15486259524455, 51.14804887333979], [6.154873393758568, 51.148060001722676], [6.154890598215582, 51.14806811993604], [6.154914671804947, 51.148072672590814], [6.154945125628823, 51.14807393560984], [6.154994912946099, 51.14807242218176], [6.155070943698243, 51.14807273483265], [6.15510314558989, 51.148075569447904], [6.155133555812288, 51.14808033026672], [6.155169784891041, 51.148089298284724], [6.155199373141292, 51.14810091097467], [6.155232272340723, 51.14811890948024], [6.155249467929659, 51.14812601103113], [6.155277046892295, 51.14813123358221], [6.1553095173249215, 51.148131331314815], [6.155366123545534, 51.14812404724232], [6.1553909483625855, 51.14812313135947], [6.15542019235491, 51.14812732404077], [6.155446333023595, 51.14813686494542], [6.155465302448914, 51.14815023391858], [6.155475405160587, 51.148166166429945], [6.155476979007457, 51.14817847340618], [6.155474223512298, 51.148190719987674], [6.155467709599661, 51.14820059945554], [6.155458400569593, 51.14820663315137], [6.155447417466716, 51.148208497568376], [6.155433075559515, 51.148207078149], [6.155382599412087, 51.14819235768618], [6.155351924270455, 51.14818492807546], [6.155323365385019, 51.148181453633384], [6.155296525694935, 51.148181879724156], [6.155271119058067, 51.14818620837897], [6.155243095015349, 51.14819612194675], [6.155218712216521, 51.14821030663876], [6.155201323735441, 51.148226793297425], [6.1551927096503025, 51.14824384431748], [6.155192620545924, 51.14825877323082], [6.155199022030228, 51.148274894510216], [6.155211897068401, 51.14829225271307], [6.15523152398083, 51.14831120540197], [6.155304590805753, 51.14836504474033], [6.155329270643602, 51.148386476990005], [6.155335806467971, 51.1483959994743], [6.155339028966438, 51.14840545030915], [6.15533791914846, 51.148437435175914], [6.155343455579778, 51.148449487809366], [6.155352120592203, 51.14845485262963], [6.155365186341595, 51.14845888541834], [6.155381994413262, 51.14846136327258], [6.155400661140693, 51.14846198849524], [6.1554306484394745, 51.148458751711686], [6.155459857346565, 51.14845003623716], [6.155487745447459, 51.148436755317675], [6.155533399937713, 51.148409677283134], [6.1555684118298934, 51.14838869042678], [6.155586150215063, 51.14837186143957], [6.155593557274192, 51.148358621722124], [6.155605644045526, 51.148324637354065], [6.155612694750004, 51.14831114610791], [6.1556243320740975, 51.14830004212563], [6.155640190185761, 51.14829448261147], [6.155658194998582, 51.14829377846921], [6.1556781833313465, 51.14829663050027], [6.155695167592226, 51.148302287700936], [6.155705982014271, 51.14830967462659], [6.155709431018348, 51.148315677026254], [6.155710092306568, 51.14832305971882], [6.155701867959803, 51.1483591169114], [6.15570436696864, 51.14836777659077], [6.155710415974847, 51.14837661260922], [6.155734856453132, 51.148396824671806], [6.155766235546455, 51.14841722357344], [6.155799813073273, 51.14843629079331], [6.155835672499044, 51.14845406433917], [6.155873883562325, 51.14847057288984], [6.155914487443002, 51.14848584442901], [6.155957679630191, 51.14849995566823], [6.156052557631294, 51.148524939832456], [6.156095141847939, 51.148533126756995], [6.1561297673544635, 51.14853562429515], [6.156155706968555, 51.148534024798224], [6.15617952549414, 51.14852947741578], [6.156199253881261, 51.148522374975244], [6.1562140143823685, 51.14851303791741], [6.156224612105297, 51.14850000172046], [6.156229298492431, 51.148484492082616], [6.156227531931576, 51.14846833972455], [6.1562195225569685, 51.148453708469006], [6.156204509791025, 51.148440408910616], [6.156164508051704, 51.14841511412146], [6.156152196817061, 51.1484034633442], [6.156145244607654, 51.14838908267201], [6.1561446418755414, 51.14837284170067], [6.156150460448458, 51.1483565950711], [6.156161992239511, 51.14834232236005], [6.156178592691509, 51.14833097030751], [6.156200184967177, 51.14832239312774], [6.15622566995672, 51.14831702280074], [6.156253365868557, 51.14831523215643], [6.156279659521212, 51.14831694227499], [6.156303627826785, 51.14832181588578], [6.156323323459901, 51.148329427835975], [6.156337754693378, 51.14833939421331], [6.156345817409007, 51.14834920563919], [6.156360852895037, 51.14837445958988], [6.156372219866899, 51.14838518790799], [6.156386975728362, 51.14839196908514], [6.1564247973784365, 51.14840272041412], [6.156439459702043, 51.148408464926796], [6.156450838176578, 51.148416216295786], [6.156459844770041, 51.148426725274525], [6.156473938204776, 51.14846055515185], [6.156487880236145, 51.14849707973122], [6.156503902181865, 51.14852559572695], [6.156524310371056, 51.14855022481969], [6.156550061744248, 51.148571916734745], [6.156569137553747, 51.148584028864235], [6.156587625273475, 51.148592681741746], [6.156605609470068, 51.14859789541426], [6.156623046749215, 51.148599677820954], [6.156671620260265, 51.14859512094451], [6.156695942203559, 51.14859750257048], [6.1567259617821, 51.148605833327146], [6.15677331503763, 51.148623445456856], [6.156894822052067, 51.14867446855267], [6.156934184322572, 51.14868761378171], [6.156972078691004, 51.14869718840295], [6.157000518354321, 51.148702143650624], [6.15702589491303, 51.14870435297888], [6.157048777878195, 51.1487038572267], [6.157069282032605, 51.14870065019298], [6.157089955480588, 51.1486937594777], [6.157107587344665, 51.14868377258166], [6.157120486828435, 51.14867167376666], [6.15712772822622, 51.14865833098534], [6.1571292433022435, 51.148644156331656], [6.157125740027269, 51.14862740408], [6.157098553900399, 51.1485711290438], [6.157093044599427, 51.14855374334552], [6.157093145173916, 51.148545362802054], [6.157095982478871, 51.14853852394556], [6.157101609291208, 51.148533066156375], [6.157110130535334, 51.14852891103467], [6.1571361194988725, 51.14852418239136], [6.157164426921832, 51.1485252397111], [6.157175962605095, 51.14852811075096], [6.157185808924045, 51.14853264068261], [6.157200902399932, 51.148546958467655], [6.1572097599589375, 51.14856524411153], [6.157227279297763, 51.148622444302525], [6.157236753007156, 51.148637686758434], [6.157249174474386, 51.148649178196045], [6.1572734791718124, 51.14866067983033], [6.157304962084998, 51.14866707620625], [6.157336534196315, 51.14866783511397], [6.1573980954995955, 51.14866300017899], [6.157423571833244, 51.14866242351419], [6.157455053636027, 51.14866558175794], [6.157484701818331, 51.148673210699144], [6.15751084144306, 51.148684873840295], [6.157532318802333, 51.148700030431606], [6.15754888728259, 51.14871873744027], [6.157558517217311, 51.148738651877736], [6.157559768479986, 51.148756680549816], [6.157552566409335, 51.14877101372186], [6.157543017632808, 51.14877839094493], [6.157528650867499, 51.14878504835233], [6.157459794391184, 51.14880619307671], [6.157431850199501, 51.14881899638446], [6.15740950265584, 51.148834508266305], [6.157394725538252, 51.14885132859627], [6.157388547354288, 51.14886831309108], [6.157390020680179, 51.14888226360712], [6.1573972532595596, 51.14889720868598], [6.157410342216317, 51.14891342952209], [6.157430203815117, 51.148932072725934], [6.157455042713366, 51.14895140364035], [6.157478025570472, 51.148964869887706], [6.157500671760845, 51.148973344921274], [6.1575232635523705, 51.14897688957389], [6.157538568548668, 51.14897660518873], [6.157554782592564, 51.14897432811413], [6.1575875233376545, 51.14896422288495], [6.157615533660749, 51.148949181486955], [6.1576789845546305, 51.148905472621855], [6.157700076731595, 51.148896190417496], [6.157721618409027, 51.148891227564995], [6.1577485624821495, 51.148890272769115], [6.157777358685766, 51.14889385132429], [6.157806315837615, 51.14890248876425], [6.157833929566999, 51.14891646331767], [6.1578561111716335, 51.148931798875964], [6.1579162870074535, 51.14897905381143], [6.157949612382111, 51.14899898674732], [6.157985348553443, 51.14901459791431], [6.15802222700088, 51.14902535276594], [6.158059376742111, 51.1490309962625], [6.158103161497842, 51.14903153023182], [6.158160825010838, 51.14902636625484], [6.158225953479013, 51.14901748008937], [6.158276515540355, 51.14900733126544], [6.158327051311431, 51.148991560141994], [6.158370713684109, 51.1489703510351], [6.158399480524932, 51.14895369981796], [6.158417804059686, 51.14894781310067], [6.158431112472015, 51.14894813666358], [6.158446106842479, 51.14895244085908], [6.15850224354777, 51.14898096043005], [6.158528061415929, 51.14899018696898], [6.158554225491496, 51.14899517645767], [6.158579308447631, 51.14899565134094], [6.1586023096130855, 51.14899160528138], [6.158618480327669, 51.14898537836734], [6.158632302193939, 51.14897688167172], [6.158642391479796, 51.148966990012504], [6.158647927424318, 51.14895649295324], [6.158647764691781, 51.1489388955179], [6.158634007590054, 51.14889863394759], [6.158634223991988, 51.148889527657076], [6.1586376676638395, 51.148881893990584], [6.1586526405637745, 51.14887002530846], [6.158679036683765, 51.1488593697698], [6.158713087352772, 51.14885167964716], [6.158747865747273, 51.14884936799985], [6.158782124053629, 51.14885249443948], [6.158814808920254, 51.14886097939243], [6.158835744268895, 51.14887030304352], [6.158846314300314, 51.14887981545656], [6.15884770179385, 51.14888655917248], [6.158844967641197, 51.14889451590975], [6.158821049318126, 51.14892442624044], [6.158815074128641, 51.14893648668851], [6.158815253240143, 51.14894544069049], [6.158819657746192, 51.14895521697847], [6.158848111276223, 51.148988577122736], [6.158858016040666, 51.149006123548], [6.1588719767829705, 51.14905122015102], [6.158882703010457, 51.14907122408485], [6.158896761755055, 51.149086101140995], [6.158915212586582, 51.14909908815439], [6.158936311550719, 51.14910900940825], [6.15895860013933, 51.149115163845806], [6.158975533451895, 51.14911723946521], [6.1589949019340775, 51.14911762032466], [6.159065174314399, 51.14911252853328], [6.159092932777294, 51.14911228580752], [6.159118246905283, 51.14911505082703], [6.159147271639901, 51.149121198063725], [6.159206787240701, 51.14913639743473], [6.159243095079853, 51.14914085078872], [6.159272043026233, 51.1491391708083], [6.159307364899523, 51.14913267171472], [6.159353852319022, 51.14912227048227], [6.159383064305504, 51.149119085795725], [6.159407192625645, 51.149120202900484], [6.159461700207364, 51.149127068337], [6.159497653181264, 51.14912798709622], [6.159533325623881, 51.149124626582285], [6.1595662866372445, 51.14911721554561], [6.159594534748189, 51.14910620904627], [6.1596495098876, 51.149071476648395], [6.159675838762131, 51.14905935312844], [6.159693313917197, 51.14905447098143], [6.159711091658824, 51.149051646958405], [6.159727468806174, 51.14905113649183], [6.1597415567248195, 51.14905297195498], [6.159752941377395, 51.14905690942695], [6.159763857403147, 51.14906335400302], [6.1597966285040044, 51.14909278924175], [6.159811761954774, 51.14910321298107], [6.159828032739636, 51.14911002153552], [6.159847029967591, 51.14911435086425], [6.159867766210021, 51.14911597908957], [6.159888975554862, 51.14911479449726], [6.159952923059376, 51.14910184908343], [6.159968305753065, 51.14910076574645], [6.159981824853136, 51.149102083659784], [6.159998991729143, 51.14910780762644], [6.160014609822224, 51.14911755952437], [6.1600258418257114, 51.1491295704278], [6.160030553559938, 51.14914156680904], [6.160029333579504, 51.14915025295047], [6.160023907023599, 51.149159439516175], [6.159993557719653, 51.14918835731518], [6.159978709269474, 51.149205886805966], [6.159970453851778, 51.14922247915807], [6.15996928164794, 51.14923713888667], [6.159975186173026, 51.14924950604959], [6.159984904488792, 51.14925775640284], [6.159999008598803, 51.14926491704193], [6.160016403521462, 51.14927042168126], [6.160035294024344, 51.149273696014866], [6.160058711906897, 51.14927427403347], [6.160082176404639, 51.14927106644565], [6.160105110262338, 51.14926415816596], [6.160126697823248, 51.149253790219866], [6.160171250625731, 51.14922389529026], [6.1601828406156605, 51.14921820447248], [6.160193731316546, 51.14921505113425], [6.160209379775176, 51.14921429802889], [6.1602280264779745, 51.1492173505369], [6.160295508677354, 51.14923975871616], [6.160322462449918, 51.149246332056045], [6.160343959260948, 51.14924861729302], [6.160390050148085, 51.14925025880307], [6.160408231355621, 51.14925250844611], [6.160428858463574, 51.14925801059988], [6.160472702615721, 51.14927388094495], [6.160491212754332, 51.14927845917774], [6.160506487693943, 51.14928006254231], [6.160522990063032, 51.14927984283354], [6.160561225890584, 51.14927386388556], [6.1606150735815595, 51.14926004311758], [6.160639049708043, 51.14925548966037], [6.16066007990545, 51.14925489422023], [6.160675510088765, 51.149259325644], [6.160688364651645, 51.14927146584521], [6.160695629322268, 51.149289865422084], [6.160695695382174, 51.1493062552199], [6.1606898947505275, 51.149322466518775], [6.160678156514412, 51.14933872246063], [6.160660120799343, 51.14935552699435], [6.160624568959556, 51.149382537632576], [6.1606096929743215, 51.14939679249197], [6.1606014854837055, 51.149411443213616], [6.160601781082625, 51.1494257248528], [6.160611324648842, 51.1494412475526], [6.160626167290994, 51.149451754064664], [6.1606407106634995, 51.14945362746638], [6.16065772843526, 51.14944850919796], [6.160716254651201, 51.14941090334135], [6.160738880447993, 51.14939946316133], [6.160753854985981, 51.149394780952676], [6.1607709952438015, 51.14939162647005], [6.160834590442006, 51.149386749180394], [6.160871493283617, 51.14937895681548], [6.160907371243265, 51.14936479833829], [6.16094095110094, 51.1493447465206], [6.160970125734945, 51.14932004540565], [6.160987168392377, 51.14929868341612], [6.1609928614548455, 51.149279564229104], [6.160990917284574, 51.14926627692784], [6.1609796292515995, 51.149231418431604], [6.160979543237876, 51.14922187305357], [6.160982617549419, 51.14921396051078], [6.16098892866392, 51.14920713398907], [6.16099897935688, 51.149200425287354], [6.1610325411577636, 51.149186021625134], [6.161089681908417, 51.14916700978388], [6.161239550626738, 51.14912281659384], [6.1613492109489805, 51.149083655060124], [6.161407989216776, 51.14906685053891], [6.161457327827537, 51.149057983842916], [6.161506558663993, 51.149054133504755], [6.161600471195594, 51.14905554177025], [6.161638036722932, 51.149053953555615], [6.161675982176885, 51.149048273010365], [6.16174944389203, 51.14903222066501], [6.161807428598867, 51.14902135110918], [6.16183798765453, 51.149013224499456], [6.161867596469259, 51.14900077538063], [6.161900759674961, 51.14898167559799], [6.161951354703586, 51.148949075429265], [6.161982040392063, 51.14893212813931], [6.162020647682252, 51.148916128740545], [6.162066255250427, 51.14890234108415], [6.162128735630451, 51.14888881918502], [6.162268618712754, 51.14886515978899], [6.162324750994207, 51.148852545020105], [6.162359909605941, 51.148841471779846], [6.1623846944321565, 51.14882909429714], [6.162420137015866, 51.14880034452007], [6.162437438273141, 51.148790366791296], [6.162453295118611, 51.14878528304145], [6.162477418085915, 51.14878042695818], [6.162517428712602, 51.14877767455702], [6.162556349782912, 51.14877706339293], [6.162644624150225, 51.14878108629577], [6.1627019474808, 51.148778655181694], [6.162763205005666, 51.148770140243904], [6.162819739524935, 51.14875795775041], [6.162978830698118, 51.14871770100146], [6.163031171886048, 51.14870813299241], [6.163089604002735, 51.14870021490424], [6.163245963035823, 51.14868676738461], [6.16329974977438, 51.148690231558405], [6.16333745855544, 51.14869562609707], [6.163362741280644, 51.14870193331183], [6.163389161442603, 51.14871091254324], [6.163454808197482, 51.14874040707307], [6.163439488858099, 51.14885188329675], [6.163241601590413, 51.15027778158511], [6.163032158290072, 51.15179621427066], [6.163029790174225, 51.1518133634804], [6.163006109407072, 51.15198508044858], [6.162972633295248, 51.152220628255996], [6.1628978431287464, 51.152491295567394], [6.162848446392855, 51.15267024056742], [6.164351336730327, 51.152874875295915], [6.164460019383926, 51.15288999652393], [6.1666563490070425, 51.15395114943995], [6.1672748655262595, 51.154241493085784], [6.1673028692277985, 51.154251301294856], [6.170112853933725, 51.15523513579625], [6.1708949018313115, 51.155676237814774], [6.173695245798712, 51.157255921396185], [6.175420835221276, 51.15846322381715], [6.173605307351419, 51.15918144823073], [6.170911884922777, 51.160251495429975], [6.1707177476248445, 51.16032907895171], [6.16753314843322, 51.161594826361494], [6.16659958218812, 51.1619656057459], [6.164325612033745, 51.16289018057154], [6.16426422392931, 51.16291544123977], [6.161136475765752, 51.16418901598556], [6.15946332226127, 51.164869969767], [6.158251262045155, 51.16536331178652], [6.156104017715001, 51.16623721982986], [6.155679982507019, 51.166409466098244], [6.154662054705877, 51.16683509748554], [6.154596382590436, 51.166862146730445], [6.153302864224064, 51.167403177459974], [6.151975062783645, 51.16795863164944], [6.151805158397442, 51.16802985775655], [6.15072575951509, 51.16848159798825], [6.149280823179355, 51.16908570592274], [6.149225668093214, 51.169109149984926], [6.149206568242892, 51.16911726504335], [6.148127110552345, 51.16956448288295], [6.146486684174598, 51.1702438213205], [6.145889567067793, 51.17049044729154], [6.142358167120633, 51.17195189379549], [6.141979732776258, 51.17210876365209], [6.139762016059352, 51.17296672905494], [6.138837149578728, 51.17332450542863], [6.138800573638211, 51.17333865820269], [6.138835594276608, 51.173349616335265], [6.142365893402482, 51.17444715432533], [6.143190334538221, 51.1747032250695], [6.146967701248352, 51.17587784290034], [6.15102869254752, 51.17714094715283], [6.155905908307159, 51.17865991258757], [6.158790572237616, 51.17955308847217], [6.158900801279727, 51.179587095540384], [6.159828980055597, 51.17987398201659], [6.160365973720942, 51.180039952823044], [6.161483494295354, 51.18038533846744], [6.162689573646382, 51.18075789064971], [6.162729120216149, 51.180755149461746], [6.158488267688392, 51.17933641893905], [6.158440881930133, 51.17860337134938], [6.159513191734007, 51.17769479279564], [6.164225014097759, 51.17784815413406], [6.165589032094636, 51.17669016662469], [6.1679428449183, 51.176362539020104], [6.167536924612196, 51.17575689488132], [6.168452818609245, 51.174754608168094], [6.173159848823954, 51.17401459467939], [6.172258902276637, 51.172986769339126], [6.1730079751010365, 51.17164808998762], [6.1753087249463015, 51.172190945700216], [6.176708272048002, 51.171642528273956], [6.176840247477961, 51.169509979375164], [6.175433381296372, 51.168119896715396], [6.17794780352045, 51.16596610795625], [6.170650969543028, 51.16347457472549], [6.170534557208766, 51.16231164877663], [6.173125148518349, 51.1596010335003], [6.179627487299813, 51.160885625781475], [6.1828931465701285, 51.16028569656673], [6.191219484987818, 51.15651396276233], [6.193883765634612, 51.15615805017097], [6.196751339794869, 51.15307083354861], [6.1993331376405045, 51.153580181696825], [6.202639100846796, 51.15254700981441], [6.208618221349566, 51.15323947013247], [6.211474492102013, 51.15261640652515], [6.218924838658726, 51.147416124326], [6.222118082412141, 51.14429175504425], [6.222064429111927, 51.14207468243425], [6.2284889204326594, 51.13743863582146], [6.230613124338234, 51.13248636275098], [6.229357072442665, 51.13051500050039], [6.22996330903516, 51.12540844978922], [6.225139523782109, 51.122870709773814], [6.223879197194411, 51.119954911233656], [6.222698486824482, 51.1030756512146], [6.219860993059823, 51.096934482337645], [6.232836480507624, 51.09945068088953], [6.236035390702891, 51.095139711010596], [6.239789885547051, 51.092341102289055], [6.239996148574358, 51.09127367750997], [6.259271702105978, 51.09176588809078], [6.263705575523766, 51.089355206507804], [6.266584213597685, 51.08908191039538], [6.270827533315645, 51.09040587486904], [6.280130130723651, 51.0877697625118], [6.284431373075369, 51.08469173747366], [6.288526685132014, 51.07952479524684], [6.291758948314606, 51.078084946808936], [6.291698610760855, 51.07523088083972], [6.296135357770835, 51.07377924282122], [6.296966614890118, 51.07134972680683], [6.302582547943874, 51.06998321700348], [6.315536311981355, 51.068793514640376], [6.318808445135227, 51.06440991465119], [6.319000269443046, 51.06152849862829], [6.318568890840194, 51.06035597073731], [6.316115646044196, 51.06062939359699], [6.314783142226332, 51.05764540892186], [6.321084411308685, 51.056854642442744], [6.3271418719859716, 51.05753135828067], [6.3310456269454045, 51.052958916584615], [6.33063580241685, 51.048905476851395], [6.3328260101306135, 51.04745878514764], [6.332856654015678, 51.04583153711276], [6.338806473523677, 51.045267666480726], [6.3418300903697755, 51.04615235254881], [6.345252902016822, 51.04550207731026], [6.357453783191608, 51.04102316684256], [6.379055976905145, 51.041134758708544], [6.3895337497793125, 51.04258342257806], [6.3966003544503485, 51.04191241147531], [6.402703195483421, 51.04029146836821], [6.411793683782532, 51.041203580008236], [6.428361618340268, 51.03631703411241], [6.429326013746081, 51.03537986112908], [6.429323492617555, 51.0310997156486], [6.439986293012554, 51.030805369669274], [6.4437291768525675, 51.0289423976788], [6.445493869678715, 51.025672665491825], [6.450885044679787, 51.0248685265817], [6.452773276738848, 51.02331405997784], [6.449461400290305, 51.021993104885105], [6.446753342102726, 51.021870119488895], [6.445560161859777, 51.020941055210365], [6.444933828218335, 51.019292612137484], [6.447912994210266, 51.0176187349417], [6.447910083217703, 51.01463668826138], [6.449539200592386, 51.0125037475241], [6.447643154836242, 51.01058088408077], [6.447062167144765, 51.006475129592005], [6.445716238795592, 51.00455763436491], [6.441328385133842, 51.00276961307984], [6.445901665680768, 51.0037863767422], [6.4480814980904775, 51.003210256199516], [6.449026526867843, 51.00039100769016], [6.450956145069077, 50.998118321639815], [6.454219020144098, 50.99655579052724], [6.455129188505147, 50.99434200308329], [6.457511566424042, 50.99404774104838], [6.459547733578413, 50.99276332378461], [6.458722487050118, 50.990536071062046], [6.455099565575215, 50.98803584864558], [6.454904256845218, 50.985248700283144], [6.453795299667693, 50.986074015899284], [6.449558577691972, 50.98647568718018], [6.442442531807208, 50.98218642865686], [6.435327961780466, 50.981260364458656], [6.425659340767624, 50.981296051879156], [6.418343707155791, 50.978544910736055], [6.415900940674655, 50.97448161927019], [6.409904334044609, 50.97258817920105], [6.395322206532822, 50.97049074293528], [6.389511915086424, 50.97079418559438], [6.38342723417597, 50.972882650368255], [6.379830066671984, 50.9689403254109], [6.374062946033287, 50.96780922914664], [6.373438982152011, 50.96369085273966], [6.370675144922588, 50.96178547759933], [6.366614868297605, 50.961571211223195], [6.3599873255997155, 50.95821767408849], [6.354353118623126, 50.95701830221576], [6.346302666977371, 50.956811915167634], [6.349105901498216, 50.956012140648596], [6.3498665191635695, 50.954695885806345], [6.353579290409432, 50.953208469385956], [6.355083763166349, 50.95179258941165], [6.362419773017532, 50.94934026368545], [6.362576737366446, 50.947714022697674], [6.365153429430972, 50.94500569079146], [6.365772579495864, 50.94324407029483], [6.375429011379441, 50.93824022528687], [6.3749083939078695, 50.93719018498532], [6.384941743090222, 50.93598913601688], [6.388926579845144, 50.934594900443734], [6.39268381451497, 50.932155694776064], [6.405481887687299, 50.931914597106235], [6.41636260390354, 50.926746797554834], [6.42153613784049, 50.92582068218319], [6.428680282021997, 50.92196726812096], [6.436433809814304, 50.92331951066052], [6.44095740811232, 50.9252797534243], [6.44525249552088, 50.92466363733738], [6.444599044823283, 50.92354077663379], [6.447932747382939, 50.92106771384597], [6.451651341186551, 50.9191312820257], [6.453772486622724, 50.919034808003055], [6.457948908395294, 50.916629792196844], [6.457830218274251, 50.9149937539509], [6.459895737087306, 50.91090717768457], [6.463849814572074, 50.90710298992518], [6.465194915809995, 50.903994294837524], [6.4668262510603505, 50.903823282912334], [6.469064510848562, 50.90062676308797], [6.469802509196485, 50.89848190711389], [6.469300838713805, 50.89779965708627], [6.472198318028113, 50.89369341936753], [6.471387372287706, 50.893098880474234], [6.485027330936538, 50.88552363862929], [6.486936338059476, 50.88411264453208], [6.485719049824887, 50.88375221447832], [6.48672283904295, 50.88296586112255], [6.4877712719439975, 50.88352218284186], [6.488834654550301, 50.88273612793775], [6.490304677095074, 50.88122487403483], [6.48952600727842, 50.88091139181634], [6.489701813767055, 50.87942915034462], [6.491359593537875, 50.878949202796484], [6.492912855386018, 50.8766201683353], [6.4957699227549375, 50.87875585812219], [6.499518269773755, 50.8790557774462], [6.49704571658333, 50.88133041521208], [6.49963981920114, 50.88263564298383], [6.511744856641601, 50.88595293076403], [6.511833352681183, 50.88103565549617], [6.52109547997164, 50.870639062970135], [6.520064824043925, 50.86483660270563], [6.5178302909785835, 50.863156592495244], [6.5173618448582795, 50.86190016257578], [6.521694943962213, 50.85174300560286], [6.520586230541805, 50.84950272451771], [6.517664880415093, 50.84814364488591], [6.5187707483246555, 50.84570639906321], [6.521424479268049, 50.84516442482487], [6.5208531649957635, 50.84251636006186], [6.5261018939176605, 50.83625601344396], [6.526219782269207, 50.83360484915728], [6.528381058217944, 50.833127318401026], [6.529227132839544, 50.82956851100467], [6.534306311458128, 50.82592800781866], [6.535809985596555, 50.823956518420175], [6.539281693416008, 50.822850312149335], [6.5423666281594315, 50.820464762722665], [6.546820604921239, 50.81336976126198], [6.552521444712312, 50.814622668452124], [6.552979663672274, 50.81541048814699], [6.555912595876007, 50.814340194918906], [6.557230219211571, 50.81003407976295], [6.552323077386751, 50.808382643552804], [6.550599836895706, 50.81021234877401], [6.548976909171307, 50.809743577688636], [6.553354130033383, 50.8055698035207], [6.553937034141684, 50.80397636339471], [6.560002703378163, 50.80092251780422], [6.563781371278809, 50.800062326221784], [6.577146851148945, 50.79054807898489], [6.588049391771927, 50.78033748389319], [6.587694229899926, 50.77915267941554], [6.578110069908196, 50.77000444042645], [6.584478651667241, 50.7630693007935], [6.583401516091315, 50.75948849102754], [6.578661399351877, 50.75381172925213], [6.570962353320928, 50.74880662308955], [6.563006585781396, 50.73972430029152], [6.556528031378471, 50.73629394227424], [6.552159402717727, 50.73635612081561], [6.5421357437552965, 50.73409598499351], [6.541605203169751, 50.73247436084114], [6.538364373166352, 50.730401277829195], [6.531894358346715, 50.73043099799489], [6.527717027209548, 50.73279330952868], [6.523977720239545, 50.73185894306727], [6.527633857621484, 50.730034143694446], [6.529271241325359, 50.728282748930525], [6.529616951767572, 50.71974559814999], [6.531347024804077, 50.71647909440703], [6.530689650038774, 50.71469317073764], [6.5334616310823375, 50.711920732574285], [6.531522120071269, 50.71047960907833], [6.5317642286106965, 50.70604705894752], [6.51830906180497, 50.701861867050845], [6.516810228616772, 50.698934032971195], [6.5220210241528385, 50.69727461871446], [6.516296123521477, 50.69488719371234], [6.51308447913104, 50.69216338529745], [6.506256841373184, 50.69158197738278], [6.503995111967582, 50.68890868510973], [6.503626183253721, 50.687362116344694], [6.509090456566494, 50.68051081922591], [6.508504846824341, 50.67830356838994], [6.506792237862941, 50.67734223126932], [6.506857011200837, 50.67657630007375], [6.50973039396801, 50.675542898116255], [6.511163363698618, 50.67300764411792], [6.511406759186701, 50.66943787977696], [6.507060260046455, 50.6649514624936], [6.507483273457879, 50.66355751755886], [6.509227838761291, 50.66285385853761], [6.508415839971935, 50.656989617566495], [6.511559376058984, 50.6547644007105], [6.513002034370832, 50.652196025054664], [6.518716494563368, 50.648511931423855], [6.522480776481831, 50.6437126168009], [6.527885111399793, 50.64045086161515], [6.522807789999247, 50.636645488943316], [6.5195088692830225, 50.63524495813987], [6.518175683567658, 50.63344115622385], [6.517408114646664, 50.629987533504504], [6.520551533823681, 50.627258922890015], [6.5210557608292, 50.62338198308897], [6.519110792838161, 50.622300195034036], [6.513213766028046, 50.62334720873772], [6.512329640813812, 50.6225390318879], [6.511693005544035, 50.62101051807221], [6.514006278150688, 50.61909779933306], [6.513603228293529, 50.61787987198433], [6.510546738487529, 50.613560288238624], [6.5087569737108115, 50.61255475852363], [6.511667415459275, 50.61193876569742], [6.512531666515022, 50.61093728001759], [6.511671883166288, 50.608992117310656], [6.513262721973971, 50.607755416155925], [6.5116744517854706, 50.6051036429037], [6.506043553420643, 50.600965705001784], [6.500072566268147, 50.59825368410785], [6.497078006710397, 50.59780670657681], [6.49276692069811, 50.5949514646118], [6.496183258112108, 50.59370035598942], [6.49551839254591, 50.59268110370137], [6.497970427216939, 50.5902353044633], [6.496187129191662, 50.588413266529095], [6.500899480635578, 50.587938826162095], [6.504217508373949, 50.588681601760996], [6.506193539426925, 50.5880051133619], [6.507180164889074, 50.585611393373085], [6.5055152986248, 50.58310720525329], [6.508313749853216, 50.583895020247084], [6.5120051727164885, 50.58133484849539], [6.514302232508486, 50.58290507395745], [6.521771254958694, 50.5835029594913], [6.525361015508234, 50.579574400158656], [6.53107145102309, 50.57831164420068], [6.532789507657495, 50.57564092803758], [6.534746012353703, 50.57487530201083], [6.539417570846871, 50.57468038984501], [6.540337461774835, 50.57327067052199], [6.539882091016652, 50.571985481787934], [6.54266055108535, 50.571615590130406], [6.5454291246386616, 50.56972259192671], [6.546005634546776, 50.5684170575579], [6.551424295211527, 50.56574160648864], [6.568772112081157, 50.56088152888712], [6.569815567120544, 50.5574814019887], [6.568959035507359, 50.55553954802599], [6.5695673179797796, 50.55444140390035], [6.576365352058913, 50.551282499840745], [6.582740612990446, 50.546078175681274], [6.592578032094011, 50.54719951146301], [6.596769336727535, 50.54615874939547], [6.5970458489009625, 50.54397540948914], [6.5942972735186345, 50.54302908877582], [6.593719944938996, 50.541271325275424], [6.581673759517262, 50.53593304785154], [6.586108245569904, 50.53295317300156], [6.588021939720549, 50.528053073697606], [6.586454807617592, 50.52564271420475], [6.583682137324211, 50.52494646617296], [6.58573499570288, 50.523317986289776], [6.582788678790416, 50.51996159921534], [6.592001013711916, 50.52145236476967], [6.598132920237592, 50.52017142311501], [6.606634701517822, 50.52494201422147], [6.611090940313582, 50.52549017917914], [6.617126845684529, 50.52495034612147], [6.619977726098542, 50.527136453101036], [6.623016418533142, 50.52591377435088], [6.625521610801951, 50.52704329143784], [6.625609854689735, 50.52869375721649], [6.628432659378036, 50.52872088186025], [6.63150639612386, 50.52733081663017], [6.63102010743095, 50.526039984598526], [6.632450201538158, 50.52124873080602], [6.634932553218292, 50.51991356541567], [6.640951359542644, 50.51350677409802], [6.64926991159487, 50.5154836482089], [6.650748185970195, 50.516766517264244], [6.650735667903529, 50.51585645412451], [6.648124214597799, 50.514241244381836], [6.650652109083966, 50.51219521602016], [6.652967917235018, 50.51163193107497], [6.654833320841099, 50.51210827440805], [6.656305283158258, 50.50959175548907], [6.6608395630129404, 50.50806802203874], [6.666386826950674, 50.50758344656863], [6.667616529486261, 50.50481650968476], [6.674357875070575, 50.50430466215169], [6.674902920831522, 50.501753883321], [6.6734109668303425, 50.49949971106066], [6.673454498287432, 50.49754169866179], [6.686002381716536, 50.49979039520461], [6.689284255035053, 50.50130382078028], [6.692133050344432, 50.499222902397506], [6.693263424569698, 50.49654869285886], [6.686451010701676, 50.49134961918203], [6.683974190709255, 50.491166914024205], [6.683676361434996, 50.48866454044924], [6.681221504475988, 50.48834506002157], [6.68055046053624, 50.48799992660009], [6.684219731057046, 50.48840334422812], [6.6882045969811905, 50.485966774876744], [6.687663022597332, 50.484553443749384], [6.688259599279562, 50.48320433002455], [6.685306409109548, 50.47966080163509], [6.687425360095964, 50.47824920671433], [6.702759734132975, 50.47676400481682], [6.703268688859164, 50.47369026206208], [6.702195685014411, 50.47187366931632], [6.7010999854909326, 50.4718740122927], [6.703642319707318, 50.4671103170489], [6.7006360544971, 50.46410514751782], [6.692855157680873, 50.461913003797264], [6.692374474654904, 50.45889525260985], [6.682429559771452, 50.45676047226502], [6.675111234577984, 50.45409721258012], [6.672039228497905, 50.45194842154428], [6.669557903159215, 50.44873534580542], [6.665008317913094, 50.453299969205624], [6.660631864939255, 50.45482761885547], [6.657327601410648, 50.45197674319547], [6.636633781102646, 50.446187249533274], [6.635158371424567, 50.44535026382673], [6.6343892923114485, 50.44333673746562], [6.631054710347008, 50.44114358934187], [6.630028107371698, 50.43692759788335], [6.622036663837279, 50.433586683782046], [6.615881517177837, 50.43261933011377], [6.610647991613643, 50.43028821982224], [6.607653536241006, 50.4281376190954], [6.600093477592547, 50.42522370219781], [6.596252112114135, 50.421705394203855], [6.589019659833538, 50.41870003939364], [6.5863462499914185, 50.41623423117328], [6.575183811914497, 50.412857980644105], [6.572001830693134, 50.411199604841464], [6.5687218800687335, 50.41226102469378], [6.559578170916778, 50.41052294705032], [6.552961178276293, 50.41139891608751], [6.541692968893653, 50.41087566386494], [6.527363775043172, 50.40474991968645], [6.526181838031881, 50.402168732482025], [6.5264704706175065, 50.40361482322745], [6.525787129476746, 50.40439520991018], [6.521749603976556, 50.40717416371143], [6.513741536979764, 50.407424247126755], [6.510113725463282, 50.41272111911736], [6.508521129219399, 50.413770921663364], [6.500311000109535, 50.41436391094608], [6.496437104916092, 50.41318190659709], [6.486204503861876, 50.413479815611915], [6.483960154222705, 50.41413645519437], [6.481170402701963, 50.41651239299541], [6.474718158491441, 50.41991013677417], [6.4671858969297045, 50.41804376650647], [6.460441846622731, 50.4190389984975], [6.447867898672929, 50.41566266885592], [6.444180199133613, 50.416220904664875], [6.4355451366312195, 50.41235368074031], [6.430101006269038, 50.41332546788476], [6.4267194793590985, 50.412788465411104], [6.4241280078028895, 50.413816479703854], [6.414844784599273, 50.41233557846959], [6.408922484040416, 50.41384415409112], [6.4016488587079365, 50.411859259983025], [6.394783194623989, 50.41346418558498], [6.383532127355865, 50.41233206349617], [6.378503422605832, 50.413134208757754], [6.374660052833375, 50.41223081549298], [6.37001438855355, 50.41623940101414], [6.36734013511198, 50.417428450640585], [6.367187714565911, 50.417858485780606], [6.366963016475119, 50.41845877339928], [6.366865616351297, 50.41871895716336], [6.366747189287206, 50.419046497313346], [6.366702317026188, 50.41932289249251], [6.36672384420904, 50.41946118622055], [6.366728169628285, 50.41948904331182], [6.366739619583537, 50.419562568379774], [6.366773613558374, 50.419731449197755], [6.366986371420314, 50.420011735755025], [6.367403399939752, 50.420482793316964], [6.36813316875761, 50.421254738119764], [6.368311995059712, 50.421456058961674], [6.368864123059057, 50.4220308606835], [6.36958892785965, 50.422791592458616], [6.369934654202826, 50.42314972108906], [6.370137831571507, 50.4233964127063], [6.37065774500482, 50.424027632134575], [6.370738919924474, 50.42410918290906], [6.371227493665045, 50.42459878162308], [6.371247662338063, 50.424618766105375], [6.372055396730349, 50.425429291720654], [6.372235886455702, 50.42585516313315], [6.372484689802729, 50.42644219712177], [6.372990609171565, 50.42700405127843], [6.373356531642426, 50.42741042568722], [6.373406410518374, 50.427562752092236], [6.373844246605921, 50.42811455493445], [6.373961865845719, 50.42829884158217], [6.373967883344213, 50.42830893512333], [6.373970949255367, 50.42844894208596], [6.3739149849934975, 50.42869605258152], [6.373859805752397, 50.428970184247575], [6.37393571017934, 50.42933497014488], [6.374090025784591, 50.429681161667595], [6.37411698307233, 50.42974164220681], [6.374261694343963, 50.43000493307697], [6.374324409832989, 50.43006103080314], [6.3744936056182055, 50.43021145427394], [6.3750756315682695, 50.43072597537831], [6.375341035095066, 50.43090479917485], [6.375647362847494, 50.4311103800519], [6.375705760802534, 50.431150134309235], [6.375811203303587, 50.431243194080146], [6.375957261420482, 50.43147805240928], [6.376082566089782, 50.432030879686536], [6.376155122835613, 50.43250800970899], [6.376250482812635, 50.4330431691683], [6.376300582032224, 50.43320756157521], [6.376368064953627, 50.43350300974548], [6.376417538900493, 50.43368025104417], [6.376478582177471, 50.434036648896246], [6.376553105728881, 50.43447170756895], [6.376589775819565, 50.43463908006221], [6.376796851627092, 50.43558409543208], [6.3770376216344955, 50.43677774053067], [6.377150114736394, 50.437311045466686], [6.3772865897247035, 50.437958068033126], [6.377295238468383, 50.43799931693483], [6.377393035841448, 50.43846607680835], [6.377449752243431, 50.43873715624656], [6.3774645350595405, 50.438807318929975], [6.377463084257331, 50.438873040711314], [6.3774551976120835, 50.43922404224372], [6.377447793446585, 50.439549247575954], [6.377265238519182, 50.43955942373358], [6.376760463430725, 50.43972438793908], [6.376387530322805, 50.439848194370896], [6.3774388320640885, 50.440342264110534], [6.377430158392783, 50.44061400062884], [6.37740659066708, 50.44135273479449], [6.377384863493858, 50.441442016302204], [6.3773462257946685, 50.441605558105714], [6.377305069250572, 50.441779747304246], [6.377032381233094, 50.442934006103116], [6.377016622632266, 50.44300066445231], [6.376935655052978, 50.44333429390353], [6.376873951646211, 50.443588552952725], [6.37680520784455, 50.443871779413804], [6.376661130330545, 50.44446538378662], [6.376599693359741, 50.44472011642929], [6.376519902078868, 50.44505095661184], [6.37640252154499, 50.445537697976555], [6.376326438690891, 50.445836086262325], [6.376231450321396, 50.446208554671905], [6.3761524826824845, 50.44651830156959], [6.376053693934309, 50.446905678965386], [6.376001001946831, 50.44711223272573], [6.375964815627771, 50.44725420501617], [6.375730656031962, 50.44812012711592], [6.375607198011193, 50.448576632725356], [6.37513744465898, 50.45035228475135], [6.374762702451472, 50.45132843333036], [6.374382828825274, 50.452313756802596], [6.373413990279082, 50.45371400116346], [6.372521974971264, 50.454718811206675], [6.371835150105572, 50.455485562953506], [6.371815579324954, 50.45550741962291], [6.3699330045350315, 50.45514175664147], [6.368093252011567, 50.45478338258017], [6.366280139189091, 50.4544301249968], [6.364339086755264, 50.45405063311204], [6.363016854457111, 50.45380072900245], [6.362984382253483, 50.453794586638594], [6.362946848578319, 50.45378749294996], [6.362399703348256, 50.45411166567457], [6.361373271456191, 50.45434468105089], [6.360712572522148, 50.45455047502845], [6.360088842725934, 50.454745824542584], [6.35930117897578, 50.45516923557441], [6.358643947458281, 50.455567304983994], [6.357897753530427, 50.45602227695859], [6.357093612908297, 50.456307574186845], [6.356797526692343, 50.45647885936556], [6.356444388694608, 50.456527844250836], [6.356259917195238, 50.456467035542374], [6.355600692371293, 50.456455286530094], [6.355333565685621, 50.45647056691537], [6.355190874528467, 50.45644735281832], [6.35469129104214, 50.456237152828066], [6.354518647465951, 50.45616391819638], [6.3541883380453115, 50.45617120124503], [6.354035106973789, 50.4561901760792], [6.353876921036807, 50.45617170808594], [6.353468584429256, 50.45617943556008], [6.3534511543080745, 50.45620872293206], [6.353331878121432, 50.45641143097095], [6.352788181046696, 50.45653209510095], [6.352717120084615, 50.456537727704465], [6.35169036771038, 50.45652927484518], [6.351410257982068, 50.45651941495223], [6.350905433130617, 50.456557570451686], [6.350397898716583, 50.45663183156668], [6.349940226518496, 50.45682027781855], [6.349759095723907, 50.45692715066004], [6.349678650485292, 50.45703331334906], [6.349567966544015, 50.4573410700055], [6.349396174048352, 50.45766035990301], [6.349115986499001, 50.45791177513803], [6.348617126457486, 50.45822536261372], [6.348223750081399, 50.45843329428227], [6.348113939859602, 50.45839605117001], [6.3474950359427424, 50.45861861813044], [6.346500658888839, 50.45868294533416], [6.346281497415202, 50.458714798020196], [6.346059922355154, 50.45878345739276], [6.345583935000171, 50.45896034174852], [6.34517221219062, 50.45918754388318], [6.345089792342174, 50.45923336381393], [6.345013669472032, 50.45930713148472], [6.344810459736423, 50.45942693147313], [6.34461773000699, 50.4595450184371], [6.344523408615015, 50.45969534190072], [6.344279836739356, 50.46001509938869], [6.344240906708302, 50.46023606713557], [6.34412307775966, 50.46031549332412], [6.344040913314439, 50.460371536862795], [6.343594796331961, 50.46066998132923], [6.3431440422636385, 50.46093541387367], [6.343096725181778, 50.460963279385], [6.342821194495034, 50.46104045082697], [6.342648991798726, 50.46114382871722], [6.3423113021473085, 50.46118254562628], [6.342123410729011, 50.46123849254449], [6.3418402271030505, 50.46135381518611], [6.341707808343216, 50.46143521726553], [6.341530547674326, 50.46149228774144], [6.3414432369328315, 50.461536985871696], [6.340969893567911, 50.46181159951932], [6.340666708589127, 50.46203237113145], [6.340405036015401, 50.46226493043158], [6.3403800388916505, 50.46244266997515], [6.340273371515384, 50.46261200237485], [6.340221273436743, 50.46276566272821], [6.340289771349565, 50.46309965450099], [6.340390231487617, 50.463408030272575], [6.3405194991299245, 50.463608654944125], [6.340930082191103, 50.46401338013193], [6.341313013500988, 50.464296702656426], [6.3414841091225185, 50.46441803649935], [6.341619888161215, 50.464586875879405], [6.341755567577701, 50.46476981722496], [6.341825662284825, 50.46505372336409], [6.34190722998674, 50.46522984178833], [6.342036621038082, 50.465458109584915], [6.342201311568942, 50.46568595153428], [6.342561995570649, 50.46598211015451], [6.342684990641044, 50.46628531361123], [6.34277709362388, 50.466445804600156], [6.342880904923683, 50.46661264371656], [6.343059529238317, 50.46708423859035], [6.343293128016256, 50.46730637589052], [6.343350405249272, 50.46760042252319], [6.343411160722391, 50.46778820783765], [6.343589906666028, 50.468142921497325], [6.343816432970004, 50.468676119436736], [6.343835554248282, 50.46877322701865], [6.34383578537193, 50.468774383676376], [6.3438322420015725, 50.46878680601933], [6.343828413986669, 50.46880028328979], [6.343825430328288, 50.46881076646646], [6.343716019597912, 50.468826366052106], [6.343660940192226, 50.4688341752543], [6.343355534317639, 50.469017294450474], [6.343332137523978, 50.469110561500564], [6.343336095987773, 50.46939184939602], [6.343336532139151, 50.46941096506289], [6.343074403201466, 50.46950940218777], [6.343053025277632, 50.46966617610312], [6.34320394094655, 50.46981024466785], [6.343211048222591, 50.469908697044445], [6.343142192159435, 50.470057091388306], [6.342962476888483, 50.470150340608754], [6.3427591434888635, 50.470212853251844], [6.342564631402863, 50.47036182160906], [6.342540952676348, 50.470516105173004], [6.342384454954558, 50.470693143114524], [6.341990089537575, 50.47093365709732], [6.341750895197116, 50.471447300946735], [6.34138719938563, 50.4717943868063], [6.341142803911517, 50.47191105340125], [6.340553902518349, 50.472056111453455], [6.340264845022745, 50.47206895841599], [6.3398500807675084, 50.471976052145685], [6.3396617691809904, 50.472022091054214], [6.33916982726951, 50.47205057875276], [6.338918689887948, 50.47204375390374], [6.338565859194757, 50.472120469395094], [6.338425336929702, 50.47222553760651], [6.338192583413736, 50.47236787577685], [6.33811709964879, 50.47244649304942], [6.338063528920119, 50.472590152024466], [6.337995446677145, 50.47266371242489], [6.337911416053554, 50.47269851644499], [6.337817377617972, 50.47269269409811], [6.337745118884084, 50.472605307372476], [6.337695965303978, 50.47261216100276], [6.337662795346125, 50.472748424987834], [6.337699932338224, 50.47279688638985], [6.337777253936327, 50.472835320443004], [6.337845703767118, 50.47284326469737], [6.338096844021331, 50.47289225219633], [6.338117631944099, 50.47293944877909], [6.338074600149361, 50.47300491118377], [6.337936799558972, 50.47304291925362], [6.337901728663896, 50.47316786885914], [6.33780853488309, 50.473226255276515], [6.337783976619118, 50.47322759115997], [6.33752489595922, 50.47327446252085], [6.337485786693512, 50.47330397091056], [6.337489319696357, 50.47334894660842], [6.337533865091856, 50.47342008352189], [6.337744320254307, 50.47345769707738], [6.337810952328659, 50.47343655438174], [6.337912726218187, 50.47343116589855], [6.337923769534947, 50.47346214609913], [6.337907590886962, 50.47350298262313], [6.337857120030827, 50.473630323270136], [6.337938912714794, 50.473743726208625], [6.337923579354743, 50.47384376120444], [6.3379858167645144, 50.474134091993406], [6.337934805355415, 50.47419930875385], [6.337860565068219, 50.47426476742744], [6.337512731330167, 50.47459129969422], [6.337463495641041, 50.47468082582604], [6.337554712274435, 50.47474945996725], [6.337857164624428, 50.474848205249955], [6.337963088601916, 50.47492152033373], [6.33796115527595, 50.475001820797885], [6.3380220838698555, 50.4750980061499], [6.338104341315869, 50.475307532773805], [6.3382726570946, 50.475358726083584], [6.338442061075147, 50.475381528360906], [6.338535945447336, 50.475424055851455], [6.338751853041582, 50.47549324830643], [6.3388564070395175, 50.475539563739844], [6.3389121255903165, 50.475667310323814], [6.338952564111175, 50.4757401157312], [6.3390259386380725, 50.475835361920346], [6.339060852883141, 50.475855958982486], [6.339318202010441, 50.47590538257538], [6.3394531718039095, 50.4758870344438], [6.339560449067801, 50.47595265214655], [6.3395671019277025, 50.476062581125234], [6.339706921465787, 50.47622693616551], [6.339757219424642, 50.47635512502823], [6.339901558298983, 50.47647392380131], [6.34008755810851, 50.47658658691814], [6.340212014033002, 50.476628480841605], [6.340400934326147, 50.476673089970966], [6.340488387767921, 50.4767933218046], [6.340460456891509, 50.476897116842295], [6.340279424023344, 50.476935695399334], [6.340257694317235, 50.47696544920313], [6.340294345131503, 50.47702618595942], [6.340414145570009, 50.477106076646194], [6.3406273098674255, 50.47715250804273], [6.340801924820205, 50.47724457165206], [6.340852122089404, 50.47726088505296], [6.340962735066909, 50.477275961981135], [6.341072077568732, 50.47735008088718], [6.341113921795393, 50.47749284589032], [6.3410399945769065, 50.47762100989602], [6.340986380874909, 50.477660019585215], [6.340914220062902, 50.47771477852523], [6.340968455063982, 50.478000660754034], [6.341014627541852, 50.478076627826], [6.341059373957058, 50.47808936238757], [6.3410942992322745, 50.47810729650294], [6.341298153342666, 50.478077342914325], [6.3413601499043475, 50.478100195401446], [6.341384790040603, 50.47816951747986], [6.34139610825939, 50.47823659211004], [6.341428486974071, 50.478405874191566], [6.341384723293653, 50.47852378972599], [6.341346378043726, 50.478548189638516], [6.341308222269836, 50.47865760697939], [6.341229496788669, 50.47897743789485], [6.341238537104922, 50.47909588570357], [6.341303429280215, 50.47925677190962], [6.341255139012214, 50.47937795710398], [6.341151703599501, 50.4794468703063], [6.341076476375102, 50.47953159404379], [6.341023386001618, 50.47962250870176], [6.341018286782927, 50.47964930560611], [6.341119854558483, 50.479711597965945], [6.341150682113516, 50.47979099214868], [6.341128907174467, 50.480341806717], [6.34103096999953, 50.48048825769711], [6.340906847415419, 50.48056527016807], [6.340869423483018, 50.48072286407711], [6.340797266668036, 50.48081487193306], [6.340798709199244, 50.48091672092759], [6.3408244272094665, 50.48099271514513], [6.34085948478339, 50.48099050321514], [6.34092733402789, 50.481063844498415], [6.341141463593486, 50.481205645359594], [6.341101076098875, 50.48189836448675], [6.3409387378699735, 50.48201642980082], [6.3409720024415765, 50.48220333565618], [6.34111717538438, 50.482333251741935], [6.341102752933069, 50.482435952404856], [6.34098127254081, 50.48255695763146], [6.341017450542099, 50.482735672516654], [6.3412924829892425, 50.48288966833225], [6.341353731980765, 50.48292444022462], [6.341435281991267, 50.48305790298886], [6.3414962444359, 50.483239666808885], [6.341632913755205, 50.48347593526064], [6.342049605773293, 50.48374932975943], [6.342233991272709, 50.483715763233], [6.342493999032651, 50.48390527643265], [6.342718008580068, 50.4839941746517], [6.34287983649855, 50.48407770318597], [6.342967657601419, 50.4842324286342], [6.34310027666718, 50.48430713107188], [6.343362752793561, 50.48435375696082], [6.343636552579495, 50.48449584534127], [6.34390246793583, 50.484547037108776], [6.344124496396033, 50.484631137901154], [6.345759722761661, 50.48578735699732], [6.345904282887015, 50.485945983322665], [6.346145016706276, 50.4860766159812], [6.346265558742067, 50.486199693833136], [6.346424661837018, 50.48627397111744], [6.346569435442402, 50.48629978838769], [6.346845913721877, 50.4864009842954], [6.347228953728449, 50.486574151037345], [6.347615283618334, 50.48668058470741], [6.347859296831314, 50.486854258228696], [6.347953763134971, 50.48687662401353], [6.348127071135022, 50.486861748268396], [6.348177281921435, 50.48684909439711], [6.348579651159464, 50.48696023511279], [6.348787500512632, 50.48704459731535], [6.348904447227526, 50.487036144663136], [6.349355151091274, 50.487200438996794], [6.349517334232081, 50.487270716364876], [6.349604226586781, 50.487358392712004], [6.34965957023337, 50.487523553785515], [6.3498380913152195, 50.487736235900144], [6.3499959923966065, 50.48787525468343], [6.350231837725009, 50.487850745413745], [6.350437178961217, 50.48783215229064], [6.350667580471064, 50.48785276359991], [6.350867642570311, 50.48790659512622], [6.351091310765365, 50.4878991313998], [6.351234747746939, 50.487937631459246], [6.351235155428703, 50.48796058729151], [6.351177841811365, 50.488080536443384], [6.351196280235784, 50.48815646132691], [6.3512637143434265, 50.488225082412015], [6.351288609905405, 50.488288165354575], [6.351246212310432, 50.48829144566352], [6.351217321338321, 50.488290454991976], [6.351208873388825, 50.48829074836585], [6.351095879901079, 50.48828645734072], [6.3510193696195945, 50.488306474267596], [6.350978388944786, 50.4883176934549], [6.3508975012536775, 50.488339841407836], [6.350707774017874, 50.488462612630975], [6.350536307794198, 50.48846691097073], [6.350446982129675, 50.488537539020946], [6.3503481694267325, 50.48850457899478], [6.350227012597905, 50.488528489783995], [6.350170009067224, 50.48849748041782], [6.350124828753188, 50.488514702333156], [6.3501736341816875, 50.48858109167974], [6.350166893625634, 50.4886236829449], [6.3500460009148725, 50.48864513490143], [6.349848021079426, 50.48863567737334], [6.349728157738729, 50.488673496585484], [6.34972996651455, 50.48861297364853], [6.3496937061165575, 50.488604591619406], [6.349497714498842, 50.48865860338806], [6.349569241562713, 50.48873719536495], [6.349456301523211, 50.488738480945194], [6.349310479568857, 50.4887506208583], [6.349253399008508, 50.48870966068184], [6.34920351842711, 50.4887221786298], [6.349158794935717, 50.48883120579407], [6.349049681556208, 50.48886386321391], [6.34899730090825, 50.488820554349125], [6.348844415831406, 50.488850298080955], [6.348860820512583, 50.48888895518958], [6.348834557868982, 50.4889299051142], [6.34886162544822, 50.488972529216724], [6.3486229275444055, 50.48901336883701], [6.348582075720255, 50.48896435878892], [6.3484948318372805, 50.488991199583225], [6.348469125303914, 50.48906450856101], [6.348304508884708, 50.489059496889425], [6.348272268598819, 50.48911250781366], [6.3482242195435035, 50.48910565562281], [6.348156526856279, 50.48911521246623], [6.348198181179571, 50.48922792642247], [6.347931329217964, 50.48928427806694], [6.347750977314075, 50.48923520856619], [6.3477001399833615, 50.48927963674609], [6.347588677174314, 50.489271140523506], [6.347576006442724, 50.48920108544061], [6.3472797885697085, 50.48917733007039], [6.347178397333852, 50.489095285121614], [6.347007102383315, 50.489021999235995], [6.34681622745534, 50.48904022366719], [6.34677621730179, 50.48905221011436], [6.346724192712544, 50.48909944425827], [6.346643575488335, 50.489128026954894], [6.346455076090464, 50.489134548353825], [6.3463465000998545, 50.48916386032984], [6.346222545156108, 50.48912115720526], [6.346141420583581, 50.48919928212435], [6.3461430146397015, 50.48925762488956], [6.346124932874947, 50.489259488140604], [6.346044464047765, 50.48923887947331], [6.3460440926801525, 50.48917432198425], [6.345928149956298, 50.48917859398095], [6.345706244675085, 50.48921534918667], [6.345653763086496, 50.489154774848295], [6.345544921833311, 50.48919836428599], [6.345329040618891, 50.48916891718337], [6.345266955333213, 50.489229080961], [6.345251397874104, 50.4892513036837], [6.345149003871926, 50.48928048577604], [6.345059841782131, 50.489266559294485], [6.3448050921287376, 50.48929208384819], [6.344704614657573, 50.48925063458656], [6.34460497886351, 50.48926080049734], [6.344569780555585, 50.48927672795414], [6.344482420059782, 50.48923546098719], [6.3444414899146695, 50.489237441042945], [6.344423885711489, 50.489291621595775], [6.344341766054791, 50.4893069905476], [6.344314040225829, 50.489240225407066], [6.344168880676883, 50.489281725111596], [6.3441384193918005, 50.48928333240439], [6.344085943985795, 50.48922971971435], [6.343920013022621, 50.48922074094879], [6.343773918136962, 50.489185418402364], [6.343659629547388, 50.489176287186666], [6.343607301380926, 50.48919268672114], [6.343628491296366, 50.48921860882764], [6.3436127707267, 50.489260059196035], [6.343432570620113, 50.48928751697928], [6.343413508480959, 50.48928222428345], [6.343397667263021, 50.48922154117955], [6.343303073124561, 50.489239098173314], [6.34318705909671, 50.48931850212042], [6.343083695643851, 50.489237550888376], [6.3430533871736605, 50.489232415040384], [6.342992688456888, 50.489238926363605], [6.342775557330938, 50.4892810112076], [6.34268788423379, 50.489259659951436], [6.342594552739975, 50.4892866181392], [6.342590329570915, 50.489307849115775], [6.342625373774231, 50.48933210897195], [6.34255521645517, 50.48937876514078], [6.342491134277392, 50.48937546617935], [6.342420458034064, 50.489396951035275], [6.342344509924508, 50.48938977385819], [6.342287636765725, 50.489366310491555], [6.3421392213339, 50.48938790802191], [6.3420475611210225, 50.48944259996572], [6.3419562532180525, 50.48944756581335], [6.341914949152463, 50.48945569810154], [6.341879134266657, 50.48950544134694], [6.34178945428721, 50.48952209295726], [6.3416571382513345, 50.489484213162875], [6.341513297182601, 50.48954486334978], [6.3414265358801565, 50.4895446885279], [6.341241188611222, 50.48949227446075], [6.34120678712389, 50.48943749939774], [6.340816574414571, 50.48942741056145], [6.340624365109198, 50.48939250507704], [6.340544970555756, 50.48946024034939], [6.34051938553968, 50.48946916327724], [6.340470828470142, 50.48943848614566], [6.340428445263467, 50.48944474023803], [6.34039581124552, 50.48934998599236], [6.340353748019715, 50.48934050589074], [6.340220309231642, 50.4893251495752], [6.34007618698293, 50.489337073924965], [6.339949808750813, 50.48936670149357], [6.3398886621133625, 50.48933776013194], [6.33979667733546, 50.4893474942154], [6.339699145216989, 50.48930689952234], [6.3395946020026885, 50.48936648511785], [6.339392314495601, 50.48936114797501], [6.339386323468465, 50.48931069216899], [6.339335453770898, 50.48925720397197], [6.339190980421163, 50.489326804989936], [6.338941342114066, 50.48937195307143], [6.338704586457389, 50.48936374836324], [6.338593583417483, 50.48932552509958], [6.338320492964482, 50.48932960321187], [6.338249902393389, 50.48922338356441], [6.3381795213370475, 50.48911720464495], [6.337973327175381, 50.489076046947936], [6.337959305396849, 50.489075411240414], [6.33794405080335, 50.489136822754425], [6.3378959221870375, 50.48913291486634], [6.337669594613134, 50.48908246265321], [6.337451473437665, 50.489007443212074], [6.3373069251426655, 50.48897655551096], [6.337164212988165, 50.489021322785895], [6.3370483501916475, 50.48901589099741], [6.336990491956066, 50.48899244743977], [6.336956677247479, 50.48901281190019], [6.336818168909377, 50.489013418912144], [6.336765129606556, 50.488949679406346], [6.33672990893841, 50.488939392162216], [6.336511409455816, 50.488901961957204], [6.336420027490407, 50.48897667006072], [6.336349619996281, 50.488983063552396], [6.33625094581282, 50.48894503938003], [6.33609587214328, 50.488920556551484], [6.336032561847041, 50.48893412858759], [6.335972951651377, 50.48897691158776], [6.335955463692925, 50.48904840023961], [6.335927363301916, 50.48905966625776], [6.335709119010418, 50.489094120547904], [6.335645924289528, 50.48912567630643], [6.335536770644586, 50.48914158023289], [6.335501488696611, 50.48913488926804], [6.3354238304222665, 50.489066681336915], [6.335423607496508, 50.48900149744702], [6.335398864597748, 50.48898893116333], [6.335342501376998, 50.48898904331542], [6.335244265639779, 50.489068747725064], [6.3351737060419655, 50.489031996329615], [6.33498360825698, 50.48906012281132], [6.334883781266928, 50.48912449872662], [6.334762715334402, 50.489141613205796], [6.3347651204069555, 50.48915574570545], [6.3347712964884355, 50.48919205667074], [6.334743913219074, 50.48926972297312], [6.334697893513653, 50.489341061453935], [6.334669614251847, 50.489473208765276], [6.3347275458751335, 50.48953966992322], [6.334601334478655, 50.48958830225692], [6.334463865102997, 50.48968011402012], [6.334160531059128, 50.48980933137836], [6.333956923904306, 50.490041480230055], [6.333773552932583, 50.49026403598312], [6.333542215893288, 50.4905395797604], [6.333358037290315, 50.49080744287217], [6.3331108092585815, 50.49106837322502], [6.333075036775113, 50.49150563443698], [6.332866327334102, 50.491998550487], [6.332587827385735, 50.49221821266424], [6.332355959209611, 50.49225165574381], [6.332233849174466, 50.49228013155069], [6.3321456077257965, 50.49227660568008], [6.332025390057825, 50.49231603577403], [6.331979586863167, 50.49239841520376], [6.331911088395655, 50.492458649765], [6.331310102167273, 50.49269016159167], [6.331025277374893, 50.49272618309917], [6.330878065892401, 50.49277441059897], [6.330607904095817, 50.49279294814966], [6.330408261972728, 50.49283997192107], [6.330256649933157, 50.49284344576608], [6.3301594041515274, 50.49288254661297], [6.330021155934791, 50.49288283674677], [6.3295856100166965, 50.49301347832791], [6.329434041121988, 50.49308391194146], [6.329330163995353, 50.49308132029318], [6.328990096916325, 50.49320288970411], [6.328962959225263, 50.49319901934919], [6.328900529332482, 50.4931901019138], [6.328736724828244, 50.49328991966264], [6.328498305164832, 50.493227424359425], [6.328332650074072, 50.49330105016132], [6.3281834100689975, 50.49338388598143], [6.328078347269314, 50.4933508264162], [6.327855581187901, 50.49339772848186], [6.327661665061992, 50.493479609355056], [6.327373796367097, 50.493507717267015], [6.3273055694309015, 50.49354502677133], [6.327207594702064, 50.493540526943605], [6.32681524036364, 50.4936719257202], [6.326625238148393, 50.49361653893537], [6.326326990424929, 50.49364962292703], [6.32565260004505, 50.493620169494896], [6.324667121473753, 50.493684321809376], [6.324285300142794, 50.49369658870368], [6.323654616062007, 50.49377676339918], [6.323344536912714, 50.49374820263592], [6.323060230802751, 50.493804248843816], [6.3227202971470655, 50.49407690367762], [6.322437600397711, 50.49437592647397], [6.322098340502998, 50.49480851983104], [6.321982880636728, 50.49495575709926], [6.321714754203383, 50.49486002854331], [6.321167315869697, 50.49470356397384], [6.320772239670829, 50.49481630485061], [6.320270307059273, 50.49496528008955], [6.319831018679776, 50.49510564889652], [6.318990626369232, 50.49542887319366], [6.317802326224023, 50.49590893359563], [6.3174261454860146, 50.496048490666674], [6.316712743310488, 50.496293985422895], [6.3167051215436985, 50.49631897806823], [6.316684320224373, 50.49638714929978], [6.316678812350013, 50.49640520146588], [6.316524983211206, 50.4964582506181], [6.314652784748951, 50.49749858718588], [6.314249209748061, 50.49786427869372], [6.3140129234587, 50.49853543913972], [6.314193877490488, 50.49907068215094], [6.314221592027255, 50.49915264721841], [6.312968540749074, 50.499432766856245], [6.310877656131604, 50.500499385403856], [6.309077686977366, 50.50142244121356], [6.308970549149547, 50.50147787381307], [6.30894145963574, 50.501470076745804], [6.307131449995085, 50.500866535149015], [6.305424739306044, 50.50030230983981], [6.303890445591111, 50.499795108685795], [6.303483457719264, 50.499627306673005], [6.302960247948187, 50.499262306162954], [6.302766866528129, 50.499203446827515], [6.3025908059354885, 50.49925837295091], [6.3024697211333836, 50.49942483644946], [6.302491717089984, 50.499617663298125], [6.302577439619763, 50.49982988617839], [6.302453995668419, 50.49984447442978], [6.3023373842320884, 50.499788186109555], [6.301955886305012, 50.499527366016174], [6.301693386669344, 50.49924736561234], [6.301395528314621, 50.49911784320344], [6.30071485338781, 50.49882184252349], [6.29994041168129, 50.49862087237173], [6.299292620047076, 50.49845274631359], [6.2990474770835645, 50.49835876720505], [6.297741431826521, 50.49751447132519], [6.297539245168825, 50.49743420598568], [6.297431117652382, 50.49745823881542], [6.297337773424952, 50.49747898994283], [6.297160869341388, 50.497575850784465], [6.296874060243607, 50.497808827336684], [6.296615687510165, 50.49791401280578], [6.296436297700748, 50.49795681670881], [6.295701188835872, 50.49794667446989], [6.2951497180401805, 50.49795439829344], [6.294729174323176, 50.4979779284606], [6.293249229698909, 50.4981215535918], [6.29213551356888, 50.498218985593006], [6.290668498295263, 50.498378638502736], [6.288745278642715, 50.498574695199906], [6.28734289451728, 50.49870961858126], [6.2860256529914915, 50.49884162709824], [6.28529854915589, 50.49890585226361], [6.285129184456054, 50.49889337238145], [6.284924105124821, 50.49900686402003], [6.284783257962909, 50.499084812301824], [6.284771674819504, 50.49912471450299], [6.28438293730084, 50.49966622762746], [6.283892848520687, 50.50029932802579], [6.283394210787316, 50.50093174102458], [6.282812130690756, 50.501670604129096], [6.282306201612327, 50.50230887803349], [6.281671364321477, 50.503100546211115], [6.281656753627441, 50.50311918467606], [6.281466058040354, 50.50312079134422], [6.279982360564963, 50.503133281050445], [6.278877513877194, 50.50314282130714], [6.278768363887888, 50.50314376729623], [6.276222158231192, 50.5025715876371], [6.274839626042572, 50.50222828989324], [6.273672003077663, 50.502860433605996], [6.2723283337540705, 50.50342370859862], [6.271309424238025, 50.503850824695014], [6.2703933238741305, 50.504237005347214], [6.270141253565726, 50.50434326092074], [6.269663550007489, 50.50454462518381], [6.26964677249823, 50.5045298390759], [6.269273619453651, 50.504202632012166], [6.26906768022073, 50.50409070074555], [6.2686153643279745, 50.50384367848172], [6.2683083332345575, 50.50362587330205], [6.268295109327199, 50.503616486608934], [6.268290103495637, 50.50360156293625], [6.268227227390504, 50.50341392146363], [6.268162982846043, 50.50339070737457], [6.2679306461355395, 50.50330687587238], [6.267640130290996, 50.50320204087382], [6.267372472614931, 50.50300865342449], [6.267264489800167, 50.5029305300575], [6.266967206733942, 50.50269995211163], [6.266900809395454, 50.50264859466216], [6.266528055193573, 50.50242395132478], [6.266321705508293, 50.5022995920082], [6.26618080498635, 50.502214676262696], [6.266156571863865, 50.502200074232455], [6.266119663935384, 50.50217782523504], [6.265844963597728, 50.501983261177884], [6.265702528663189, 50.50167059470616], [6.265628098787803, 50.50162332043229], [6.265513821027557, 50.50155075038725], [6.264825004313222, 50.501113346632785], [6.264744883108347, 50.501027681269505], [6.264564292436758, 50.500834841057326], [6.263953890783471, 50.50034579918166], [6.263484580677326, 50.50009910325733], [6.263340043389654, 50.499776813272526], [6.262870294277403, 50.49964441583096], [6.262912539461829, 50.49943582096532], [6.262654017247281, 50.49919636572592], [6.2625120741801625, 50.499064888517445], [6.262434147532157, 50.498992613050056], [6.262027355525352, 50.498875231482046], [6.2615579779228465, 50.49873979697986], [6.260715280491526, 50.49886712741121], [6.25973712826603, 50.49916991540426], [6.2588962373116575, 50.49927362681048], [6.258508667000613, 50.499321424562545], [6.2583521626795395, 50.49925087457993], [6.258291400114192, 50.49922348225774], [6.257468793630688, 50.4991895014226], [6.256982621077998, 50.49919995097555], [6.256862581032861, 50.499183078822675], [6.256203266371607, 50.499090377572294], [6.25569873948256, 50.499082008795256], [6.255131604627025, 50.499186169966315], [6.255065287222343, 50.49917512356593], [6.254715100363291, 50.49935617615181], [6.254682551655196, 50.49937317362179], [6.2546258014377765, 50.49940282293274], [6.25458859879564, 50.49942054710094], [6.2545282674992215, 50.499449689073636], [6.254528113550158, 50.4994965866301], [6.254552361112525, 50.49961004017751], [6.254555449929743, 50.49969171790533], [6.254564429918605, 50.499733838667595], [6.254615379440298, 50.499813911367795], [6.25465460204016, 50.499850107358704], [6.254686217813138, 50.49985892221026], [6.254709131679275, 50.49986530987012], [6.254724636341092, 50.49985330731191], [6.254748016973089, 50.49987596037955], [6.254769327692755, 50.49989661262763], [6.254806854757166, 50.49999559131333], [6.2548146162675256, 50.50004267565674], [6.254797278077125, 50.500116918003634], [6.254755788010632, 50.50015870226657], [6.2546958676069675, 50.500181962143806], [6.254678640630368, 50.50016117238188], [6.254608201269068, 50.50012337614452], [6.254554601534628, 50.50007147696146], [6.254511673217931, 50.50004567293599], [6.254463834872884, 50.50004008225562], [6.254388530494293, 50.50005089828195], [6.254361965345294, 50.50006854961773], [6.25434683941718, 50.50009492646754], [6.254346796238618, 50.50012872956453], [6.2543682085492165, 50.500460961436296], [6.254388217746725, 50.50054123946871], [6.254481558211984, 50.500606562049256], [6.254574333368606, 50.50065051651076], [6.254586250798166, 50.50069160017442], [6.254568603243371, 50.500776998277054], [6.25454645377919, 50.50083108564179], [6.254557583963993, 50.500889628478966], [6.2545670653375804, 50.50094936474977], [6.254554076497345, 50.50098776472483], [6.254501299569044, 50.50109596423629], [6.254530357003018, 50.501174656731656], [6.254756732682838, 50.50142119745786], [6.254727455951659, 50.50143987331301], [6.2546866403109584, 50.501465877829126], [6.254420673267885, 50.50163553879383], [6.25427313868993, 50.50180317310187], [6.254133115446948, 50.50211696825925], [6.2540199167351895, 50.50241398165746], [6.253917187871254, 50.50257819351686], [6.253706229435348, 50.50276198759557], [6.253401542099144, 50.50290869385129], [6.252776019969192, 50.5031273950072], [6.252105275808546, 50.503363060103254], [6.251703669038315, 50.503530644316974], [6.251616374222278, 50.50349670284779], [6.251230398265308, 50.50334660997153], [6.251176758520668, 50.503325750886475], [6.25094382825714, 50.50323516971046], [6.25046857013387, 50.50318835265628], [6.2498242428049915, 50.503078006315505], [6.249505795858226, 50.50302733633785], [6.249220113401221, 50.50294464357354], [6.249230096316695, 50.50292892206483], [6.249271221576977, 50.502864184238625], [6.249302860005076, 50.50281439705758], [6.2493165224603455, 50.502792879655225], [6.249342448638871, 50.502752069579294], [6.249281359428355, 50.50273394792264], [6.24926149089125, 50.50272805398547], [6.249248859703879, 50.502724310132244], [6.249224734527956, 50.502717155150215], [6.249188255698743, 50.50270633482781], [6.249024551880893, 50.50265777533248], [6.248990346479292, 50.502647638375855], [6.248749179839731, 50.502576098792346], [6.248533664184662, 50.5025121637046], [6.248426936839094, 50.50246344874525], [6.24833642212909, 50.50242213346917], [6.248002710340775, 50.502269784777084], [6.247747086143823, 50.50221335490228], [6.2476883002898935, 50.502189844766534], [6.2475732845615735, 50.502140348219626], [6.247236012627296, 50.501995208198885], [6.247091399982053, 50.5019363933534], [6.246919424317856, 50.50186646028338], [6.246855329749834, 50.50184039536499], [6.246836523126368, 50.50183274507976], [6.246806556374697, 50.50182055792142], [6.246483219095157, 50.5016890674316], [6.246468738390016, 50.50168318360073], [6.246425117903931, 50.501665446917805], [6.246408254455741, 50.50165858016816], [6.246253943874736, 50.50159582866369], [6.24590512096806, 50.50145397339589], [6.245880720855475, 50.50144404965829], [6.245822800231967, 50.50142048708447], [6.2458030289585045, 50.50141245398032], [6.2457079361391505, 50.50137378077541], [6.245610804493715, 50.501334276630296], [6.24545939601354, 50.501240361249316], [6.245446546514983, 50.501232384038715], [6.245334178387361, 50.501162681621274], [6.2453190140973405, 50.5011532823039], [6.24508549899544, 50.50100843396599], [6.245071070770274, 50.50099947482369], [6.245044268352767, 50.50098285551808], [6.2447612621472475, 50.50080730301762], [6.24472908344582, 50.500787344995246], [6.244645275202129, 50.500735355342705], [6.2446025616527345, 50.500708851079494], [6.244117411118063, 50.500407900388915], [6.244099321267754, 50.500396677525224], [6.2439852692951305, 50.50032592640563], [6.243663652045932, 50.500178043319124], [6.243187506984736, 50.49994905718548], [6.242962860912744, 50.499854077465024], [6.24292387986499, 50.49979161703182], [6.242141164631256, 50.499565102042354], [6.2418069369396925, 50.499399535912914], [6.241526579709251, 50.498913719634956], [6.241179370885275, 50.49911827767616], [6.240823620274391, 50.49914950928989], [6.239768295453885, 50.49902778320371], [6.239418672264499, 50.49897596770924], [6.239112031159495, 50.49904413366161], [6.23902645293036, 50.49905744846233], [6.238966805779627, 50.49906672812451], [6.238956017794189, 50.49906840605351], [6.238953879224446, 50.49906251736773], [6.2389407230480725, 50.49902646691803], [6.238910397628667, 50.49894048102042], [6.238887311144221, 50.498875697863596], [6.238445142667954, 50.49864413420671], [6.238129154619356, 50.49858007013842], [6.238063235101123, 50.49846098188553], [6.237157840274731, 50.49843306808826], [6.236282303655705, 50.498430242783265], [6.23550660321206, 50.49846914681803], [6.235124581822957, 50.49846582448303], [6.234798995869979, 50.49846257409549], [6.234439621458411, 50.498433467680265], [6.234245344729242, 50.498301880508244], [6.23411112635663, 50.49831928846431], [6.234051385446052, 50.4983270341788], [6.2340574113657965, 50.498132717655864], [6.233934951609801, 50.49791758034233], [6.233717868278145, 50.49769368915677], [6.233354214197219, 50.497754547240994], [6.233276324678667, 50.49788192983487], [6.233068871519728, 50.4979562709069], [6.2323632998004115, 50.497891388352876], [6.232243542503447, 50.49786698634441], [6.231797056467145, 50.497776007421706], [6.231853941910749, 50.497674338204206], [6.231323465849007, 50.4974808635064], [6.230979154925716, 50.49738511700173], [6.230417887294347, 50.497443447599736], [6.230328387288804, 50.4975245050143], [6.23030394977552, 50.49754663624384], [6.230293451429954, 50.497556137162235], [6.229908940533182, 50.49740344369121], [6.229996840463749, 50.49720684910225], [6.229503131109925, 50.49678662490117], [6.229433755222058, 50.496658813750315], [6.229260237959257, 50.49650998278654], [6.229116008111654, 50.49638627137921], [6.228970114292349, 50.49626112587806], [6.228880954007868, 50.49618463791265], [6.228157600803562, 50.495598227152165], [6.227975799204118, 50.495450842921635], [6.228076123186225, 50.49540745661363], [6.227727992218313, 50.49509426613715], [6.227278768390425, 50.49506392839866], [6.22701843607387, 50.49518020469839], [6.226951557372833, 50.495041830634314], [6.224927481867218, 50.49490513736567], [6.224729162596774, 50.49494885190193], [6.224619452508286, 50.49500148343503], [6.224594943206907, 50.49501324367537], [6.223772318397961, 50.4957858281149], [6.223248029247794, 50.496311103675616], [6.223050619737387, 50.49650887843726], [6.22573129391113, 50.49910569121909], [6.230133774885826, 50.505929264249566], [6.23070771969024, 50.507995773361955], [6.229727936861176, 50.50943607108362], [6.225085667746633, 50.51151280753825], [6.2220136985932415, 50.51781153397529], [6.211018646339602, 50.5184613112782], [6.207040798826134, 50.52130923319771], [6.2068182665942535, 50.52124060205148], [6.206820966069902, 50.521264402484675], [6.206829141807691, 50.521336435112694], [6.206837497487478, 50.52141019915394], [6.206885166915971, 50.52150205203586], [6.206911490200052, 50.52155278772239], [6.206974956292153, 50.52165406905213], [6.206992944063158, 50.52168277305514], [6.2070297434285555, 50.5217415231356], [6.207037777046934, 50.52175433637521], [6.207097815066206, 50.52179087723616], [6.2072260755074815, 50.521954494957384], [6.2071855668323295, 50.522381383211965], [6.207584510343082, 50.52255539281667], [6.207310133247358, 50.52308466506076], [6.206965779945835, 50.52307187422665], [6.206871995784092, 50.52336150168615], [6.206646399557376, 50.523804077569594], [6.206514671869095, 50.52396658993621], [6.206329769841742, 50.524085718441356], [6.206278135587874, 50.52411897550585], [6.206248380354852, 50.52415640100915], [6.206228519314153, 50.52418136275269], [6.206198490200853, 50.52421912348766], [6.206185778463971, 50.52423509070681], [6.205948621318291, 50.524397463464226], [6.205709311864175, 50.52456136722438], [6.205120837151154, 50.525050986144926], [6.20436899265396, 50.52567080541118], [6.204103712378435, 50.525853223852735], [6.203846017912415, 50.52600516808256], [6.203299213520873, 50.52628613533148], [6.203223974831355, 50.52632402294405], [6.203106727541827, 50.52643894375048], [6.202893515150289, 50.526518454739296], [6.202761806774016, 50.52655602790963], [6.202444204566695, 50.526646629155074], [6.201885652905808, 50.52676363816954], [6.201763092910547, 50.52677798851821], [6.201725397917114, 50.52678686879315], [6.201696518211588, 50.526793676272334], [6.201567847329638, 50.526824007989376], [6.201517730103378, 50.526835818720706], [6.2009851112566405, 50.52694852677006], [6.200930260974834, 50.526920149382335], [6.200883981981771, 50.52689620596327], [6.2007897706178365, 50.52692629541487], [6.2001969076241386, 50.527130732627384], [6.199602150287795, 50.52732727736294], [6.199294280216979, 50.527467074673204], [6.19915645507013, 50.527607321698866], [6.198774836654765, 50.52795141536259], [6.198622531172913, 50.52813069451149], [6.198461229337335, 50.52832055119071], [6.1981622156567475, 50.52870576139285], [6.197880953842651, 50.52910709515487], [6.197783840515495, 50.529163891294715], [6.1975118649800764, 50.52957439815228], [6.197305356273968, 50.530032195461054], [6.197054143475055, 50.530405834983384], [6.19695955707313, 50.53098970727334], [6.196848307409151, 50.53131454549978], [6.196834927886438, 50.5317117428997], [6.1968956391346275, 50.53215466724928], [6.196947754381458, 50.53248196592967], [6.197080921612669, 50.53275453784076], [6.197337037921959, 50.53313219467586], [6.197440165295197, 50.53333924949317], [6.197492114947202, 50.53344353276785], [6.197832781310003, 50.53383993812197], [6.19796224325553, 50.53401088991313], [6.198220031087764, 50.53435129044704], [6.198472885899306, 50.53465401629014], [6.1986785651255785, 50.53500096896297], [6.1988260614738975, 50.535343057339205], [6.198744192154787, 50.53539011062177], [6.198708519418823, 50.53542141890881], [6.198679115039052, 50.53544722006968], [6.198587015505257, 50.535475415708035], [6.198442261298173, 50.53552329348521], [6.1984368666865155, 50.53599287912912], [6.198388299276936, 50.536005985233324], [6.198398223545103, 50.53629857078001], [6.1983777202391375, 50.536538727807596], [6.198351739066247, 50.53676366784477], [6.198519605230754, 50.53684908095827], [6.1985798674140105, 50.53690966683091], [6.198654974413691, 50.5370217482283], [6.198496339476702, 50.53772299675555], [6.198511422470757, 50.537824997548526], [6.198510984807982, 50.53793285837811], [6.1985105726505685, 50.53803314579681], [6.198510251467426, 50.538113564837325], [6.1984461745861745, 50.53839515739653], [6.198349677945482, 50.53865074655922], [6.198345389095305, 50.5386621392556], [6.198340834253179, 50.538674209188265], [6.1983371188813585, 50.53868402352865], [6.198284624453492, 50.53867880162495], [6.198252434447387, 50.538939150417356], [6.198281941924824, 50.53905187909783], [6.198253104590019, 50.539095927236794], [6.198301350387671, 50.53938661088696], [6.198312539540231, 50.53945405702343], [6.198315754715474, 50.53947339332482], [6.198504824231655, 50.539376308010404], [6.198630747807654, 50.539531989579245], [6.198643004747496, 50.5395471448654], [6.198656630138913, 50.53956397923138], [6.198669143107157, 50.539600531442936], [6.198677733086098, 50.53962563716936], [6.198684432827101, 50.539645246250785], [6.198693349076216, 50.539671277348816], [6.198742088541268, 50.539813676554324], [6.198767267632094, 50.53988729737062], [6.198836674048082, 50.54000514222911], [6.198941682319253, 50.54018342877671], [6.1989936676434185, 50.54036467562388], [6.198945179255466, 50.540517822311045], [6.1992434454721215, 50.54074325429277], [6.199782132495174, 50.541199011514784], [6.200120753892526, 50.541522759132874], [6.200243096951669, 50.54159063079226], [6.2005621259637484, 50.54206528703422], [6.200921676449643, 50.542573506940904], [6.20122245885637, 50.543074977937394], [6.201546409501216, 50.54358674713843], [6.2020802666152095, 50.543981937772166], [6.202822413122829, 50.544326515325416], [6.2035597091407135, 50.544519248387665], [6.203663586482575, 50.54453129771508], [6.203804912931806, 50.54454768305213], [6.203838870531896, 50.544551620408484], [6.203889053003556, 50.54458004593577], [6.204183962624824, 50.544747076798735], [6.204316382624571, 50.54475152668821], [6.20433741678522, 50.54475223893757], [6.204890907286003, 50.5447708337188], [6.205468755696803, 50.54502823227741], [6.20581209263553, 50.54525783256641], [6.205959504111818, 50.54537546807325], [6.206005850430279, 50.54540100303014], [6.20603275600194, 50.54541582558353], [6.20610893339869, 50.545457800472605], [6.206258957331655, 50.545530324131114], [6.206674561414967, 50.54577911661634], [6.207008074318883, 50.54606619099162], [6.207256640994984, 50.546320902676364], [6.207453497472227, 50.546572052074964], [6.2075004067095865, 50.54660433737083], [6.207571757649516, 50.54658758237114], [6.207698595432294, 50.54670854485255], [6.207686331542532, 50.54697145167577], [6.207714744697239, 50.5471511570082], [6.207725603355798, 50.547219907427504], [6.207741193295104, 50.54731848269535], [6.207765331805192, 50.54739567448138], [6.207743420297558, 50.54797825692904], [6.2078502730418075, 50.54847802440738], [6.207913674248556, 50.548774490959595], [6.208030767481376, 50.54897420647277], [6.2082041103723515, 50.54915262134289], [6.20821984316756, 50.549168776463155], [6.208263870840156, 50.54926659463849], [6.2083744202434215, 50.54937760354565], [6.208470167529762, 50.549525758445746], [6.208553105087932, 50.54964724090139], [6.20867222943902, 50.549782319600325], [6.208817496274828, 50.5499492657245], [6.2086471282397975, 50.550068054227275], [6.2088768107997625, 50.550291131569885], [6.209241211025824, 50.55046694004343], [6.209517927342487, 50.55070172244863], [6.209986228998432, 50.55117349889421], [6.2099794930461645, 50.55120124963852], [6.209931278288513, 50.551399635150666], [6.209828483495679, 50.5518226365396], [6.209815484481001, 50.55195545447422], [6.209834895662334, 50.55194856178789], [6.209866298102977, 50.552351276183025], [6.2098688172584495, 50.5526743287866], [6.209914014748924, 50.55271133945971], [6.209914962277687, 50.55288197495063], [6.209900276402595, 50.55291594868568], [6.2098814551183965, 50.5529594571717], [6.209887802154245, 50.553156281336406], [6.209888538966615, 50.55317918289948], [6.209914079245101, 50.55320358767497], [6.209965439517329, 50.55325268276714], [6.210418271080771, 50.55336722696455], [6.2103279767273545, 50.55393070118194], [6.210365352010664, 50.55388980526228], [6.2103957302597825, 50.55399367292055], [6.210459214625524, 50.55404501937723], [6.210581318387718, 50.55410792655811], [6.2107970097396485, 50.55428531039305], [6.2110446963171375, 50.554421830650526], [6.21110024976203, 50.55443725758015], [6.21117100014593, 50.55451096002888], [6.211328943430854, 50.5546092310301], [6.211697408113573, 50.55481448023547], [6.212357850444584, 50.55516341447996], [6.2125591024426345, 50.555372957823074], [6.212970139543915, 50.55547047021899], [6.213028081908611, 50.555484208348304], [6.213097571051655, 50.55549656785166], [6.213376502614529, 50.555594818945934], [6.213390805410049, 50.55559985695076], [6.2134090091651935, 50.555606265688034], [6.213539477190788, 50.55565222505761], [6.21361893061853, 50.55573431101822], [6.213666797105454, 50.55592434802815], [6.213707647462353, 50.55592457051556], [6.213966669334518, 50.55592595054085], [6.214403904665095, 50.55606060564608], [6.214842440066107, 50.5561761303564], [6.21517392947983, 50.556242856311556], [6.2154839974783895, 50.5562847096672], [6.21548639068474, 50.5563142892777], [6.215687261271594, 50.55635697437355], [6.216189753286185, 50.556393921632875], [6.216505604615542, 50.5563702634132], [6.21682142965898, 50.55632667927772], [6.217140897141469, 50.556259371022556], [6.217440436694577, 50.55616839570702], [6.2177035103942115, 50.55607441591751], [6.217753600037872, 50.55605418684692], [6.217816838007318, 50.55602864108841], [6.217995716060097, 50.555907748909966], [6.218169468181416, 50.555833113319544], [6.218226197651872, 50.555808743051905], [6.218237682599417, 50.555808891655765], [6.218496183312527, 50.55581215612204], [6.218558829892011, 50.55581294284821], [6.218551046890348, 50.55579644847849], [6.218522097503591, 50.555735128717835], [6.21865803406665, 50.555686880065856], [6.219018079430604, 50.555484735590696], [6.219480805143168, 50.55523072127867], [6.220027710624101, 50.55496034788462], [6.220526859122586, 50.554780150838226], [6.220995620293724, 50.55465127238196], [6.221524139553061, 50.554575568371924], [6.221847130173803, 50.55454862103364], [6.222310236203746, 50.55452203990738], [6.222942020139491, 50.55454387376977], [6.223552250680717, 50.554608106162526], [6.224109401036162, 50.55471952644201], [6.224401413017707, 50.554803571666476], [6.2248061891191595, 50.55494692126718], [6.225175637078287, 50.555141509373385], [6.22561654124653, 50.55542155432094], [6.2256696089014785, 50.555645253186675], [6.225984946889475, 50.5558727214603], [6.22621441751871, 50.556061585649665], [6.226720889746545, 50.55651462885739], [6.226845353593377, 50.5566655031718], [6.226902612055807, 50.556892737419496], [6.2268376180017375, 50.557256052469086], [6.226753204134966, 50.55760330699321], [6.226749528010101, 50.55778156746503], [6.22680211083296, 50.55817836697966], [6.226813066856902, 50.55874203412841], [6.226868428223878, 50.55955587273164], [6.226897776617151, 50.559803229721695], [6.226959373307235, 50.560451048236054], [6.227014593735365, 50.56085806591707], [6.227033709156712, 50.560955543705745], [6.227110844056493, 50.56094370889319], [6.227184696678931, 50.56102817048215], [6.227381036417231, 50.5611052417663], [6.227552179597911, 50.56122351318604], [6.227633081549975, 50.561322381825434], [6.227659738614154, 50.561441519705696], [6.2274811272377635, 50.56150790404763], [6.227558548211921, 50.561689634602224], [6.2280609315234505, 50.56193617867578], [6.228300499110305, 50.56205373993381], [6.2286851303530275, 50.56225812273775], [6.228976680873695, 50.56241303617355], [6.2290048441088, 50.56243414385307], [6.229109054333319, 50.562512283732566], [6.229146321100261, 50.56254021959961], [6.229584754997216, 50.56279411260321], [6.229808461702605, 50.562910636455506], [6.22993082749658, 50.56296772719422], [6.229971914687633, 50.56298688445431], [6.230251535283118, 50.56311733155662], [6.230531100909643, 50.56321094131921], [6.230721694689287, 50.563307488621184], [6.231152123636024, 50.56349754405463], [6.231167570954702, 50.56350481088763], [6.231428882584846, 50.56362776726634], [6.232059501663111, 50.56383517474694], [6.232209150367353, 50.56384781000935], [6.23250839497376, 50.56387374434327], [6.23263201165019, 50.563705748146745], [6.232919792710412, 50.56376004054629], [6.233393409646222, 50.563804231869625], [6.233663766039071, 50.56383777905007], [6.233939593676554, 50.56390980215076], [6.2340345444040235, 50.563955748515816], [6.234106821465712, 50.563990730509566], [6.2338368326190245, 50.56422785850329], [6.23365047585096, 50.56442399480486], [6.233681464981753, 50.56448201280697], [6.234300714335616, 50.56472885146456], [6.234463793027915, 50.564813404683356], [6.234607496921996, 50.56490083450908], [6.2347126905160115, 50.56496484315599], [6.234897344533531, 50.56507963750317], [6.235155355049115, 50.565297136316275], [6.235409246848149, 50.56554618177331], [6.235752178529334, 50.565845537748714], [6.23601232453085, 50.566158893051956], [6.236218163662349, 50.566505895403566], [6.23632818605455, 50.566848679118515], [6.236347036645673, 50.566921367102054], [6.236351059350226, 50.56726399935075], [6.236314329219992, 50.567477428473296], [6.236306413255668, 50.56754992160462], [6.236548006179042, 50.56820215135954], [6.236553946259524, 50.56821817790045], [6.236581185745462, 50.56829161372052], [6.236636505640288, 50.56844077209057], [6.236551942024317, 50.56866788957033], [6.2364035914987115, 50.56906634382311], [6.236447041008804, 50.56909498176599], [6.236362622751308, 50.56951885422191], [6.236380101331929, 50.56961065133799], [6.23641224325202, 50.56993473744899], [6.236316655650544, 50.57001185015309], [6.236272710667371, 50.5706287847154], [6.236255597145248, 50.57063689676878], [6.236254733723692, 50.571013261698376], [6.236256051087426, 50.57111475863953], [6.236256428555268, 50.57114329132646], [6.236257422911261, 50.57121990891649], [6.236262991258569, 50.57139692240695], [6.236263628501102, 50.5715394661978], [6.236264576427491, 50.57175414073032], [6.236264618223923, 50.57176476503235], [6.236265377899149, 50.571934648079875], [6.236295156493649, 50.57214181260482], [6.2363576673223955, 50.57241958394504], [6.236460295381195, 50.57266162545678], [6.236608428224143, 50.572922368851955], [6.236855040025373, 50.57320174932335], [6.236871663996405, 50.57322059310255], [6.237116372999653, 50.57349030296997], [6.237335627906326, 50.573712039492314], [6.2373447368754995, 50.573721241891285], [6.237401774789597, 50.57377892356615], [6.237604656297659, 50.57408352127343], [6.237822419285477, 50.57430693949051], [6.237876572712082, 50.57436251955239], [6.237995890853337, 50.57452231696005], [6.2381681135271245, 50.574753028276355], [6.238311343889057, 50.57496408056552], [6.238385288695389, 50.57511188076588], [6.238431369435816, 50.575144187389384], [6.238524657245944, 50.57520959189307], [6.2385222540744, 50.57521372662609], [6.2385047020350255, 50.57524403769618], [6.2384985584258015, 50.57525464116362], [6.238476906256935, 50.57529201510677], [6.238697919151354, 50.57568192838752], [6.2389128992204395, 50.57616632730029], [6.239128525930782, 50.57658155022897], [6.239325445927719, 50.57713961307831], [6.239465387290117, 50.57762613481787], [6.239520758542709, 50.57822416963929], [6.239507148942078, 50.57850536866218], [6.239450026474277, 50.578791913233815], [6.239446860056984, 50.578858357405196], [6.239445500453313, 50.57888691180403], [6.239400520620239, 50.579147955189846], [6.239368869697862, 50.57935453411911], [6.239296017197646, 50.579818638919896], [6.239210413014426, 50.580354582435255], [6.239206244463622, 50.580380677485884], [6.239116874112143, 50.580940143888874], [6.239116166649277, 50.58129292652499], [6.239119627247171, 50.58132843157463], [6.239153355500269, 50.58167458300618], [6.239243349792847, 50.582090369277815], [6.239314117286718, 50.58257400869882], [6.239381299094491, 50.58297286453013], [6.239395318616185, 50.583056096465896], [6.23942418943241, 50.58305211271354], [6.239500907367821, 50.58334233514421], [6.239509682679456, 50.58345749245105], [6.239503388399914, 50.58358463372304], [6.239555664525844, 50.58386424680759], [6.23959748243874, 50.584122913964535], [6.239610664526993, 50.58424824134372], [6.239631365756814, 50.58426509447836], [6.239643921494771, 50.58427531390271], [6.239714046059759, 50.58475073404926], [6.239833171536211, 50.58514957991957], [6.239962913900149, 50.58550995321772], [6.240003995402435, 50.58556414270494], [6.240018510112624, 50.58563072722879], [6.240023915240305, 50.585646291086846], [6.240327626046346, 50.58628790270568], [6.2403890796796855, 50.5863984259777], [6.24042284618348, 50.586456192855316], [6.240501201098446, 50.58659976917895], [6.240594683649687, 50.58675358075024], [6.240741589458971, 50.58701248076059], [6.24090549589035, 50.5872773965208], [6.24095012283435, 50.58734952506592], [6.240958940853577, 50.58736375753035], [6.240983494153481, 50.58740344146406], [6.241349399877491, 50.587994775135826], [6.241393011695565, 50.58810192455784], [6.242062834749623, 50.58920533800079], [6.242234905564516, 50.58912443762091], [6.242856383337704, 50.59001214836413], [6.24280347978159, 50.59002834584468], [6.242600251890827, 50.59009059066903], [6.242641504421284, 50.590154057188826], [6.242688993000535, 50.59022711631926], [6.242869091917599, 50.59052553273288], [6.242993100832241, 50.590668641388255], [6.243045190932547, 50.590728748391385], [6.243051232360447, 50.59074118784958], [6.243132851499335, 50.59090918938138], [6.24342206963402, 50.591285019822365], [6.243464310847379, 50.591332812904284], [6.24356994427815, 50.591452386209], [6.243738176695269, 50.591642821255604], [6.243865337397685, 50.59176908367572], [6.243958551681132, 50.59186326609202], [6.244105536693574, 50.59200746618202], [6.244462148948902, 50.59235396412004], [6.244787745496447, 50.592623106150455], [6.24507018540964, 50.59285554211865], [6.245276364986109, 50.593003975068456], [6.245433994935317, 50.59312016257407], [6.245501856794756, 50.593170180279856], [6.246061728490262, 50.59362767932666], [6.246237042487103, 50.59378861212945], [6.246376264762136, 50.5939164073331], [6.246404697241974, 50.593953438272464], [6.2465583508530615, 50.594153571723695], [6.2466009931971, 50.5942105661248], [6.246637460323149, 50.59425932781482], [6.246997358670464, 50.594737026456194], [6.247292170488638, 50.59512833365303], [6.24739166677463, 50.59524513157758], [6.247592710868614, 50.59548113238818], [6.247845893404863, 50.59577833610015], [6.247946506749623, 50.59588257573407], [6.248049771678927, 50.595989576502326], [6.2481105387288824, 50.59606781353326], [6.248195336012951, 50.596182527174754], [6.248231251182277, 50.59623111336737], [6.248171599663151, 50.596253396423336], [6.248279818209122, 50.5963944437215], [6.248551904819408, 50.59674904984282], [6.248559030384185, 50.59675820440361], [6.248585480961989, 50.5967922015402], [6.248671950051947, 50.59691100212908], [6.248765875392628, 50.597040080407716], [6.248852630417833, 50.597178946755506], [6.248975403754267, 50.59744800525339], [6.249107128540824, 50.5978650201756], [6.2491086108821925, 50.59787643404687], [6.249145402178206, 50.59814940619489], [6.249142945828019, 50.59820169081732], [6.2491484389387475, 50.59820225239133], [6.249604494671129, 50.59824862227182], [6.249474607043593, 50.59852329598141], [6.249490518006511, 50.59852721600781], [6.249437910904096, 50.59863342882261], [6.249284452212788, 50.59866137564285], [6.249094672645411, 50.59868301290656], [6.249091639007728, 50.598728717437396], [6.249089309460617, 50.5987635634937], [6.249087017044043, 50.59879825751004], [6.24908627423744, 50.598809294971915], [6.249085336532056, 50.59882343114804], [6.249391312653615, 50.59875922207233], [6.249136966981562, 50.599277151260644], [6.248947236885373, 50.599679445378676], [6.248901435555553, 50.5997728837942], [6.24872592749455, 50.60013095178939], [6.248490570793464, 50.600589384828865], [6.248397972512076, 50.60078332591553], [6.248305133947225, 50.60097773799138], [6.24828691239851, 50.60100831348304], [6.248059519403163, 50.60150280648146], [6.247976507446824, 50.60167434211062], [6.247863051926136, 50.60190881648119], [6.247821730145234, 50.601994201798036], [6.247533073455565, 50.60252811025138], [6.2475117347242275, 50.602612603583026], [6.247622366201255, 50.60264423291947], [6.247483284121522, 50.60272534525007], [6.247460831309394, 50.60281434517595], [6.247445812445223, 50.60287380765987], [6.247420252170694, 50.60297510909381], [6.247412971562407, 50.60300394623094], [6.2475180863516435, 50.60302332448463], [6.2476105601114105, 50.603040370867404], [6.247746920715596, 50.6032177045014], [6.247794961191231, 50.603497158498286], [6.247798180274638, 50.6035158635106], [6.247808382743168, 50.60357522968208], [6.24795285128692, 50.603918804757924], [6.2481675989820085, 50.604232342109455], [6.2484686663093125, 50.60454520276522], [6.24886726608676, 50.60483748395977], [6.249273026066884, 50.6050480683135], [6.249311371849055, 50.60506796307497], [6.2497898781501044, 50.605258595196496], [6.250284602544284, 50.60541769369823], [6.250765967716029, 50.605576636489864], [6.250766003174986, 50.60565529065589], [6.250788480727187, 50.6056971720455], [6.250821603877444, 50.60575889620075], [6.250971880783144, 50.605811837143186], [6.251673852909526, 50.60603607271221], [6.252469087075355, 50.60629682147748], [6.252942412106204, 50.60644483418675], [6.253253369650386, 50.60654771754085], [6.253985467072374, 50.60679968905809], [6.254420140366876, 50.606971754380794], [6.254951736510349, 50.60720218801272], [6.255119460610927, 50.60728386051626], [6.255175722461748, 50.60727531041797], [6.255350091118798, 50.60735916314565], [6.255338248835362, 50.607386543916824], [6.255758915687063, 50.607574779950724], [6.256440593227719, 50.607942834443016], [6.2569018112665375, 50.60819567128655], [6.257189795541489, 50.608333686214166], [6.257944694216019, 50.60877360058747], [6.258134173387123, 50.60888534796092], [6.258721155504414, 50.609188867348365], [6.259135302303707, 50.60942507016705], [6.259628799853123, 50.60970721532942], [6.2600620886123854, 50.6100335285075], [6.260559112745045, 50.6103863011748], [6.2608328510127285, 50.610633891748215], [6.2610960359143135, 50.610868280426274], [6.261450385022433, 50.611196913778095], [6.261536391555747, 50.61129083978739], [6.261580431646252, 50.61133893804927], [6.261651416795144, 50.61139018870469], [6.261973559843899, 50.61170950851457], [6.261995171859091, 50.61173073249916], [6.262039490960638, 50.61177428562089], [6.263327794405598, 50.61303994471087], [6.2635648248789595, 50.6132721026054], [6.263733195576946, 50.61343700912047], [6.26415525808625, 50.613850375889285], [6.2650619906581655, 50.61476849024624], [6.26544762289747, 50.615166127393486], [6.265536958275937, 50.6152582484925], [6.265658206955286, 50.61537734871465], [6.265668078170469, 50.61538704338148], [6.265769827128101, 50.615486966733954], [6.266069295166703, 50.61578111352606], [6.266244905856604, 50.615953607171576], [6.266343813459262, 50.61599482432101], [6.266433894166233, 50.61608707013681], [6.266543110293795, 50.61619919453055], [6.266790178148611, 50.616452863538576], [6.267090171494431, 50.61676083634753], [6.2674109042901485, 50.617096208396944], [6.267420128824018, 50.61710585174891], [6.2675393398953325, 50.6172305060195], [6.267620627895548, 50.61731549235962], [6.268045343030545, 50.61779449864806], [6.26842680851084, 50.61826047115647], [6.268733791878913, 50.61870069620043], [6.269040291692382, 50.619277688161105], [6.269058607882517, 50.61936077355093], [6.2691908685073265, 50.61972348996017], [6.269310171746925, 50.62013757899356], [6.269316667718914, 50.62016016506717], [6.26932258470548, 50.62019615821327], [6.269409956006075, 50.62053132197888], [6.269449340588685, 50.6208691471782], [6.269470879226517, 50.62119920484151], [6.2694699819699355, 50.6215353027166], [6.269457944476397, 50.62212756185661], [6.269451470342549, 50.62262966788533], [6.269436947626052, 50.62305788850151], [6.269478844605688, 50.623058133479624], [6.269464556956475, 50.62313021772682], [6.269455109289361, 50.62317783194951], [6.269386577236123, 50.62352347044219], [6.269392910831005, 50.624090020603205], [6.269379915253402, 50.62460263271753], [6.269411659385643, 50.625044018668945], [6.269457763503626, 50.625182994313995], [6.269539150695245, 50.62529290675356], [6.269554529398726, 50.62532376068293], [6.269560369416973, 50.6253354742902], [6.269565120969964, 50.62534498556508], [6.269580664545007, 50.625376167179375], [6.269663984148884, 50.625543270509944], [6.269683999488279, 50.62558342610852], [6.2697125923573855, 50.62564076553125], [6.270054473251872, 50.62605151812703], [6.2703239555180605, 50.62630610906921], [6.270334768758292, 50.62631399938742], [6.270419445904385, 50.62637573875827], [6.270546480879211, 50.62646838862401], [6.270692425302927, 50.62656392826076], [6.27101458978676, 50.626774822094106], [6.271075950420178, 50.62678137844879], [6.271331423043805, 50.62691813608115], [6.2714103488711554, 50.62697032209072], [6.271572941778464, 50.627077809398585], [6.271573488188117, 50.627107685814295], [6.271765915107455, 50.62721208502654], [6.271861504796831, 50.62726395057014], [6.272196465934342, 50.62745159179447], [6.272178636799249, 50.627462282996696], [6.272219504729845, 50.627483542299515], [6.272275088879526, 50.62751245933355], [6.272283435427291, 50.62751680159295], [6.272655024436508, 50.62771791061773], [6.27281916693835, 50.62781802049843], [6.272845747817638, 50.627834231525206], [6.272962582963976, 50.62796178346658], [6.273197262491481, 50.628134497871486], [6.273394826125624, 50.628328884252845], [6.273522601924533, 50.6284546139448], [6.27355579098841, 50.62850472900418], [6.273655654819648, 50.62865557579435], [6.27375540360837, 50.62880622190593], [6.273764858220064, 50.628820502554326], [6.273831799951446, 50.62897723467311], [6.273930875190673, 50.629209674898554], [6.273984405931146, 50.629384829630304], [6.274062236665208, 50.62964007853078], [6.274037285729231, 50.62975159079074], [6.274108413376834, 50.62987292621921], [6.274099204046941, 50.62990865486554], [6.274085103019601, 50.62996341946617], [6.274075819485342, 50.62999945220519], [6.274068323384414, 50.63002854662573], [6.274027446253784, 50.63024199579661], [6.273941717847822, 50.630482423479826], [6.273831253670258, 50.630706476638], [6.273799976179113, 50.63076991505587], [6.273627592146782, 50.631014052410514], [6.273496974430113, 50.631168920128374], [6.273341804781932, 50.63131596274873], [6.273431111035191, 50.63136440555494], [6.273484314955585, 50.63136856579538], [6.273511778750358, 50.6313707830228], [6.273510048301422, 50.63137355795523], [6.273499900853367, 50.63138980828021], [6.273462663322728, 50.631409112230465], [6.273324924312951, 50.631480527783005], [6.27318109296417, 50.63153795710917], [6.273034604106348, 50.631575570877594], [6.273008060114424, 50.63160070206107], [6.272999890513687, 50.63160843537169], [6.2728498576235205, 50.63175048846205], [6.272818988842419, 50.631779719001344], [6.272796275920647, 50.631814888400214], [6.272790854258333, 50.6318232797323], [6.27277909337976, 50.63184149810379], [6.272744901281648, 50.63189441572328], [6.272673534898994, 50.63238905534104], [6.272587592071465, 50.632947569161246], [6.272447289440215, 50.632933956362166], [6.272407439394447, 50.63300664740488], [6.272376868108643, 50.63301289343755], [6.272289206384574, 50.63312552685207], [6.2722697483368535, 50.63315624788594], [6.27224702201807, 50.63319553660084], [6.272390431185596, 50.63327298835272], [6.272481873482236, 50.63329777992177], [6.272536733094108, 50.63327802553105], [6.272517570072813, 50.63336324555785], [6.272503362028324, 50.63342639984272], [6.272443469656482, 50.6333999546618], [6.2723366863683205, 50.63339584312597], [6.2722552003071925, 50.63342038868895], [6.272206593213927, 50.63352436620535], [6.272179265120297, 50.633557880217374], [6.272141356485751, 50.633604360085805], [6.271885275746393, 50.63372674694457], [6.271828155622657, 50.63380773138101], [6.271689646550624, 50.63400409530775], [6.271639783956118, 50.63407477946139], [6.271596499766821, 50.63413810686782], [6.2715045547114014, 50.6342726052625], [6.271400122524776, 50.634425376762735], [6.271347132818612, 50.63450290471174], [6.271320321546775, 50.634542124507696], [6.270997852790848, 50.63501217770849], [6.27086498943217, 50.63522839015356], [6.270741934498103, 50.63542054570224], [6.27086733113228, 50.635452556829605], [6.270620103256668, 50.635661123202006], [6.270476944429767, 50.63585235748526], [6.270105350639353, 50.63626797899372], [6.269860536792923, 50.63656969020597], [6.269702579200659, 50.63652790149187], [6.269668114248609, 50.636598577062244], [6.2696837719489, 50.63660272212752], [6.269566835588645, 50.63677702082481], [6.269408187203531, 50.637024496489744], [6.269380040505674, 50.63706839794131], [6.269369685308709, 50.63708891569319], [6.269319545618297, 50.637168893263464], [6.2691724320577285, 50.63740351533105], [6.2690337416803805, 50.63761408410119], [6.268898803334634, 50.637818956891444], [6.268829911238396, 50.63792567748063], [6.268710620898798, 50.638130692205], [6.268625002628062, 50.63827336935957], [6.268423395000302, 50.63865603013683], [6.268142460296136, 50.63914620038531], [6.2680803906202, 50.639254483827216], [6.267765205978536, 50.639818472597874], [6.267434644199488, 50.64041086586271], [6.2669603174082145, 50.64123738943125], [6.266850994273434, 50.641450731768316], [6.2667881782240284, 50.64159174800408], [6.266704877532954, 50.641689898686536], [6.266377106125127, 50.64207611591885], [6.266297026266492, 50.642135573246634], [6.2662043669410785, 50.64220435090561], [6.265975030773076, 50.64237470292828], [6.265854840332412, 50.64246398128177], [6.265223172717383, 50.642799271558545], [6.264769666290543, 50.64296532779243], [6.2646417959352645, 50.64301214776252], [6.264312215761218, 50.643112292063726], [6.264254398363841, 50.643129859336966], [6.263890352200736, 50.64322082731857], [6.2633611583617705, 50.6432996916341], [6.262796566483626, 50.64335280518364], [6.262547736338283, 50.6433591082207], [6.262287222824711, 50.64335589812095], [6.261581160564661, 50.6433376140576], [6.260986638080973, 50.643259325750364], [6.26041930855528, 50.64316252366368], [6.2598827140175795, 50.64303472543782], [6.259377517199175, 50.642864316472114], [6.259251433486846, 50.64282178866654], [6.258604073627502, 50.64260109392412], [6.258579878778745, 50.64259316635781], [6.257978136413565, 50.64239594872538], [6.257250043394175, 50.642155831839695], [6.256734245352505, 50.6420183803106], [6.256208333829265, 50.641898687297264], [6.255644476319583, 50.6417956649552], [6.255468871486484, 50.641765566423885], [6.255215815519257, 50.64172218228937], [6.254302709941746, 50.64157298834268], [6.2535185460635745, 50.6414500087987], [6.252678507850491, 50.641313022625766], [6.252373168398872, 50.64126392815429], [6.25235671588678, 50.6412612821747], [6.251865803363964, 50.64118234233506], [6.251395352380606, 50.641107670323564], [6.25135416042919, 50.641101130048185], [6.251168817198583, 50.641071712605005], [6.25105280986321, 50.641053295605126], [6.25021348727228, 50.6409185841616], [6.2494058727187145, 50.64078962588282], [6.248853712514917, 50.640715657942685], [6.24861075296186, 50.64068729479215], [6.248556521915358, 50.640680958144095], [6.248351693097104, 50.64065704849166], [6.247824337554958, 50.64061978604054], [6.24728133626627, 50.64061546012086], [6.246721248036652, 50.64064523279179], [6.246246397902476, 50.64069462196721], [6.246229618446348, 50.64069636598109], [6.246167111547411, 50.6407028663784], [6.245671567401783, 50.64077277632958], [6.245154567353874, 50.64087742831579], [6.2446435001974345, 50.64101046298017], [6.244192603591688, 50.641158753902005], [6.2436539352181555, 50.64136592518675], [6.243236786241394, 50.64156321595979], [6.242830797205394, 50.641787278030435], [6.242441648080729, 50.64204087259274], [6.242340977959926, 50.64211830196593], [6.242328446835808, 50.64212792678331], [6.242048640498354, 50.64234311887733], [6.241576508382863, 50.6427648962483], [6.241094467734844, 50.6431875973513], [6.240674404255632, 50.64348242475485], [6.240211575331178, 50.64373832282286], [6.239754277729124, 50.64394153102471], [6.23913914058145, 50.64416385180408], [6.2385451745304294, 50.64437749643891], [6.23810254630378, 50.644550822599804], [6.237661127101745, 50.644767379207366], [6.237275238229016, 50.64500621021843], [6.236899286125043, 50.6453094737357], [6.2366258326827895, 50.645585106881235], [6.236396969289455, 50.6459019157648], [6.236118730433408, 50.646380633325], [6.2358481385487154, 50.6468610519223], [6.235639721364302, 50.647226270538475], [6.235376076812309, 50.647573527721576], [6.235039427378922, 50.647911135231915], [6.2346633107364315, 50.64821726622058], [6.234254010407327, 50.648478163133035], [6.233749609216811, 50.64872090521949], [6.233272723278654, 50.64889572029445], [6.232726811310479, 50.649068515347864], [6.232186377035128, 50.649176475484126], [6.231591144898486, 50.64926567092338], [6.231017814406032, 50.649299983319366], [6.230384612675486, 50.649289017841404], [6.229794721759189, 50.64923183698096], [6.229219230751281, 50.649138673535255], [6.228685977299627, 50.64900892189553], [6.228145714582929, 50.64883343175819], [6.227635803915467, 50.64861732919215], [6.227252470519764, 50.64840664003279], [6.22687417486275, 50.648155402680324], [6.226512217968197, 50.647861520621625], [6.226186326029662, 50.64754005394583], [6.2259433645396305, 50.647203327315], [6.225743549919685, 50.64684197403389], [6.225674576126298, 50.646618097632874], [6.225671309917865, 50.64660750453469], [6.225630232951075, 50.64647416285777], [6.225583235725802, 50.646078085900264], [6.22559367172823, 50.64571712694567], [6.225680525672698, 50.64528060372635], [6.225774155806233, 50.64478067342447], [6.225776472124547, 50.644752888743184], [6.225779249048388, 50.64471944811593], [6.225803454948245, 50.644428223421706], [6.225783626528877, 50.64410355824132], [6.225704039837505, 50.64375807585379], [6.225571897965583, 50.64344216745582], [6.225365104365821, 50.64309583966009], [6.225087195325312, 50.642783455401286], [6.224603502660441, 50.64232861253002], [6.224191368988271, 50.64193735082071], [6.223856487521928, 50.64167451767405], [6.223534319201318, 50.64146506684698], [6.223292522536329, 50.64133176839433], [6.2231196391148025, 50.64123646214164], [6.222919364529438, 50.64115252883862], [6.222880284195251, 50.64113615216954], [6.222639482076593, 50.64103521349933], [6.2223527208139116, 50.6409330970492], [6.222192692467453, 50.640875785589564], [6.221601015351253, 50.640723279258815], [6.2211455364401935, 50.64063784969124], [6.221053845938256, 50.64062058565749], [6.220522029817229, 50.640562170138956], [6.219750472449104, 50.64050672645763], [6.218880458458693, 50.64043653983109], [6.218878609127756, 50.640403906321154], [6.2186577268758825, 50.640388609920514], [6.218159607343182, 50.6403556260863], [6.217931880723616, 50.64034054258325], [6.217782742920505, 50.640300135176226], [6.217168684077924, 50.640251684675526], [6.217120630129117, 50.64024789165436], [6.217024762958291, 50.640257294108416], [6.217006366076387, 50.640259103198446], [6.21697853661998, 50.64026182922234], [6.216887766517853, 50.64025990258832], [6.216808793724082, 50.64025103477642], [6.216742919679428, 50.64024336152963], [6.216644636233982, 50.640231900181696], [6.216529943585531, 50.640218535315235], [6.216538947119833, 50.640177975619], [6.215853889623044, 50.640146611773204], [6.215183273897495, 50.640149473937754], [6.21505704999594, 50.64015195110612], [6.214537956791362, 50.640151741072245], [6.21448493952623, 50.640151750106355], [6.214342020922754, 50.64015165030268], [6.213464479838133, 50.64016108378235], [6.213444233908286, 50.640165213780556], [6.213427711064131, 50.64016857833563], [6.213392588488453, 50.64017574347295], [6.213295010147434, 50.64019564420391], [6.213270693816326, 50.64019541306408], [6.2130781495404745, 50.6401937012559], [6.21307252036144, 50.640166922937134], [6.212985002740421, 50.64016501712965], [6.212805596419558, 50.640161208629884], [6.212591277644805, 50.64015647415757], [6.212395434621084, 50.64014477860659], [6.212120147020387, 50.64012981339045], [6.212023296817354, 50.64012450812976], [6.211827485143906, 50.64011587071729], [6.2117826618194885, 50.64011271054198], [6.2115201363126555, 50.640428278956165], [6.211216159188207, 50.64025522765335], [6.211148980915141, 50.64021561424248], [6.2111137530767175, 50.640178457131285], [6.211228511987283, 50.64007675414634], [6.211175475249636, 50.64007064451139], [6.2111367241367885, 50.6400662262781], [6.211111644575873, 50.64006335882113], [6.211022243181362, 50.64005313988439], [6.210996559440694, 50.64005020396038], [6.21096515917127, 50.64004658240258], [6.2107913506901165, 50.64003305519657], [6.2105018542124935, 50.6400105856511], [6.210309540862469, 50.63999925898162], [6.210036057839469, 50.63998322565273], [6.209709070529528, 50.63995012308415], [6.2090786680386465, 50.63990292920738], [6.20900696931766, 50.63989785547316], [6.208456096720076, 50.63985870814279], [6.208420165841178, 50.63988450832889], [6.208340184241905, 50.63987861494102], [6.208021652198908, 50.63985514623267], [6.20757375748297, 50.63982364505272], [6.20749634061797, 50.63982865173712], [6.2074982397128355, 50.63986412915116], [6.207430580979243, 50.63985676761846], [6.207276974729492, 50.63982581032186], [6.207188780738706, 50.639807656684525], [6.207169160525558, 50.63980361502065], [6.207117901942324, 50.63979305760115], [6.206981397996999, 50.639764956797364], [6.206874006572801, 50.639745892676395], [6.206450005587666, 50.63971795569059], [6.206301213630519, 50.639708152242115], [6.206122733146473, 50.63969640392062], [6.205857993670931, 50.639678960404645], [6.205442216220609, 50.63964523529804], [6.205071831569688, 50.63961126700013], [6.204109568545579, 50.639549216623415], [6.203910929226066, 50.63954252186476], [6.203615010378406, 50.63953254607545], [6.2031125305197445, 50.63954565498297], [6.20253754754784, 50.639598433531354], [6.202455883853221, 50.639613967100615], [6.202434823889236, 50.63961797668403], [6.202350584532491, 50.63963400599664], [6.202329524551265, 50.639638015560706], [6.202294000550586, 50.63964477192554], [6.201891829103928, 50.63972680479597], [6.201503689022535, 50.63981382400846], [6.201307736977306, 50.63987304290751], [6.201090278670085, 50.6399623280466], [6.2004689579767716, 50.64022454112961], [6.200425132391687, 50.64022245299349], [6.2000327020722805, 50.64039077933205], [6.1996322885685755, 50.640539878624494], [6.199150831160459, 50.640688052604894], [6.199131248532624, 50.64069408506054], [6.198571353920038, 50.64080915671159], [6.198445417840507, 50.640835037187834], [6.19787817311577, 50.64090170564879], [6.197685877677211, 50.640915967754864], [6.197492487530353, 50.64093032013332], [6.197129350745833, 50.640947746438144], [6.196880250314296, 50.640952670121756], [6.196792456621516, 50.640954433505385], [6.196658966501224, 50.64094845824776], [6.196425376197421, 50.64093806681163], [6.1963203124254616, 50.64093338726327], [6.196193016150771, 50.64091913214283], [6.1959651608081305, 50.640893442181024], [6.195822877011018, 50.64087741349327], [6.195560880763017, 50.6408345203445], [6.195316161341604, 50.640799148925176], [6.195225060376671, 50.64078590849045], [6.194936090777609, 50.640723762202754], [6.194611900178617, 50.64063976291375], [6.194113985830498, 50.64048153123571], [6.194075012353616, 50.64046852056461], [6.193982335908428, 50.64043758367802], [6.193895457384775, 50.64040857647942], [6.193882919478671, 50.64040438841468], [6.193869319631434, 50.640399742988556], [6.193409804226404, 50.64024192990967], [6.193139111826457, 50.640143312489556], [6.192818783524153, 50.64004352477652], [6.192656338673953, 50.64000271018762], [6.1925213362181255, 50.63996877269857], [6.192461199714114, 50.63995556604388], [6.192282066681763, 50.63991612958932], [6.192208916856037, 50.63990007237296], [6.192087532196344, 50.63987878612916], [6.19188410588807, 50.63984325181325], [6.191880573176195, 50.639842716857835], [6.1917505699312745, 50.63982387598245], [6.191608137058813, 50.639803071065614], [6.191558499810085, 50.639797403256665], [6.191393438197672, 50.63977843600065], [6.191337440975549, 50.639771967036786], [6.191239301237851, 50.63976556090482], [6.190966392050148, 50.63974785040025], [6.1909000480681735, 50.63974599800003], [6.1907897569214105, 50.63974292338626], [6.190744143545815, 50.639741651999074], [6.190677695888635, 50.639739877927084], [6.189984086903991, 50.63975781753066], [6.189654504812538, 50.639776965717765], [6.189537485412298, 50.63985319985419], [6.189411336564516, 50.639805583887565], [6.18932859275699, 50.639822305547725], [6.189226590246336, 50.6398429339092], [6.189189692656542, 50.63985039073367], [6.1891061419377555, 50.63986569850658], [6.189057938473596, 50.639874402543455], [6.188854215175857, 50.63991116792214], [6.188828332535574, 50.639886471965156], [6.18832467857222, 50.640018108033026], [6.188204376211059, 50.64004954657307], [6.187605198592679, 50.6402355873503], [6.18734272566234, 50.640331567547726], [6.187149165808231, 50.640425460942815], [6.187079747610187, 50.640459188972216], [6.187050766329281, 50.64047121701399], [6.186971612583221, 50.6405040531396], [6.186915303630276, 50.64052742050375], [6.186671619871707, 50.64065169319962], [6.186548883473807, 50.64072003240572], [6.186401469449051, 50.64080198756138], [6.186118033635035, 50.640988984388706], [6.18607546331831, 50.64101961863911], [6.185895432908929, 50.641148819170844], [6.185757353365194, 50.64126626020275], [6.18568127374816, 50.641330931723935], [6.185620772747727, 50.641406180263786], [6.185525443325899, 50.64149919795536], [6.185464605746403, 50.64155853481222], [6.185279105127299, 50.64176828890209], [6.185123075941167, 50.641958758888606], [6.184898136886898, 50.64231276807963], [6.184813199007992, 50.64249880366328], [6.184761469393506, 50.642646854888596], [6.184718835586312, 50.6427686442145], [6.184696119882859, 50.642780184511885], [6.184651288934203, 50.64292049572525], [6.184579362395276, 50.64314534507488], [6.184486776163112, 50.64343604323805], [6.184396569631602, 50.64371980961772], [6.184284212844971, 50.64405530226301], [6.184200923410866, 50.644305449880584], [6.184100010188987, 50.64460874649661], [6.184097817406434, 50.64465392119813], [6.184095706123737, 50.64469749672952], [6.18409359376099, 50.6447410902249], [6.184037635419268, 50.64488832824116], [6.18401302477545, 50.64495281314747], [6.183917762642929, 50.64520510870739], [6.183800662548646, 50.64551074812288], [6.183782322214105, 50.645522196175065], [6.183715568699152, 50.6457273537249], [6.183668079900729, 50.64587368100436], [6.1836330288320385, 50.645982601329344], [6.183614425649456, 50.646102012047116], [6.183592451387998, 50.64629999500634], [6.183609860813226, 50.64655689540771], [6.183621040019871, 50.646665386699624], [6.1836816485704755, 50.6469096412522], [6.183688322384485, 50.64692602095746], [6.183705028398115, 50.64696696624051], [6.183719908027074, 50.64700344172459], [6.183819343677653, 50.647225850469944], [6.184041281020176, 50.6475935251928], [6.184052586185204, 50.647628034196885], [6.184055998589529, 50.64767126654516], [6.184141086473381, 50.64773647924324], [6.184314116781053, 50.647627612026334], [6.184327347602265, 50.64761928759463], [6.1846712310623415, 50.64811752411734], [6.185156266932968, 50.64813539363073], [6.185347704000785, 50.64814244079273], [6.185373142525828, 50.64856264421283], [6.185055350042098, 50.64857307864329], [6.184918893216577, 50.64856314144263], [6.184931658939481, 50.648589329148905], [6.1849742031039066, 50.648676603301936], [6.184984448485157, 50.648697620818744], [6.185125928618458, 50.64868886148048], [6.185060725345864, 50.6487183545941], [6.185390434304802, 50.649261060056986], [6.18544436374913, 50.64934960767335], [6.185572293551771, 50.64955993032366], [6.185598541970834, 50.64965428534606], [6.185547743159489, 50.64964303696516], [6.185707326230416, 50.64988361063339], [6.186006833136883, 50.65011102335663], [6.186242076948942, 50.65024926959861], [6.1863810378005075, 50.65034829083179], [6.186271507726734, 50.650382011741684], [6.1861847818579365, 50.65043684653078], [6.186102666868796, 50.6504656707231], [6.186064711513748, 50.6505003743893], [6.186080912349307, 50.65052402737006], [6.186111010463237, 50.65056797643537], [6.186343173466572, 50.650906911022496], [6.1863891834899025, 50.650898649766106], [6.186481516716144, 50.65098292555392], [6.18656551992363, 50.651271891794686], [6.18653251650582, 50.651282212433564], [6.186682860196673, 50.65139868903762], [6.186830134914254, 50.651512788538085], [6.186976545310552, 50.6516262103188], [6.187440437625301, 50.651964659445696], [6.187452218847132, 50.65197326451628], [6.187692546448294, 50.65214860057214], [6.18784885719789, 50.65226262911321], [6.187931601405621, 50.652323005865085], [6.18796031737058, 50.652343956403826], [6.188760993070443, 50.65290569646685], [6.188734780830406, 50.652928568010765], [6.189131003508671, 50.653179193895504], [6.189381563409649, 50.65331749740167], [6.1898087909954755, 50.65357172969417], [6.190145641373812, 50.65375430111965], [6.190375326852853, 50.65391078167436], [6.190429917054876, 50.65394797143656], [6.190824632221202, 50.65418076259865], [6.191161541208547, 50.65437434248018], [6.1915370703393195, 50.65459206025699], [6.191837310667669, 50.65475999912858], [6.19227637052366, 50.655021730533015], [6.193200301633247, 50.65555977613438], [6.193228828791232, 50.655533667169145], [6.193526340531583, 50.655640548712825], [6.193490181088927, 50.655722270699464], [6.193503668224813, 50.655729827836744], [6.1935436501151395, 50.65575223581866], [6.193578182480613, 50.65577158903455], [6.193628269227244, 50.65579966457891], [6.1945665773286445, 50.6563496042563], [6.195093462110155, 50.656666062044536], [6.195461886321407, 50.65691384632657], [6.195752985445939, 50.657164894641966], [6.1958051210987035, 50.65722037278198], [6.195954286153368, 50.65737916671276], [6.1961628578791315, 50.65764528155757], [6.19623334564009, 50.65762575012491], [6.196373400869097, 50.657911362502254], [6.196490259255326, 50.65819825125995], [6.196546953616156, 50.65847034276182], [6.1965706535744385, 50.6587957906759], [6.1966237618552364, 50.658812423841724], [6.196611584320716, 50.65889283506665], [6.196576137068418, 50.65912677281685], [6.196472715461257, 50.6594560507391], [6.1960994166957235, 50.660317684715125], [6.196024319859908, 50.660507338069266], [6.195785661075886, 50.66111010348657], [6.195705707019328, 50.661273409860755], [6.195700663923565, 50.66128370478962], [6.195544041609829, 50.661603596173215], [6.195415706682707, 50.66189903617444], [6.195226910046321, 50.662333631842635], [6.195035205138056, 50.6626840166675], [6.194745538570788, 50.6630471623426], [6.194436568586139, 50.66333570438126], [6.194023818565918, 50.66362916616091], [6.193556959266238, 50.66387515955023], [6.193063860888866, 50.66407908707938], [6.192421289038564, 50.66426788639451], [6.191952275903117, 50.6643472225719], [6.1917760078914235, 50.664377036881376], [6.19121331912919, 50.664425974432724], [6.189962189529779, 50.664489279236186], [6.189671278903671, 50.664503991773174], [6.188851735058833, 50.664584786811], [6.1883145400296335, 50.66463662851594], [6.1882860417620975, 50.66463914274776], [6.188337622792232, 50.66448768652712], [6.188304736303407, 50.6644876121589], [6.188101882512445, 50.6644871850333], [6.188020363942006, 50.664672324722616], [6.187966014039436, 50.664662907775266], [6.187912349474634, 50.66465410103032], [6.187861688511247, 50.664645240856345], [6.187407423729727, 50.66456575484121], [6.186656259099249, 50.66449203911768], [6.186247343297484, 50.664417044211326], [6.185961369246357, 50.66436459204603], [6.185283400112043, 50.66418100625281], [6.183777271351978, 50.66370138548522], [6.182975191651307, 50.66350404452476], [6.182200347350398, 50.66337877848303], [6.181356334625361, 50.66328910909454], [6.181267822812304, 50.66327970770658], [6.181251018086105, 50.66327791571147], [6.180696464106704, 50.663218994436434], [6.180247621668681, 50.66317130144733], [6.178937029853938, 50.6630322758319], [6.178883858270943, 50.6630266341346], [6.178818620884252, 50.663019710651724], [6.177453724133181, 50.66287756266505], [6.176049834033412, 50.66272901098247], [6.175231312101856, 50.6626455640436], [6.174699796713267, 50.66261423933117], [6.17387577489611, 50.66264173970244], [6.173857652118648, 50.662642343344224], [6.173673956252712, 50.66264847262601], [6.172718406825903, 50.66269992006667], [6.172353229810462, 50.662709458010845], [6.17216186028148, 50.66271445409352], [6.1714032650149795, 50.662679974783295], [6.170438696421102, 50.662596130938375], [6.169353383616279, 50.662501383488475], [6.16157545681443, 50.669630996532895]], [[6.277355315812073, 50.971219681280516], [6.278222836627887, 50.97341683419202], [6.276621792285614, 50.97495594752273], [6.276141677462042, 50.977114818395286], [6.273763902841916, 50.98073047969045], [6.269855373967527, 50.9845059813202], [6.262513971463432, 50.98477783237356], [6.259163779219262, 50.986152255299565], [6.251986674131401, 50.98615147315297], [6.23980222579922, 50.9845951278434], [6.23398301073936, 50.9828271300745], [6.2294670137654204, 50.979582093373565], [6.224145832816147, 50.97753396716163], [6.230407256620427, 50.97105862544198], [6.239570988165267, 50.9673726136059], [6.237752593192525, 50.965326846089724], [6.231100215185469, 50.961537865815004], [6.236405152444917, 50.95229544940575], [6.235928646016656, 50.95093907504822], [6.231218546450989, 50.948125946278076], [6.231873895492582, 50.94542792840215], [6.229849117080706, 50.93880698308929], [6.231062784817493, 50.933959464321795], [6.230684995339, 50.9323601411571], [6.242899550879733, 50.936910779658895], [6.2509572065163335, 50.937936428324804], [6.258936688357065, 50.94274612216767], [6.259561678140721, 50.94510884561488], [6.258159226908132, 50.946226612796224], [6.265649816259345, 50.94478950545006], [6.268002744581763, 50.94322001827208], [6.264491648083233, 50.94129539168197], [6.263158265571493, 50.939491596128946], [6.266439384193101, 50.93358730522681], [6.264406675049976, 50.928845687959864], [6.264616420455936, 50.925708028202415], [6.260530142205745, 50.922400249457745], [6.256474248059405, 50.914175212505484], [6.252161580934862, 50.91077775551275], [6.239596420678365, 50.90877271553621], [6.231682336924783, 50.9041053673099], [6.231530478963814, 50.90215501695106], [6.234244373618008, 50.89906633013731], [6.244422007594098, 50.90174217296773], [6.256473400709641, 50.90369389287324], [6.258730373872882, 50.905639537734174], [6.259683102890096, 50.90822628913989], [6.263147433291303, 50.90989949459164], [6.265906231378163, 50.91247310424655], [6.270612250107038, 50.91484440059099], [6.27388272291726, 50.91483676208899], [6.277786996625619, 50.9161938743283], [6.2810735676008616, 50.91883778482435], [6.286091163642569, 50.920767231289645], [6.288288964984401, 50.92660471477761], [6.303683840246546, 50.92960395518526], [6.304767760818988, 50.92569986441704], [6.298556657569834, 50.91972019137199], [6.2870959843631375, 50.91305209751006], [6.285095621262726, 50.904499353825], [6.2822932143498305, 50.90186337547733], [6.257012235735588, 50.88797065721644], [6.251717536935064, 50.88384716623306], [6.2434189243361, 50.88115006032037], [6.222832975366124, 50.86996370401522], [6.222261274226017, 50.86923665997865], [6.222805040497485, 50.867087206760615], [6.22144823314157, 50.86554365239441], [6.209389202861337, 50.8593633653112], [6.206465101765738, 50.85652798507513], [6.199053871921492, 50.853700268912156], [6.198247745596859, 50.8511397079606], [6.204746886045238, 50.84685857666332], [6.205644134922363, 50.844250113048886], [6.207818473960009, 50.84151352109688], [6.207797041975109, 50.83988650783572], [6.206836752447379, 50.837829668083025], [6.201096652046194, 50.83340799379199], [6.198254677068749, 50.826005696161545], [6.192895926113045, 50.820594143638914], [6.19962929214888, 50.81887483515056], [6.204365457472003, 50.814839425982115], [6.204214096889571, 50.81376542442593], [6.213512890079885, 50.81418252142004], [6.216879978054142, 50.81760072190977], [6.216060410379416, 50.81961123526797], [6.216792713412617, 50.82209828778019], [6.219464138590514, 50.82419680622235], [6.236557851508648, 50.828280471721285], [6.244279489991612, 50.82837241836833], [6.255201495036649, 50.829715394123546], [6.264814883961322, 50.83296604990104], [6.258329510674729, 50.83647558249561], [6.250706890125354, 50.843508540293094], [6.24395352101311, 50.847117645261], [6.234238320068702, 50.86060714720604], [6.234359362038012, 50.87108803757642], [6.237773803907269, 50.87442276990377], [6.244412492667551, 50.8772112752551], [6.255360325244178, 50.87899098219751], [6.25898942971322, 50.88054248243226], [6.261957991557631, 50.88040872057188], [6.262125074647988, 50.87909466144815], [6.263630669644215, 50.87788054468841], [6.261716169075659, 50.872251529684846], [6.262978211571303, 50.87068918157763], [6.271775104372769, 50.86696517952303], [6.27428010763633, 50.86732481927402], [6.287885011741191, 50.861218523776316], [6.285763104255254, 50.86726450275591], [6.285961196081578, 50.86945737902685], [6.2908748413697415, 50.87148578369412], [6.301745528469453, 50.87410997036225], [6.304343979980319, 50.87606286297324], [6.307271734034597, 50.88052283129373], [6.309161080320265, 50.88903058620772], [6.300361746338149, 50.89751930382618], [6.308572484186789, 50.90532052511213], [6.306792734712525, 50.90923548545551], [6.3066391645229976, 50.911824752114974], [6.307675125645761, 50.91367378185086], [6.310288528160034, 50.915365805360054], [6.312501435970889, 50.91880271670539], [6.312203949650691, 50.925338582781336], [6.306456670208595, 50.92947084113136], [6.306579339555553, 50.93530281236562], [6.302743234171886, 50.93807412636112], [6.298754937732661, 50.93954063217205], [6.291243860207965, 50.93919838733308], [6.282118357220281, 50.94199767018266], [6.279264621812655, 50.94367042962068], [6.279162669358525, 50.94867357424281], [6.278381272260037, 50.94991031737608], [6.2792076252913045, 50.95044993346905], [6.277879788769466, 50.953183737601066], [6.278443199086919, 50.95534525794196], [6.276941070954211, 50.95684266368995], [6.276659250573667, 50.959167040429016], [6.2714746133952834, 50.96017512978228], [6.2706277183982975, 50.961421945432434], [6.273624755331179, 50.96268054607731], [6.273711831428781, 50.966311132785684], [6.276839816892466, 50.96742411550053], [6.278104758539927, 50.96977893042162], [6.277355315812073, 50.971219681280516]], [[6.409743725605286, 50.90772427432858], [6.403091597925329, 50.91095581292441], [6.387733450221056, 50.91069328124841], [6.3701691578024535, 50.90842663797293], [6.3708433226721315, 50.90639941987144], [6.36906939625866, 50.90392773929082], [6.371993691159108, 50.90399241261587], [6.37636072785888, 50.901685963536025], [6.37786689362771, 50.89994328050221], [6.388341860092412, 50.89497822493575], [6.386026920948231, 50.89439945352678], [6.385355095559349, 50.89341882437068], [6.3849940960548786, 50.89252366134317], [6.3861948258656644, 50.89165658676922], [6.391972861998902, 50.894720218681805], [6.399280023170267, 50.89462147322856], [6.39864515659785, 50.895584984754244], [6.3914302805054986, 50.898465667726924], [6.391379113572158, 50.90060120506512], [6.386363038481692, 50.902304619488675], [6.383331000317882, 50.90605918313074], [6.380441240594597, 50.907789966519694], [6.380651722025393, 50.9083422295988], [6.385884019110401, 50.90874111231715], [6.388803478183539, 50.90817038803548], [6.401829732109737, 50.90331927067943], [6.407942425587042, 50.90478984552635], [6.414981776504285, 50.9034270077222], [6.409743725605286, 50.90772427432858]], [[6.432394499408716, 50.83718426756984], [6.4319748401212005, 50.83478568437245], [6.432895313563387, 50.833011395202355], [6.4391426982033195, 50.827144991179246], [6.439624130860436, 50.824005920985655], [6.427773533655753, 50.80536125586071], [6.427528260416233, 50.8033575244324], [6.428709229946674, 50.800647423426845], [6.428218377138988, 50.79661298914651], [6.421842635658792, 50.79108979724212], [6.414783866945222, 50.781927981365826], [6.422937405881725, 50.78511688061223], [6.434348623765189, 50.79233833325261], [6.447897759065016, 50.79877739830002], [6.452343868272186, 50.802373934769676], [6.450890108979296, 50.80460891776144], [6.451194596715272, 50.80529090704721], [6.4574790269826545, 50.80817896762862], [6.457976642571817, 50.80103949931245], [6.460446207349321, 50.79541140852829], [6.460404411328932, 50.78972129780129], [6.458653443376309, 50.786150441801674], [6.455646503781129, 50.78316876363852], [6.449306467998648, 50.7815123663363], [6.444217611891347, 50.7756887454283], [6.4363921641368, 50.77328612773745], [6.439910492371071, 50.77314829498442], [6.441034583084851, 50.77007878203805], [6.440410593183643, 50.7686176044546], [6.441676701083647, 50.76608311960886], [6.444089576299941, 50.76398657462444], [6.443915136403952, 50.76278156055465], [6.449426534518742, 50.76037902879469], [6.453423882025002, 50.757180047222235], [6.4535693288034635, 50.75610075090171], [6.444244156512638, 50.75008677568653], [6.420301046672799, 50.73785106120905], [6.418990560417119, 50.73387344938048], [6.419938841001798, 50.73062482634781], [6.438262567805918, 50.734719482415244], [6.450984303959789, 50.7348777098165], [6.457372204068819, 50.73627315643484], [6.462215044402384, 50.738968863996924], [6.471397283826429, 50.74062210539874], [6.472168780873989, 50.741266223629495], [6.4720225858962115, 50.743631047349794], [6.477210458434193, 50.74805071025145], [6.481647433854438, 50.747257919539884], [6.482667164405549, 50.749583402132444], [6.481278136824878, 50.75506372396603], [6.482003711050163, 50.77049556369096], [6.475521118456753, 50.78404225023675], [6.469563018418633, 50.78661939117485], [6.472830329989321, 50.78999518418289], [6.471491276062821, 50.795034662327396], [6.4618221572018895, 50.801177142442235], [6.46007170334093, 50.80637089983997], [6.455479549094115, 50.81118922972953], [6.452061690350613, 50.81281161483737], [6.450557688850089, 50.81723117329895], [6.449824110503521, 50.82358045873674], [6.448253490204038, 50.82702939611261], [6.440626941835283, 50.83554434495338], [6.436804524457117, 50.83817462475097], [6.434052450185621, 50.83878146610116], [6.432394499408716, 50.83718426756984]]], [[[6.075106337033816, 50.92275986133885], [6.074948996959227, 50.92276642383235], [6.073366256448477, 50.92294933633833], [6.075106337033816, 50.92275986133885]]], [[[6.20602495134137, 50.52099593576351], [6.2060102417294525, 50.521007828994556], [6.205968278917442, 50.52104174994431], [6.205474447411492, 50.52101728692272], [6.205447857785709, 50.521015973598786], [6.205298282264483, 50.52100855771461], [6.2052844951158015, 50.521007875713735], [6.205231780317927, 50.52100526912497], [6.205135284923061, 50.5210004863856], [6.205101816103124, 50.520998827820236], [6.205074684969329, 50.520997366472855], [6.204583155787036, 50.5209709670067], [6.204551186355223, 50.52096924536059], [6.20419233307921, 50.52094996299183], [6.2041559187972775, 50.52094800848961], [6.2036090667836215, 50.520925186844764], [6.202759549129382, 50.52088973380607], [6.2026231212520235, 50.52088404284206], [6.202517404979774, 50.52087962990471], [6.202296458054815, 50.52087040403792], [6.202126500712918, 50.52086885361065], [6.201883184314255, 50.52087856381052], [6.2015818832872895, 50.52092274303279], [6.201275086621498, 50.52098896267407], [6.200957958177715, 50.52108692920409], [6.200901254598597, 50.5210995076896], [6.200778113001434, 50.521126787134165], [6.20074911040707, 50.52113024515123], [6.200719511258598, 50.52113376976527], [6.200684596853608, 50.52113794007738], [6.200553154242622, 50.52115361352198], [6.200257719143673, 50.521178977392736], [6.200208166600905, 50.52118277731032], [6.200169741430274, 50.52118571158402], [6.1997334227984275, 50.52121913464336], [6.199712502012473, 50.521220735996664], [6.199050264672785, 50.521260709312614], [6.198983214989603, 50.52126476211245], [6.198944217359263, 50.52126711549605], [6.19874901693594, 50.52127508109198], [6.198703784238675, 50.521276933453244], [6.198579020531793, 50.52128202510208], [6.198131915823243, 50.521300277237046], [6.197541173575542, 50.52131471699573], [6.197378205019964, 50.52131473124711], [6.197136152234187, 50.521314729058524], [6.196789954771664, 50.52131473579315], [6.196653528687522, 50.52131304977213], [6.196035424227703, 50.52130540475886], [6.195974053612472, 50.52130338593788], [6.195954169187454, 50.52130273578253], [6.195232914368496, 50.521279053439876], [6.195176515102478, 50.52127481526688], [6.194783568345372, 50.521253719395084], [6.194754186877061, 50.52125213841043], [6.194627602253021, 50.5212453440954], [6.194569922109131, 50.52124224413081], [6.194360516072416, 50.52122398931981], [6.194242913302692, 50.5212137321056], [6.194003706796093, 50.52119287794885], [6.1934591461317, 50.52113337194183], [6.193400043188947, 50.52112690880974], [6.193226007136342, 50.521104917587586], [6.193176262377408, 50.52109863513152], [6.193039647126611, 50.52108136942469], [6.19282386335713, 50.52105410657934], [6.1925711379279775, 50.52100407532207], [6.192483991330835, 50.52098681528381], [6.192147581209639, 50.52091707885608], [6.192119719337999, 50.52091129708799], [6.192106197009543, 50.52092730620771], [6.192092598357204, 50.52094341243219], [6.192091944756431, 50.52098911080741], [6.192060535514099, 50.52098733060516], [6.1920534664031175, 50.52099022819248], [6.191872523245256, 50.521243131596925], [6.191841631408895, 50.521285041710016], [6.191829492227481, 50.52130151595804], [6.191815404161384, 50.52132063276096], [6.1917442515520245, 50.52132557183999], [6.191573539301972, 50.52151060440949], [6.191429675072424, 50.52162463724039], [6.19126295605133, 50.5217333776139], [6.191213137228855, 50.52181004725677], [6.191167818321132, 50.52187984516057], [6.191132528074521, 50.52190789507542], [6.191088262916545, 50.52194308645676], [6.191005508626478, 50.52200886809993], [6.191010329308389, 50.522014651534356], [6.191049200727989, 50.522061232229575], [6.191047367291816, 50.522181877999046], [6.191047366602229, 50.52234364058703], [6.190905141931744, 50.52244687302567], [6.190850461749446, 50.5225186576266], [6.19081876693247, 50.52256027822682], [6.190656499119268, 50.522674765287825], [6.190636572946251, 50.52268882054553], [6.1905712704444955, 50.52273490079545], [6.190562157016461, 50.52280540183085], [6.190560561005177, 50.5228177768144], [6.190547935168476, 50.52291533187228], [6.1905188704199094, 50.523140178339965], [6.19041429023442, 50.52343477685653], [6.1903839142618216, 50.52377974192276], [6.190268021817042, 50.524024835809584], [6.190234014370338, 50.52405595685339], [6.190157297807342, 50.52412619247697], [6.190135586658815, 50.524146051491954], [6.1900892674162815, 50.52418845210782], [6.190030742064037, 50.52434197376378], [6.190024772210238, 50.524357661317765], [6.190004529077245, 50.52441074844358], [6.189708313718754, 50.524603100682576], [6.189615128834303, 50.52466359204283], [6.189588431339098, 50.52468091976746], [6.189561146174966, 50.52469863807911], [6.189414073706823, 50.52482627284248], [6.189399895146086, 50.52483856873114], [6.189369557691034, 50.524864902729085], [6.189349784680244, 50.524882055857695], [6.189306012070658, 50.52492004702221], [6.189284051815192, 50.52493909928139], [6.189258981594832, 50.52496085595374], [6.189199674797921, 50.524990268074006], [6.189173023741259, 50.52500348597194], [6.188714008818619, 50.525231104022694], [6.1882384884592625, 50.52546687593414], [6.188097279122403, 50.525553955989785], [6.187812017874235, 50.525729854944586], [6.187231603012644, 50.526087717345504], [6.187211197836264, 50.52610029421313], [6.187187056768842, 50.526115182504654], [6.187190392354519, 50.52613572747248], [6.187215127033893, 50.52628827420283], [6.187217349103, 50.52630191983367], [6.18724485708602, 50.52666614820863], [6.187248031348615, 50.52670814308066], [6.187255032138982, 50.526800856049846], [6.187292884843617, 50.527138510468895], [6.1883051657212595, 50.527907654435474], [6.189292640291615, 50.52867160238592], [6.189339084733104, 50.52870741025199], [6.1893784857651335, 50.52873778570011], [6.190710879767493, 50.529764898701984], [6.191270004420993, 50.53019178548913], [6.192063409670759, 50.53079752815203], [6.192533311065076, 50.530895051484556], [6.192580584777404, 50.53090485463171], [6.192588990760428, 50.53090660465027], [6.19298198992769, 50.53098732937277], [6.193173138066206, 50.53084652285596], [6.193502781993431, 50.530856957399266], [6.19380698634833, 50.53086658854422], [6.194061092316792, 50.530911621555056], [6.194447103596332, 50.53087020562155], [6.194462708829409, 50.53087168832987], [6.195366426468947, 50.53095752247385], [6.195412436466654, 50.53096580078389], [6.195466908725093, 50.53097559636403], [6.196176935508914, 50.53110470014885], [6.196183678564261, 50.53110569920491], [6.196174689258699, 50.53108760894139], [6.19640082909884, 50.53051633429818], [6.196494571186501, 50.53006458284267], [6.19648761542422, 50.52988418561386], [6.196704424838898, 50.52977135537627], [6.197126543156428, 50.52918242074334], [6.197080021916694, 50.52898762244048], [6.197272539287587, 50.52891429796634], [6.197626618706988, 50.52837209922088], [6.197898399309093, 50.52807401952639], [6.19786211158984, 50.5279879421898], [6.197980035210536, 50.52785594281129], [6.198186325522036, 50.527758229496285], [6.198537242402932, 50.52746981695479], [6.198839283830053, 50.527292200036186], [6.199421748892934, 50.527041409555984], [6.199808901945303, 50.52691791255444], [6.1998724711057855, 50.52687769535238], [6.199905179841749, 50.526856992802614], [6.199991531446953, 50.52680236466693], [6.200034707174722, 50.52677505057366], [6.200125354265362, 50.52671770119293], [6.200266912557745, 50.52667683286796], [6.200300163396872, 50.52666722544877], [6.200347584012502, 50.5266535333049], [6.20042480912556, 50.52663123918967], [6.200545707706492, 50.526596332024866], [6.200763887098024, 50.52653238972248], [6.2008102144476185, 50.526518806017755], [6.2008658901318965, 50.526502487751934], [6.201032358678604, 50.52654304945355], [6.201324278156742, 50.52644509679739], [6.201523135997902, 50.526429811569834], [6.201635745161611, 50.526415725880774], [6.201725579709778, 50.526404483554636], [6.201796250206833, 50.52639564075789], [6.201996756524786, 50.526354164115396], [6.202188962298588, 50.52631440352173], [6.202222281623958, 50.52630410456702], [6.202334730320601, 50.52626935217472], [6.202440494645045, 50.526236669780445], [6.202705034306894, 50.52615492149947], [6.2028715858221855, 50.526103451800495], [6.203660390212312, 50.52575196017726], [6.203985190373079, 50.52553067424605], [6.203926878842224, 50.52551262263234], [6.204002423325656, 50.52546189665808], [6.204228938294081, 50.52530979655663], [6.204367759882281, 50.52520100610108], [6.204719262941797, 50.52492556951334], [6.205133799624975, 50.52459490384783], [6.205258554509502, 50.5244950845568], [6.205377917056004, 50.52439958827628], [6.205396487505972, 50.52435540873562], [6.205411807136022, 50.524318959014366], [6.205662537535274, 50.52394867252821], [6.205792064181697, 50.52402688499112], [6.205868087134143, 50.5239901929654], [6.2059382704076205, 50.52395632909316], [6.206155220599111, 50.52369482885644], [6.206309969113209, 50.523463192205575], [6.206360567020796, 50.523380831981115], [6.206497390628265, 50.523139688437254], [6.206533288836563, 50.52307159252589], [6.206577099132696, 50.52298851152922], [6.206494518588795, 50.52272616027179], [6.206494536174462, 50.522684305639096], [6.2066201840567965, 50.522511671551854], [6.206640761831783, 50.522483398696274], [6.206545505035583, 50.52176185766245], [6.206558677736188, 50.52174595544436], [6.206605853722787, 50.52168899659243], [6.206644488119481, 50.52164454298006], [6.206532681240581, 50.5215755272675], [6.2064518933317006, 50.52149376332286], [6.206281065415992, 50.521214594578], [6.2062643097651, 50.5212161532006], [6.206142491733969, 50.52103218638574], [6.20602495134137, 50.52099593576351]]], [[[6.174787242165149, 50.55795040268481], [6.174880103271351, 50.557965288471685], [6.175868202816995, 50.55811855246942], [6.175911441868761, 50.558130576050246], [6.1759659930575985, 50.55814729981341], [6.176737043695741, 50.55845014278302], [6.177689978967472, 50.55882605285157], [6.177719018816137, 50.55884223802011], [6.177816007642704, 50.55887924000898], [6.178063053611607, 50.559032861543336], [6.178287190087559, 50.55917170550434], [6.178358086756648, 50.55921079093837], [6.178484303511692, 50.55926700432961], [6.178924180368787, 50.559467397042916], [6.179013139892068, 50.559508359187355], [6.179067882785352, 50.559544138122355], [6.179396984898564, 50.559770268797216], [6.179816622899682, 50.56005868529421], [6.1810088536118615, 50.56055846039765], [6.18135539275455, 50.560692501140345], [6.181377153186874, 50.56069559184362], [6.181582221495718, 50.560773753067764], [6.181902285484105, 50.56108602664548], [6.18288558645795, 50.56176654279465], [6.183107206130492, 50.56181872239555], [6.183335656030797, 50.561867492157354], [6.183412838816278, 50.56187614265236], [6.183475637622131, 50.56188610909812], [6.183564084479676, 50.56191000023825], [6.183673387413371, 50.56194955307096], [6.1837097524458, 50.561967056377256], [6.183742029570897, 50.56198727626488], [6.18378696573247, 50.5620800884818], [6.183908808066323, 50.56232211323474], [6.183921617584977, 50.56237490160995], [6.183952786198899, 50.56250512302331], [6.1846228249491775, 50.562968838815586], [6.1848701940669315, 50.56300002189674], [6.185416079004826, 50.563074591284305], [6.185542723609071, 50.56311611791311], [6.1856657007395475, 50.563177003477435], [6.185838301512396, 50.56329479658362], [6.1860279699679666, 50.56360013962905], [6.186373421763664, 50.564156285747785], [6.186383476007898, 50.564172464363864], [6.188355509094444, 50.564304079405375], [6.188539457842606, 50.56425048847048], [6.188607945324612, 50.564239225790644], [6.188841480871746, 50.56424722397811], [6.189298969079523, 50.56455205916783], [6.189022746524986, 50.56491287810848], [6.189264434884622, 50.56590689007306], [6.189322363412932, 50.565994510169666], [6.189330642516507, 50.56600703362266], [6.18934177291788, 50.56602385370792], [6.189344571008976, 50.56602809508421], [6.190975266210038, 50.56572484624151], [6.192127815773763, 50.565510498375524], [6.192135417259238, 50.56554891160748], [6.192146014699353, 50.56560249115826], [6.192148773037359, 50.56561642839027], [6.1921992167531545, 50.56563335114413], [6.195042459642259, 50.56658686639468], [6.195083821934926, 50.566600735495754], [6.1959748115086715, 50.56689952072611], [6.196006106980835, 50.56691001660018], [6.19758331080037, 50.56743888572096], [6.200788579906784, 50.56851431541183], [6.201307980792373, 50.56868877515438], [6.2018967649588745, 50.56888654324619], [6.203097087759741, 50.56928970543624], [6.203351283653869, 50.56959025497144], [6.203550822933257, 50.569826173194805], [6.204208245596108, 50.57060344120364], [6.204510417881649, 50.57103428504082], [6.204503813210909, 50.57103738222269], [6.2045047715643555, 50.57103856607587], [6.203728210010093, 50.5722683496689], [6.2038076052114395, 50.57233414994314], [6.204085171947937, 50.57246997213452], [6.204652710571908, 50.57274768663016], [6.205210400209445, 50.57302056522672], [6.2052554535370374, 50.57304261496673], [6.205277747077259, 50.5730535217918], [6.205276661001126, 50.57311909789343], [6.205275856018623, 50.57316823747188], [6.205270047325365, 50.57351991924654], [6.206001831123732, 50.57380950459262], [6.206462102351391, 50.57436972943913], [6.20658628963149, 50.574520888443395], [6.206673201682156, 50.57462667131971], [6.2067362773851515, 50.5747034481648], [6.20669455144241, 50.57472013134689], [6.2064257580877396, 50.57482761799801], [6.205988001449924, 50.57503897075035], [6.206055271478984, 50.57534209468503], [6.206254713197448, 50.576198901431475], [6.206295372931187, 50.57621105457167], [6.207619390806866, 50.57615308024656], [6.2076399718947926, 50.57616216446005], [6.208146145940851, 50.576385569079434], [6.208245073029837, 50.576429248082434], [6.208673597163264, 50.57661258509024], [6.208948261074972, 50.57670299840878], [6.21054343400252, 50.577186674430955], [6.2105896564174055, 50.57720028556509], [6.211184989182977, 50.577486153372824], [6.211751029189749, 50.57775650121451], [6.211869029106953, 50.57783707358518], [6.211942917090032, 50.577873322200226], [6.211998654974726, 50.5779006805033], [6.21218857433305, 50.57797252461243], [6.213224703775532, 50.578282222321164], [6.213737656273168, 50.578558522864206], [6.21394192867656, 50.57863579655011], [6.214478708803576, 50.57884159146783], [6.216087220340224, 50.57960275063737], [6.217055394116085, 50.58021769814203], [6.217065177216891, 50.58023171270286], [6.217343328871032, 50.5805007091318], [6.217746207654346, 50.58071771875184], [6.218583114432371, 50.58095845005735], [6.219617535886031, 50.581641010445374], [6.219651135035209, 50.58165653818456], [6.220054361511496, 50.58228779442593], [6.221574327781393, 50.583978723625954], [6.2222501648203865, 50.58452041492831], [6.2225264852953295, 50.585608437150064], [6.222631993917569, 50.5859639887885], [6.222623853151441, 50.58598299026427], [6.222534367546947, 50.586434284258466], [6.222530502134123, 50.58648890073323], [6.222543980948655, 50.58665292581247], [6.222601716770617, 50.58694361237381], [6.22305727411918, 50.5874590065733], [6.223191540415321, 50.587556812052405], [6.223777921807868, 50.588016249694576], [6.223845314103054, 50.58809510765666], [6.223961864122742, 50.5882507964279], [6.224178419524445, 50.58861693748621], [6.224205573325929, 50.58865806333792], [6.224274404212471, 50.5887269077233], [6.2246203669114575, 50.58905485486861], [6.224650038677313, 50.589082493908194], [6.22469051528581, 50.589126303029346], [6.224715352568352, 50.589162624066965], [6.224867630992404, 50.58957815286657], [6.224889306441865, 50.58963276328741], [6.225639845170778, 50.5904462171101], [6.225741066723815, 50.59044002235], [6.225877665317669, 50.590441460890666], [6.226963878221858, 50.590359319945286], [6.228896001263104, 50.5902689663813], [6.2289054014595955, 50.59026746309452], [6.22892200507399, 50.5902648090041], [6.22896194531548, 50.590258419768915], [6.228981201987795, 50.59025534308954], [6.229002841980131, 50.59025475183944], [6.229972547247814, 50.59000694273161], [6.230989252339698, 50.58974927856819], [6.231304962523582, 50.5896691125544], [6.231903458498065, 50.58952704677691], [6.2327502164255915, 50.589319935401484], [6.233458781445393, 50.58910140186576], [6.2341957583189895, 50.58889799438805], [6.2363407932671295, 50.58827037515812], [6.236373484765552, 50.58826080690615], [6.236518286057062, 50.58822004254377], [6.237111870173582, 50.588052925977216], [6.238447183062856, 50.58766856949502], [6.238505546685314, 50.58765176593372], [6.238567805038921, 50.58763384039468], [6.238632246961875, 50.58761530098216], [6.239145759002524, 50.58746748512195], [6.239651169886085, 50.587328874841276], [6.240574095090931, 50.58706185143845], [6.240558171846639, 50.58703527105865], [6.2405521208456545, 50.58702518796033], [6.240547924060511, 50.587018189182366], [6.240346798986984, 50.58668258806564], [6.240114445846714, 50.586277280248375], [6.239948781730806, 50.585963324965995], [6.239821773770954, 50.58566559585155], [6.239767700165719, 50.58567795023714], [6.239735578451142, 50.58563604464393], [6.239805843227632, 50.58561307314268], [6.239544785151999, 50.58499703735208], [6.239444574806972, 50.58494166124992], [6.2392591904686565, 50.58463625031028], [6.239442930042055, 50.584554443506015], [6.239415558329759, 50.584337442701035], [6.239414311163345, 50.58432760839535], [6.239374672468177, 50.584329438786], [6.239370396879229, 50.58430785693305], [6.239368380120789, 50.5842976535627], [6.239262184748456, 50.58376195556366], [6.239172197324195, 50.583207653062814], [6.239067710969292, 50.58263147209326], [6.238959996403322, 50.58204675893321], [6.238883902792858, 50.58158588558017], [6.238856953213842, 50.581209392247196], [6.238908843329676, 50.581194431891575], [6.238906432782957, 50.58104948056528], [6.238927770009139, 50.58074277479114], [6.23896234182327, 50.5803822680219], [6.238963488193388, 50.580370160734795], [6.238976601765618, 50.58032277943099], [6.239056317027418, 50.5800343333455], [6.239113549978172, 50.579694783080505], [6.239195992406152, 50.57927106927225], [6.2392262301594705, 50.57907682521947], [6.239234017075559, 50.57902678989497], [6.239254844412861, 50.5788929410625], [6.2392562918208, 50.57887399558794], [6.23925714989233, 50.578862709013656], [6.239257990312847, 50.57884641171165], [6.239266714389404, 50.57867676286618], [6.239291554230423, 50.57831011526936], [6.239291664563864, 50.5779957547], [6.239245739806425, 50.57765018636305], [6.239086820509593, 50.57766001745006], [6.2389709169213345, 50.57721204306816], [6.238798218399593, 50.57670145504443], [6.238838384737834, 50.576685667912884], [6.238888180381987, 50.57661128977296], [6.238716968063139, 50.576248941287865], [6.238688018374453, 50.57618770796285], [6.2384054680261345, 50.57562716238224], [6.238252601394884, 50.57565750996233], [6.2380231501229195, 50.57516951006418], [6.237951301425244, 50.57513483771734], [6.237973972800997, 50.57508415720581], [6.237976718413771, 50.57507803368133], [6.237964433776588, 50.57506395255102], [6.237897889649427, 50.57498764145283], [6.237870249724401, 50.57495595215345], [6.237712603188916, 50.574735175194654], [6.237430558279355, 50.57434418906687], [6.237397723873094, 50.574334891279854], [6.237392015344546, 50.574327199833164], [6.237383296428635, 50.57431543407737], [6.2372346398961565, 50.57411513594079], [6.23738331407402, 50.57404991485818], [6.237100608696526, 50.57377794535645], [6.236859768288499, 50.57347204976484], [6.236830610587604, 50.573446045100205], [6.236452783642423, 50.57301862770542], [6.236348009735646, 50.57286605528421], [6.2361502643153575, 50.57246769449623], [6.236109905491336, 50.57233050406641], [6.236087400954204, 50.57215447365076], [6.236058045314547, 50.57192514598737], [6.236059451281346, 50.57173686524399], [6.236059531936254, 50.57172583906627], [6.236061749005623, 50.57143011213748], [6.236078947625922, 50.5712254034246], [6.2360821705326375, 50.57119472543267], [6.23608488898979, 50.571168802907756], [6.236085978685933, 50.57115839437387], [6.2358958465689005, 50.57121992161852], [6.23589509276088, 50.571174181201506], [6.235889113805257, 50.570819197220956], [6.235875144431461, 50.57056400491901], [6.235900157923739, 50.57056208932505], [6.235915260937567, 50.5698808379471], [6.235974457155187, 50.56987091887842], [6.23601877318781, 50.56956514559197], [6.236009827495565, 50.56929168641429], [6.235998384087375, 50.569088627193224], [6.236039709583593, 50.569066455016994], [6.236016243283301, 50.56886490030603], [6.235963389681329, 50.5686811237698], [6.235904639911219, 50.56830280320503], [6.235896773711092, 50.56825213539756], [6.2359180083981816, 50.56816542239173], [6.235920753234469, 50.56815424359799], [6.235993343630186, 50.567857867100514], [6.236077894814329, 50.567550890428706], [6.235913814472184, 50.56743089276301], [6.235793500876076, 50.56701304226973], [6.235637500469919, 50.56660579484273], [6.235463762832321, 50.56631723113668], [6.235169228649886, 50.56598557099999], [6.234503565900125, 50.56538332268504], [6.234446099621135, 50.565343547661996], [6.234322888084651, 50.565410395432856], [6.234069290195336, 50.56548839274937], [6.233797677622094, 50.56550142982554], [6.233611463709439, 50.56547546016379], [6.233501936419702, 50.56544468369172], [6.233408212338411, 50.56539415154523], [6.2330983470976316, 50.56513044001636], [6.232971787652808, 50.565098961259615], [6.233119742452, 50.56507719339943], [6.233243367530146, 50.56512693444061], [6.23359287327229, 50.56534514566716], [6.233841500126283, 50.56540719433116], [6.23408831332479, 50.565373409550745], [6.234205219113353, 50.565331274881935], [6.234381815517066, 50.565218848898695], [6.234371586742178, 50.56511307423065], [6.234321011897021, 50.565082476089124], [6.234246431770231, 50.56503735590509], [6.23404957280558, 50.56513092293762], [6.233970863797682, 50.565168334289126], [6.233887327910331, 50.56518254919887], [6.233770540977407, 50.565189874975864], [6.2331921915530275, 50.56492345186949], [6.232922256430501, 50.56495418432469], [6.232839338144917, 50.56493979045566], [6.232759383964252, 50.56492590777078], [6.232541981781861, 50.564813821388796], [6.232356547867777, 50.56471822743093], [6.232290807515515, 50.56471002558441], [6.2322741793049135, 50.56470795703134], [6.232251032170186, 50.56470506779891], [6.232091334643614, 50.56465059983162], [6.2318872080801935, 50.56462093609174], [6.231788340213447, 50.56457918550714], [6.231658243678626, 50.56452425164507], [6.231653091085955, 50.56449892453771], [6.230958726875828, 50.564240038914654], [6.230701298244552, 50.56412235513779], [6.230565906644357, 50.56406046667611], [6.230451586021314, 50.564008209620354], [6.230016008908951, 50.56380910584834], [6.229798916862267, 50.56370974082572], [6.229469106319833, 50.563558785150434], [6.229464456246243, 50.56354561341791], [6.229446266943047, 50.5634941056459], [6.229402942173734, 50.56345772309399], [6.229289685052881, 50.56336260106629], [6.229249860086951, 50.56332915325593], [6.229123364506045, 50.56326277937611], [6.229086629045305, 50.56324238514311], [6.228893803918769, 50.56313531158506], [6.228770310022421, 50.56307002524284], [6.228565605227569, 50.562961822696394], [6.2285578232487255, 50.56295221040329], [6.228552345749711, 50.562945441501746], [6.228525088229568, 50.56291178898448], [6.228506404012076, 50.5628887031039], [6.22838040024223, 50.56284093319322], [6.228066670896864, 50.562686371546526], [6.227804888924576, 50.56253437775197], [6.227507048956625, 50.562324287848384], [6.227321199082978, 50.56213125768081], [6.227186649253091, 50.562090074218986], [6.227058165393504, 50.5622161300921], [6.22704923817202, 50.56225824882427], [6.227063775486654, 50.56241253017229], [6.227133720123102, 50.56249527950762], [6.226952087279474, 50.56243941818077], [6.226856415689385, 50.56240999994805], [6.226824993942486, 50.56239918556663], [6.226786097336801, 50.562385800330766], [6.226619891942281, 50.5623368186329], [6.226785430205457, 50.562333441325364], [6.226935880080277, 50.56222220254152], [6.22695150693527, 50.56213814588838], [6.226937732361782, 50.561983387955564], [6.226921835067051, 50.56180466118051], [6.2268241473499515, 50.56165955248073], [6.226848765776953, 50.56147505372272], [6.226788470462728, 50.56136918256847], [6.226584917302827, 50.5610117196477], [6.226443693761865, 50.56097843595392], [6.226341869012197, 50.56064055982355], [6.226288399664263, 50.56019205261515], [6.226269104764944, 50.559916393276225], [6.226281511697935, 50.55976166552747], [6.226227025287311, 50.559760339892456], [6.226349720953781, 50.55933678329909], [6.2263989250860154, 50.558815199300696], [6.226449732538249, 50.55827639165365], [6.226437246164313, 50.55787517745088], [6.226437766918491, 50.55783697819883], [6.226462284987466, 50.55765344852415], [6.22654578860333, 50.55755736382535], [6.226464151010662, 50.557194665167025], [6.226457066226806, 50.55718113842332], [6.226372175361286, 50.55701907234278], [6.226344265140636, 50.55697040867166], [6.226268294316268, 50.55672932525914], [6.226078625429216, 50.556326739154976], [6.225887855037921, 50.55605930653799], [6.225597761677511, 50.55579340062559], [6.225387590405587, 50.55562771724785], [6.225202605409229, 50.55564501205122], [6.224958015415733, 50.55553117418704], [6.224853539799504, 50.555487718568706], [6.22483132180388, 50.555478472364925], [6.224794273030526, 50.55546306156781], [6.224756935040431, 50.55544752692359], [6.224484612019286, 50.55533423202301], [6.224138842652245, 50.55521654895654], [6.22388184938961, 50.555143251221544], [6.223849479039447, 50.55513401450257], [6.223820427394374, 50.55512572948216], [6.223810155369253, 50.5551236853874], [6.223792165227474, 50.55512010788306], [6.223203504915999, 50.555003004870656], [6.222742168968129, 50.55495907331308], [6.22234750162325, 50.55494548896158], [6.221962956493626, 50.55495858186674], [6.221649046355012, 50.55498689773013], [6.221117506885071, 50.555078100949565], [6.220583812150697, 50.55522604612371], [6.220292063175613, 50.55531393229012], [6.2199846928070395, 50.55544985685323], [6.219704605618827, 50.555595526625055], [6.219283012753139, 50.55578928521596], [6.218937637446339, 50.555948019324326], [6.218886173840019, 50.55591869734603], [6.218816402659074, 50.55593123336577], [6.218777471242262, 50.55593822773064], [6.21874977104853, 50.55594320571733], [6.218593983163794, 50.556059748521854], [6.2182426606644725, 50.55624841848717], [6.218109381140754, 50.556298268366014], [6.21800618757177, 50.55637023697496], [6.21792785376022, 50.55637063110363], [6.217884011177036, 50.55637086029057], [6.217864830642271, 50.556370950449256], [6.217847146859784, 50.5563710404072], [6.217780507706641, 50.556371381200194], [6.217767347044767, 50.556373549238806], [6.217508339209777, 50.556416227667114], [6.217298980637756, 50.556455739055025], [6.21697412366371, 50.55649899155621], [6.216780162982693, 50.556523038649736], [6.21620016581298, 50.55653012461226], [6.215756170270979, 50.55652243519544], [6.215729611113386, 50.556605527357455], [6.215431456379258, 50.556581428475816], [6.21516690311729, 50.556560048910306], [6.214687613988812, 50.556506507677284], [6.214287318126717, 50.55641651774084], [6.213854586560594, 50.556281583259015], [6.213683101798047, 50.55621664273813], [6.213667474195153, 50.55610170527014], [6.21342894511264, 50.55606529311618], [6.213444376780352, 50.55604593608427], [6.213043678571888, 50.555916209220875], [6.2130280497773365, 50.5559111484131], [6.2130095249440895, 50.55590515470346], [6.212966822622187, 50.55589133179838], [6.212846309089388, 50.555852311653105], [6.212813705065798, 50.55581380475263], [6.2128056271127265, 50.55580425623517], [6.21277079185135, 50.55576312324473], [6.2124273745792244, 50.55551176529065], [6.212368095656926, 50.55558095790642], [6.21203777660134, 50.55546680204298], [6.211698541763302, 50.555331490689184], [6.211523800186651, 50.55526179136681], [6.211297604158352, 50.55517156395562], [6.21089639374543, 50.554977807178055], [6.210615180797229, 50.554796163473505], [6.210603557544104, 50.554788319869424], [6.210576332073654, 50.55476995564763], [6.2105432550963044, 50.55474762817943], [6.210514508610842, 50.55472059205313], [6.210190029394537, 50.554415475940495], [6.210035144942565, 50.55418157449477], [6.2099828339741405, 50.554101468048344], [6.210102256798002, 50.55405892321457], [6.209958751887602, 50.55395461005339], [6.209621690834091, 50.5537564948419], [6.209594477541698, 50.55359215587875], [6.209592261894119, 50.55357875381036], [6.209584968456819, 50.553534673143474], [6.209568817559221, 50.55343713724156], [6.209733270608075, 50.55329579838797], [6.20964050263743, 50.553210547902836], [6.209487971099847, 50.553338661647146], [6.209454124717243, 50.55321204254534], [6.209395126656934, 50.552991359701814], [6.209347391418472, 50.55264553522231], [6.209352013110014, 50.5523529498069], [6.2093715824723805, 50.55219951946401], [6.209392551146021, 50.552035067516655], [6.209332030164685, 50.55187029849578], [6.209366300494387, 50.55177273035012], [6.20939087937714, 50.551702743083], [6.209439287745453, 50.551704740504675], [6.2093922500135506, 50.55153543740733], [6.209278116542622, 50.551266549006556], [6.208891151432284, 50.55071818307625], [6.208530474367069, 50.55032741344024], [6.208426048042365, 50.550214284802095], [6.208313511634086, 50.550133758176706], [6.2083793690257485, 50.55008796912442], [6.20820036877205, 50.54993689033153], [6.208006762918456, 50.54973865853623], [6.207807035394847, 50.54953008789414], [6.20775474066773, 50.5494443586851], [6.207692780711418, 50.54934277277524], [6.207559755208476, 50.54912455816599], [6.207527898519031, 50.54903534339345], [6.207548099476277, 50.548947485801314], [6.20751346644035, 50.54877125629899], [6.207462914010306, 50.54873799307537], [6.207443775676661, 50.548387303671944], [6.207524261522997, 50.548391600907955], [6.207382919752958, 50.54776984835008], [6.207282464679082, 50.547327938437526], [6.207186460471953, 50.54690557396537], [6.207141835341865, 50.5468945901557], [6.207125373734759, 50.54689054298613], [6.207093035184697, 50.54688258860624], [6.207079204004279, 50.546879180260305], [6.207069189446629, 50.54686279341369], [6.206896527969262, 50.546580174034034], [6.2066515840496175, 50.54633010014816], [6.20633111879464, 50.546045838689295], [6.206088286045262, 50.5459045848849], [6.20594967834126, 50.545836895732975], [6.205803354840897, 50.545764811354616], [6.205765837547447, 50.545746333723166], [6.205796872540272, 50.54572690260155], [6.205932436464756, 50.54561450576735], [6.205274356996448, 50.545344613270736], [6.204498682738662, 50.54512950657513], [6.203876170174168, 50.544929400168805], [6.203089101481904, 50.544726711460065], [6.202663315778764, 50.5445843089798], [6.2020437406591205, 50.54431267892963], [6.20182409929416, 50.544125342204], [6.201517259899739, 50.543965448425006], [6.201305131449259, 50.543789085685965], [6.200661473340389, 50.543280455228796], [6.200409775853148, 50.54277210397349], [6.200226464543612, 50.542411642672086], [6.200000956422028, 50.5420696404165], [6.19953720482101, 50.54162139987322], [6.198776818829178, 50.541050085513476], [6.198680242928424, 50.54078239993442], [6.1986495773623265, 50.5407498903537], [6.1985434096654295, 50.54063734908701], [6.198509582890859, 50.54060149807318], [6.197983626691112, 50.54030009442784], [6.197855734707896, 50.540075730815516], [6.1977794526277155, 50.53999627352247], [6.197774310644671, 50.53990184321479], [6.197772291543468, 50.539864958933265], [6.197770744306107, 50.53983654157496], [6.197752146250778, 50.53961840799082], [6.197782815055292, 50.53955681831442], [6.197785890441499, 50.539550658651656], [6.197779410106637, 50.53948879498968], [6.197773935825055, 50.53943662547781], [6.197743192115873, 50.53941450330333], [6.19764755090869, 50.539345661857375], [6.19759791266972, 50.53930987951903], [6.197534859840613, 50.539264427976285], [6.197749616409506, 50.53917096697413], [6.197861335422538, 50.53874895445221], [6.197888918520079, 50.53867821420045], [6.1976902797871505, 50.53860179201368], [6.197529718335521, 50.538564732403636], [6.197486817549329, 50.538554829779784], [6.197439112681547, 50.538543821948664], [6.1976664238591, 50.53840925823941], [6.197760857665748, 50.537704584624315], [6.1978983514814825, 50.53720796523518], [6.197687046358965, 50.53698487575], [6.197666669023484, 50.536914590603445], [6.197260488415133, 50.536419961709285], [6.197186706531557, 50.53633011164294], [6.197246632092436, 50.53631398735859], [6.197437052253326, 50.536262731331576], [6.196890501323675, 50.536107197314294], [6.196552818034257, 50.53610603301908], [6.195671103096335, 50.53610297412528], [6.19506737876849, 50.53640054923534], [6.194625832917646, 50.53661897810375], [6.194189473038269, 50.53683652290375], [6.194184489629938, 50.53684414767323], [6.193958916707412, 50.53693204301763], [6.1935198131964055, 50.53710940919596], [6.193213119212244, 50.53723180434398], [6.192556945435253, 50.537478726250264], [6.1923950690876595, 50.53756941480041], [6.192056532619641, 50.53776083302058], [6.191872066951534, 50.53786512530455], [6.191649396839237, 50.53799213482514], [6.1916039586569775, 50.538019733093805], [6.191495514124905, 50.53807603473312], [6.191132298006561, 50.53825224625864], [6.1907587731676745, 50.53843466639531], [6.190457374246257, 50.53858097475152], [6.190269535626683, 50.53867754608967], [6.1901538389229245, 50.53875368589102], [6.189834190018814, 50.538979430109265], [6.189699178099592, 50.53907534237731], [6.189576765907642, 50.539162311662594], [6.189423003582181, 50.53927894563727], [6.1893936961780565, 50.53931010802865], [6.189243878511846, 50.53951655606983], [6.189050070592397, 50.53978764280916], [6.18900811961147, 50.539846969752574], [6.188912905598053, 50.539958594844634], [6.188770453810713, 50.54013748776623], [6.18855732993706, 50.54039719573734], [6.188472134362081, 50.54051097853937], [6.188457828019057, 50.54053008067262], [6.188464713681724, 50.54052087395873], [6.188446859809514, 50.540518463593294], [6.188382267030485, 50.54049758993362], [6.188318342708613, 50.54049134074028], [6.188278241834469, 50.540495588999164], [6.188235313030301, 50.54048995504695], [6.188195211616531, 50.54049421225948], [6.188143767298706, 50.54048793172499], [6.188070857034067, 50.54050293700071], [6.188048253057818, 50.54049780314753], [6.188007244139682, 50.54046868382928], [6.187995430416087, 50.54045135225437], [6.187984130465859, 50.54045503709664], [6.18748474569113, 50.540617835842056], [6.184748347312576, 50.54150984010551], [6.184708068396274, 50.541522979178936], [6.184665645116171, 50.54149511078289], [6.184645440622556, 50.541463444237536], [6.184544426056921, 50.54145494625609], [6.184416455969369, 50.54148520431567], [6.184284881364932, 50.5415072522604], [6.18417228544371, 50.54152088997545], [6.184100643728283, 50.54151598091136], [6.184084137985813, 50.54148218193855], [6.1840877428850956, 50.5414733278557], [6.18409627302316, 50.54145241333625], [6.184055709128394, 50.54143811863483], [6.183944969490356, 50.54144595411065], [6.183812729180599, 50.54145809058624], [6.183744752701893, 50.541480264890886], [6.183715116954373, 50.541470192496796], [6.183675608999671, 50.54146281361561], [6.183667522312738, 50.54144573371675], [6.1836810954586845, 50.541421208239576], [6.183639879129844, 50.541415020351984], [6.1835926792019205, 50.541422306496166], [6.1835647079557035, 50.54140515007778], [6.183571613959933, 50.54136956993258], [6.1835498696769, 50.541356171346116], [6.183487252158665, 50.541344329071855], [6.183365357110229, 50.541351759041646], [6.183316679728621, 50.541347126523696], [6.183291215863126, 50.54132840258583], [6.183206095849906, 50.54131848913998], [6.183073335834819, 50.541329874577876], [6.183061395983367, 50.541320131467586], [6.182959597199176, 50.541317693938986], [6.182919824456455, 50.54132659887018], [6.182878109029937, 50.541322629461106], [6.182822601553643, 50.5413350123898], [6.182811142128269, 50.54134751725836], [6.182798105943695, 50.54137889206357], [6.182752648212668, 50.541404543467756], [6.18272135164996, 50.541381846186624], [6.182670834128016, 50.541358359678604], [6.182633967679883, 50.54136066037122], [6.182576601061535, 50.54135876760825], [6.182421317693936, 50.541275839956356], [6.182381834009901, 50.54127823910823], [6.182324151882301, 50.54127169700624], [6.182129863963194, 50.54124871360384], [6.182086980745191, 50.54126030448007], [6.182026536055861, 50.54128328086178], [6.182005637191171, 50.54128317052136], [6.181988713627088, 50.541267054869664], [6.181922291611687, 50.54127356896521], [6.181910783090567, 50.541256361088415], [6.181867835377764, 50.541246784385805], [6.181752616553417, 50.541196948374555], [6.181665606280632, 50.54117258653997], [6.181596637008364, 50.541163117072436], [6.1814998446741765, 50.54114845797751], [6.181422291028031, 50.541145176126435], [6.18132015607317, 50.54111643575587], [6.181242674277068, 50.541097989450456], [6.181188144292474, 50.54109280047443], [6.181151733278255, 50.54112367180439], [6.181088257389511, 50.541134277693494], [6.181047496728004, 50.54116731043117], [6.1810180077379515, 50.54118625973444], [6.180934128206439, 50.541199573549264], [6.180890662534828, 50.541206490309484], [6.180849875129198, 50.541201166373384], [6.180814723357076, 50.54118135260909], [6.180742104643164, 50.54117414198561], [6.180716597551021, 50.54116420483525], [6.180674239905198, 50.54112297852983], [6.180643537567215, 50.54110098771517], [6.180570696155503, 50.54109845813879], [6.180518703326898, 50.54106234151555], [6.180534113378122, 50.54108654346841], [6.180501039738473, 50.541084896497395], [6.180471294774893, 50.5410896808581], [6.180413342493141, 50.54107892145685], [6.18039456538998, 50.541065018473134], [6.180358997551578, 50.541061880768744], [6.1803036055370555, 50.54108982716562], [6.180238138565902, 50.54109121813026], [6.180156778187313, 50.541074853968084], [6.180139135889871, 50.54108427627298], [6.180143631823604, 50.541104498721985], [6.1801275342573225, 50.541124698850005], [6.180066224197708, 50.54115175510411], [6.180022352689109, 50.541163105383475], [6.179977292745593, 50.54115581556594], [6.1799204197488, 50.54113359507655], [6.179765432534814, 50.54113093608386], [6.179576270262643, 50.54116920470149], [6.179582366880622, 50.54119193068579], [6.179532598598277, 50.541251460608486], [6.179481026765456, 50.54136201311922], [6.1794726826535715, 50.541399168344526], [6.179422074573739, 50.54143705315945], [6.179390583905075, 50.54142827499082], [6.179384988169841, 50.54142671808789], [6.179357207204174, 50.54143099206608], [6.179352171224281, 50.54142904394207], [6.179310602554308, 50.54141292415589], [6.179268635493809, 50.5413985127995], [6.179240639556568, 50.54139409207691], [6.179211067735572, 50.54137161555466], [6.179186107924122, 50.541368356853106], [6.179177545449624, 50.54138126442662], [6.179131723304473, 50.5413931247929], [6.1791348328861595, 50.541419538422815], [6.1790991512572715, 50.54147883396697], [6.179093103008098, 50.541497388570015], [6.178936385605433, 50.54154094937426], [6.178919476566749, 50.54154564875011], [6.1789076520895785, 50.5415469902166], [6.178885139885893, 50.54154954778655], [6.178793308018519, 50.541519660719224], [6.17870111310146, 50.541522570643835], [6.178580915315075, 50.54150273601439], [6.178472249342995, 50.541513647982754], [6.1784344669541476, 50.541531990746364], [6.178370020411104, 50.54153968412971], [6.178342572881275, 50.54152726167452], [6.178272155796951, 50.54152880135653], [6.178241151295263, 50.54153575845508], [6.178187884390627, 50.54154770777039], [6.178171560934073, 50.54154070935421], [6.178153970742258, 50.54153317647857], [6.17809771436553, 50.541520019324345], [6.178097962336187, 50.54152721258552], [6.1780985205244345, 50.54154315680495], [6.178098890603067, 50.541553978134715], [6.178106731618805, 50.541780301221536], [6.178178767741124, 50.54385766910696], [6.178206477505418, 50.54465682688475], [6.178215883489306, 50.544932589998645], [6.178216541774876, 50.54495158604359], [6.17825406610441, 50.54605158655883], [6.178352439963528, 50.54894506019125], [6.1783793568593515, 50.54974784121687], [6.178395392948787, 50.55022603303782], [6.178434137149603, 50.55138130233246], [6.178434945647493, 50.55140534835936], [6.17844011179734, 50.551559239131635], [6.17851948362172, 50.553938978492056], [6.177216981125517, 50.55494256837519], [6.177054336713253, 50.55510033126869], [6.176866267335955, 50.55528066698299], [6.176405605064031, 50.55569654167934], [6.176227545570085, 50.555856978811406], [6.176027577505891, 50.55601658717269], [6.175940825829364, 50.55603826545753], [6.1757060927596585, 50.556103415612675], [6.175385618018589, 50.55612541164507], [6.175270926667503, 50.55615125971766], [6.174718213257968, 50.55628305294245], [6.174343845115601, 50.556312274182666], [6.174068084110321, 50.55635414348116], [6.174115803380394, 50.55648688541918], [6.174189853570477, 50.55677591225638], [6.17428711011369, 50.55704667538592], [6.1742956912292275, 50.55709441486944], [6.174290444134081, 50.55724252085385], [6.174299666037593, 50.55745961223678], [6.1743067499970525, 50.55749343562955], [6.174323515306158, 50.5575223937722], [6.174624364837649, 50.55788212560356], [6.174787242165149, 50.55795040268481]]], [[[6.241666741204602, 50.626453437340935], [6.2358319167555125, 50.626224105714975], [6.23573840970788, 50.62624507544045], [6.235493559474755, 50.62629032731279], [6.235302185861767, 50.62631830957127], [6.23526062058013, 50.62631525370207], [6.235182610610619, 50.62629176801015], [6.235129216646263, 50.62627075579661], [6.235064561843354, 50.62623223250033], [6.235024903131985, 50.62620994528343], [6.234991308315338, 50.62619106648611], [6.234900977528797, 50.62618751612974], [6.234862747867986, 50.62612131129777], [6.233707084515924, 50.62651282021521], [6.231228294364885, 50.62736566364493], [6.231163950682687, 50.627387799684676], [6.228297751415491, 50.628373823577526], [6.226670387345089, 50.62894575150308], [6.2229821940864, 50.630217637248776], [6.2209346132641885, 50.630921108949856], [6.21896120003419, 50.63159904328446], [6.218886943508305, 50.63162455188467], [6.218264478671958, 50.6318383835489], [6.217057929571845, 50.63225049324845], [6.217044146879831, 50.632235060985934], [6.217016159631991, 50.63220391651827], [6.216929623323767, 50.63215662847402], [6.216902947050199, 50.63216614294129], [6.215506027761781, 50.631378700095674], [6.215134945475369, 50.6311759209855], [6.2145724423740925, 50.631361629804076], [6.214548381802166, 50.63136984032377], [6.214154119208921, 50.6315160410682], [6.214000021671816, 50.63157052555093], [6.213630004516746, 50.63170153676827], [6.213575103650865, 50.63172087577678], [6.2130509751888905, 50.63188668719263], [6.213035624629457, 50.63188080573893], [6.212986448181126, 50.631861953181414], [6.212953410300774, 50.63184928877663], [6.211975054408481, 50.63147458756797], [6.210980478180138, 50.63109248034493], [6.210926726570248, 50.63107195796853], [6.210828486291151, 50.63103541915564], [6.20986233021781, 50.631384292146], [6.209759312487034, 50.6314220497562], [6.209568261686235, 50.63149164463937], [6.208544811149738, 50.63186844046194], [6.208111972978097, 50.63135565174724], [6.208007948499899, 50.6312371334151], [6.207325002502835, 50.631397122770224], [6.207302260480629, 50.63140237916967], [6.206979645008564, 50.63147651901053], [6.203645637951748, 50.632262445284695], [6.203472695007379, 50.6323343992672], [6.202912616734996, 50.63243514838481], [6.202825347883571, 50.63241929829426], [6.202805804804844, 50.63241758746256], [6.201742014652894, 50.63232439156813], [6.201534267030339, 50.63229417613365], [6.201207222650756, 50.63191630581853], [6.199606025865446, 50.63143376168765], [6.199583120777679, 50.63146158421649], [6.199518028638041, 50.63160052040873], [6.199506750256883, 50.63164225655725], [6.199500772764573, 50.6316642948607], [6.19939212647812, 50.63173876116681], [6.199343048661971, 50.631796831820346], [6.199305363187729, 50.63187546957936], [6.199222384300728, 50.63190429100087], [6.199218799219844, 50.63190412113888], [6.198866388227596, 50.63233219044352], [6.1986903987273285, 50.63239156667905], [6.198103340354161, 50.6326054089763], [6.1975584092155955, 50.63280383362366], [6.197182305905888, 50.63294086209848], [6.197130260620414, 50.632917934033614], [6.194225548161794, 50.633897940743175], [6.194206253540839, 50.63389090310324], [6.1942025881851945, 50.63389683875797], [6.19414808655244, 50.633877247196224], [6.194142147025338, 50.633875098141466], [6.194042202723134, 50.633838409025586], [6.193826486813531, 50.63375911705002], [6.193219134304507, 50.63353586166831], [6.1923755758239425, 50.63322317033809], [6.191889867553596, 50.63304601008568], [6.191886265237027, 50.63304179098495], [6.19183703845065, 50.63302354332436], [6.1918154847739535, 50.63299815182836], [6.1917937337366, 50.63297251269832], [6.191776250931338, 50.63295190586421], [6.19081374044174, 50.63181716231703], [6.190786918174007, 50.63178598553437], [6.19076827025489, 50.63176429799156], [6.190746712011504, 50.63173923899561], [6.190385783049462, 50.63131205631323], [6.190039628411588, 50.63090236481773], [6.1900284931763006, 50.630888936130944], [6.19000864867249, 50.63086503375093], [6.189988224071016, 50.63084042473809], [6.189373104793037, 50.63011873636891], [6.187066942783593, 50.630134959351395], [6.187073396034069, 50.63012246036831], [6.187043607139145, 50.63012265684974], [6.187272351098143, 50.62968561993423], [6.18763165819191, 50.62898080140581], [6.187758237793208, 50.62873739077804], [6.188434925645692, 50.62743604792957], [6.184993388144685, 50.626802079264415], [6.183760570513518, 50.62821058528075], [6.180717678126287, 50.62925682457104], [6.181373411349516, 50.629939741555354], [6.182096895770254, 50.630696838678276], [6.182159996876754, 50.6307829386536], [6.183179242129796, 50.63193290900582], [6.183332219772508, 50.632149409051294], [6.180843328243503, 50.63308988751158], [6.180610426742178, 50.63326809182164], [6.180339045408906, 50.63347572258678], [6.1800894795863135, 50.63366218468381], [6.180019151766224, 50.6337147313867], [6.179600500518956, 50.63402371345488], [6.179396864424639, 50.63417503603123], [6.179176660287899, 50.63433493406991], [6.179121022715796, 50.63438091883567], [6.178952641488833, 50.63450819608375], [6.178450633921803, 50.63488763771049], [6.178430168857753, 50.63490259166481], [6.178160187839085, 50.635386114419305], [6.17909573688744, 50.636224039812944], [6.1779893841876925, 50.63790322802511], [6.178930772751701, 50.63873573839876], [6.178533242092542, 50.640878429616315], [6.179290143277627, 50.64252002336606], [6.178333511887628, 50.64415426018774], [6.178434867350948, 50.644401939435014], [6.1784357501433265, 50.644400982896975], [6.1785183537566954, 50.64433487296275], [6.178556640987488, 50.64436096920508], [6.17859775238725, 50.64438904084283], [6.1786589836757155, 50.64443570726387], [6.179540611630746, 50.64510741687942], [6.180247610554556, 50.64564604400164], [6.180775042093597, 50.64604786530976], [6.180789326055637, 50.646062117681744], [6.180863350632693, 50.646135952230296], [6.180883188094446, 50.64615574514279], [6.181176629068016, 50.64636697653787], [6.181265367939661, 50.646428052050425], [6.181563357935143, 50.64659549610156], [6.182261349472297, 50.646936493434374], [6.182343285533139, 50.64695479335137], [6.182483292717119, 50.64696654659561], [6.182873892508918, 50.64696579646545], [6.183019698459604, 50.646970960963], [6.1833778318565535, 50.646983654081325], [6.183531603064977, 50.64697037260989], [6.183530149960426, 50.64696510227382], [6.183515249245833, 50.646911247583596], [6.183454158604701, 50.646690197814166], [6.183398503060782, 50.646414022128305], [6.183383867709451, 50.64621788820331], [6.183342817478186, 50.64620456286603], [6.183358462873326, 50.645874980400905], [6.183479431350971, 50.645330478217694], [6.183512583283148, 50.64520340471166], [6.183557548165773, 50.645030921440195], [6.1836381403385445, 50.6447133801592], [6.183675263447957, 50.64463199918757], [6.183717336358768, 50.644539763808815], [6.183795722384585, 50.64422643276761], [6.18391042980787, 50.643805354367814], [6.183916427081725, 50.64378313740601], [6.1839270127725525, 50.64374428239776], [6.184083247723053, 50.64317094834971], [6.184234684330932, 50.64267564812602], [6.184411088987621, 50.642271829695645], [6.184557152845499, 50.64199022344186], [6.1847317476147845, 50.64170435048499], [6.184955408036698, 50.64145497854892], [6.1852431554172025, 50.64114842591827], [6.185328090680247, 50.64106837111194], [6.185877632675653, 50.640716494665966], [6.18626465080064, 50.64051963315331], [6.186524350103124, 50.64040478843348], [6.186534180240881, 50.64040078023271], [6.186776291157617, 50.64030210607317], [6.186810338850971, 50.64028932797346], [6.1869659331606455, 50.64023093940027], [6.1869774655701235, 50.64022661248048], [6.187012340732358, 50.64021702960927], [6.187231624356757, 50.640156626208736], [6.187295867304938, 50.64013801090199], [6.187331308962907, 50.64012770401612], [6.187523023285156, 50.64007202222074], [6.187600955862979, 50.64004942871891], [6.187656306188553, 50.6400333329601], [6.187675372119537, 50.640028630227626], [6.187755147215707, 50.64000881565796], [6.187880116177771, 50.63997787707658], [6.18824911465973, 50.63988639306684], [6.188424781458458, 50.639842870549764], [6.188807693754824, 50.63976233505267], [6.188831562649181, 50.639757262351274], [6.188896294680285, 50.63973683195694], [6.18897786559685, 50.639711087117334], [6.1890107646350065, 50.639700709346386], [6.189030069328347, 50.63969460891111], [6.189035778078547, 50.63969281276514], [6.189052363634729, 50.63969624453079], [6.189246340391963, 50.639667051346365], [6.189581066732941, 50.639643467933006], [6.189705232601384, 50.63963471709783], [6.189753557827623, 50.63963131388927], [6.189854910404693, 50.63962417113523], [6.189857785562463, 50.63963738246799], [6.190455243383627, 50.63961429916228], [6.19086693946372, 50.63962522169035], [6.1909633121374235, 50.63963421209888], [6.19103819093174, 50.63964119071472], [6.191137897886287, 50.63965048629312], [6.191337293803798, 50.639530416246075], [6.191658197367093, 50.63956566365665], [6.191848310773618, 50.63959457170174], [6.191981560671685, 50.63961493899068], [6.192142531177383, 50.63964083198563], [6.192344111031061, 50.639673397903856], [6.192666023505863, 50.6397470312287], [6.193148954636009, 50.63989419479887], [6.193268362095913, 50.639949371026866], [6.1933446518060675, 50.639972798335535], [6.193582861937292, 50.64004585072556], [6.193678264719924, 50.64007517155243], [6.194074252029652, 50.64011335522042], [6.194228175116486, 50.6402464057602], [6.194126790933808, 50.64030866493111], [6.19408335903104, 50.64033534142613], [6.194138525136763, 50.64035529976612], [6.194179027658727, 50.64036994840075], [6.1942346372885275, 50.64039006130454], [6.194261971767331, 50.640399940002546], [6.194292573432018, 50.640411012819655], [6.194397699735216, 50.64035978178856], [6.19524404713567, 50.640586853172394], [6.1957972036272295, 50.64066197280464], [6.196103372381119, 50.640712522569395], [6.196115021469867, 50.640792689090496], [6.1966065824548675, 50.64082781332969], [6.196667088632787, 50.640828433499856], [6.19686446490623, 50.64083052265769], [6.1970076951610995, 50.640832081653826], [6.197431951226126, 50.64082325997379], [6.1975718982550045, 50.64078562830928], [6.197694471517667, 50.640782506548234], [6.197753930363357, 50.64078099608107], [6.197825828137187, 50.64077916426541], [6.198274863840732, 50.64074257411629], [6.198689921480276, 50.640657238613876], [6.1988743295368085, 50.64060076874632], [6.199017616761891, 50.64055689211425], [6.1991883656072595, 50.64050459975193], [6.199400075182417, 50.64043977261261], [6.199436081010603, 50.6404287380243], [6.199855190500835, 50.6402682873673], [6.200080473223565, 50.640182125078205], [6.200128919934849, 50.64016359063277], [6.200547435729917, 50.64000352801895], [6.20083289677021, 50.639892743131256], [6.201170578004862, 50.63978010044376], [6.20121329851491, 50.63967345531798], [6.201608961237769, 50.63954481739632], [6.201916703909079, 50.63947292969996], [6.20214202344833, 50.63942029827908], [6.202234115791366, 50.63940684152381], [6.202322583765746, 50.63939415215315], [6.202338690967752, 50.639391840612575], [6.202322986797211, 50.63943641206356], [6.202296152910928, 50.639512603910134], [6.202323657043034, 50.639505124139355], [6.202347121060037, 50.63949874364685], [6.202430209056731, 50.63947613820568], [6.202452264247165, 50.63947013762072], [6.202527932905113, 50.63944955766694], [6.202501057017017, 50.639365751793804], [6.202953620574915, 50.63931614951782], [6.202972993156635, 50.63941293494723], [6.203320986069265, 50.63940612784343], [6.203407204905222, 50.63936866495746], [6.203461619778416, 50.63933558339947], [6.20355356586496, 50.63931600538904], [6.203655157577869, 50.639303594211306], [6.204088442874522, 50.639306344071024], [6.204617894438159, 50.63934946850239], [6.2049561835496885, 50.63938411605992], [6.204932914444355, 50.63949230883496], [6.205079248449708, 50.63949941946499], [6.20544801783491, 50.639517211687064], [6.206225710591781, 50.63958053459829], [6.207002653084005, 50.639646523844426], [6.20725557836659, 50.6396785683603], [6.20736577782475, 50.639674851810625], [6.207547327104933, 50.639668726507395], [6.207866084980273, 50.63969933509066], [6.208578841655514, 50.63974263605174], [6.209216551429951, 50.63978797489525], [6.209866178300698, 50.639835844574556], [6.210450285611747, 50.639890398525395], [6.210662859567157, 50.63991095358601], [6.210691452426029, 50.639887702462886], [6.211024389052039, 50.63990968285311], [6.211081472853112, 50.63991576355988], [6.211115295910006, 50.63991931718364], [6.211143746007077, 50.639922355319364], [6.211234747006306, 50.63993207276714], [6.211260385902575, 50.63993480967194], [6.21129686270083, 50.639938696653665], [6.211381877265095, 50.63994774889495], [6.211963639003504, 50.63999848807461], [6.212100101761414, 50.64001038177522], [6.212415136516488, 50.64003085013574], [6.212508741093247, 50.64003697688741], [6.212799746843138, 50.64005595146286], [6.213136205818276, 50.64005956108272], [6.213255349065565, 50.64005745624884], [6.213295082490982, 50.64005675206704], [6.213317143941971, 50.64005636254465], [6.2134815856696335, 50.64005345258481], [6.214172601254661, 50.64005125021936], [6.214644549249715, 50.640049749467785], [6.214936898265896, 50.64004363641247], [6.215065579465264, 50.64004146101688], [6.215337989926156, 50.640040501030924], [6.215417434842742, 50.64004017911783], [6.215639094904543, 50.64003940800379], [6.216132921155374, 50.640050181005236], [6.2162299200671995, 50.640055846201946], [6.2165869721045315, 50.64007648919524], [6.216784872621961, 50.64007683902828], [6.216808525602232, 50.640079437287476], [6.216831883545607, 50.640082001504474], [6.216876491255212, 50.640086899633026], [6.217094161667483, 50.64011079397452], [6.217179919890535, 50.64012021054973], [6.217720593828753, 50.64015664410603], [6.217663223271859, 50.64010584503489], [6.217855587970401, 50.64011777242359], [6.218166100024001, 50.6401370287097], [6.218377012109503, 50.64015010895353], [6.218436480632564, 50.640200606972485], [6.218786700500896, 50.64021649247425], [6.219016611786248, 50.640226913037345], [6.219067524305424, 50.640170092427624], [6.219079751430219, 50.6401565859214], [6.219570306419584, 50.64019116623303], [6.219888917022708, 50.640213669632715], [6.220752539383506, 50.64028089869861], [6.221152402256701, 50.64032473142922], [6.221778865836035, 50.64042817415082], [6.222418437022909, 50.6406029696016], [6.22291969169026, 50.64076875989296], [6.223096694057972, 50.64085127468858], [6.223136632187665, 50.64086989353752], [6.223408449555541, 50.640996604163334], [6.2238341564966255, 50.64122627131503], [6.224175041882829, 50.64144647591377], [6.224597998744236, 50.64176828356636], [6.225005431612742, 50.64215245159381], [6.225484803284909, 50.64259039595514], [6.225814773146064, 50.64297045747979], [6.226050095400464, 50.643338755506015], [6.226189716252706, 50.64368000082336], [6.226283029208761, 50.644054765075815], [6.226308092708216, 50.64446903819652], [6.226282288382082, 50.64465346194171], [6.226277686076739, 50.64468643632783], [6.226258722342532, 50.6448219816705], [6.226158304537382, 50.64532363060998], [6.2260830043212465, 50.6457492574519], [6.22607598659195, 50.6460839601714], [6.226131139685195, 50.646442532681704], [6.2262283061686805, 50.646743322884745], [6.226412901427141, 50.64708546806471], [6.226643485591366, 50.64740468228442], [6.22692767584839, 50.64770015720181], [6.227252426294222, 50.647958242047466], [6.227590297984789, 50.648184570798605], [6.227941574547663, 50.648370955560885], [6.228367757139823, 50.64855485844401], [6.228842180550756, 50.64871195996352], [6.229390591527358, 50.64884662307159], [6.22990281995601, 50.648929033860405], [6.230406372423342, 50.64896993054156], [6.2310781505827855, 50.64897489597929], [6.2316143855339, 50.64893184871786], [6.232047306489971, 50.64887300357687], [6.23256016944154, 50.64876518044003], [6.233056568342064, 50.64861801509808], [6.233485866721294, 50.64845534713477], [6.233941120804713, 50.64822169319963], [6.234287431900707, 50.64800443875416], [6.234671376927074, 50.647708353491616], [6.234951413540378, 50.64741643811986], [6.235180883183611, 50.64710574507876], [6.235393868938263, 50.646748785273424], [6.235658559745569, 50.64627207750932], [6.235947587089593, 50.64577400778954], [6.236201658373721, 50.64543943907805], [6.236479057806078, 50.64513179706881], [6.236835105529714, 50.64486013008961], [6.236932750850212, 50.64479520876156], [6.237293181312067, 50.644555801861586], [6.2377917110703756, 50.64431053078318], [6.238321948431958, 50.644101252368344], [6.2389157808943425, 50.64388815441774], [6.239511836286091, 50.64366865668831], [6.239920339790372, 50.643489371210485], [6.240315657163713, 50.643273620546914], [6.240701594469463, 50.642995310316635], [6.241190602189134, 50.64258096141496], [6.241656814842999, 50.642161977766214], [6.24203357846274, 50.641861758738905], [6.2422086421252, 50.6417492926356], [6.242222605987313, 50.64174032242435], [6.242533925889614, 50.64154032230774], [6.242914966988297, 50.64133259033358], [6.243327124588939, 50.64112631339164], [6.243939289934783, 50.64088968825816], [6.244454138161488, 50.640722753722315], [6.245022670812435, 50.640579161028825], [6.245518470726949, 50.64047608602201], [6.24605878153263, 50.640397718706126], [6.2466462502778315, 50.640334361380916], [6.247257251670861, 50.64030977753033], [6.247870793200996, 50.64031287441002], [6.248356666659745, 50.640341501617485], [6.248544296198208, 50.640362216394315], [6.248578786171553, 50.640366026720216], [6.24899092573448, 50.64041151982241], [6.249503613396682, 50.64048143347776], [6.2502890303198875, 50.64061206174611], [6.251152114472397, 50.64075060783219], [6.251494430360078, 50.640805921410234], [6.25153555928033, 50.640812568091214], [6.251967954120345, 50.64088242859735], [6.252818573579325, 50.64101706104951], [6.253641481221674, 50.641149846306696], [6.254468256781603, 50.641269503141494], [6.254735450973462, 50.64131247565812], [6.255317474679103, 50.64140609005806], [6.255885132498236, 50.64150910464382], [6.256372292692822, 50.64159968658719], [6.256923764341863, 50.64171279394643], [6.257497889501934, 50.64187295468908], [6.25818702354305, 50.64211814345126], [6.258803600866413, 50.642315142566524], [6.2593577331035215, 50.642487524393594], [6.259379352768266, 50.642494248816135], [6.259427788667375, 50.642509313131775], [6.2595711925790205, 50.64255392144876], [6.260103912786896, 50.64274235567021], [6.2606077134067055, 50.642860926072906], [6.261089637286454, 50.642934427183135], [6.261568959742164, 50.642976553306234], [6.261630252416237, 50.642981943522024], [6.262118874467473, 50.64302958415114], [6.2627106037672124, 50.643035210908636], [6.2629113826625185, 50.64299402864], [6.263718861454144, 50.64282840020107], [6.264102119369375, 50.64273468191295], [6.264276116297921, 50.64268158826231], [6.264569928985545, 50.64257030453515], [6.264716923570283, 50.642503029365464], [6.2649642582938405, 50.6423921010967], [6.265261124181196, 50.64222965152624], [6.265492786559697, 50.6420986818988], [6.265543981277944, 50.642063589052675], [6.265633341684546, 50.64200242521996], [6.265840744839104, 50.64181830016851], [6.266014198838737, 50.64166434765089], [6.266060153916614, 50.641623491663125], [6.266203932278125, 50.641466314521566], [6.2663326583609855, 50.64132571253228], [6.26637230567552, 50.64126509012935], [6.266498448208116, 50.641072238005094], [6.266531658557616, 50.64102136799843], [6.266667258474114, 50.64094166161257], [6.266705033867808, 50.64088256929343], [6.266846959028198, 50.640660493533964], [6.266986734253108, 50.64044180325571], [6.267018084055752, 50.64039275142158], [6.2671352490096925, 50.64021825370823], [6.2672911363235, 50.639986097821314], [6.267453022117699, 50.63975267926577], [6.267781367196528, 50.6392888452134], [6.267845122022547, 50.63918444235353], [6.267855641283667, 50.63916721177893], [6.267885820974297, 50.63911781743448], [6.267900168945783, 50.63909432618032], [6.268180313076326, 50.638635620641274], [6.268219431328174, 50.63854258502294], [6.268232193694387, 50.63851423518055], [6.268440323905083, 50.63810692836294], [6.268570083822449, 50.63786482102136], [6.268632434146536, 50.637748475339315], [6.268655723749215, 50.63771249271758], [6.2687296959929, 50.63759817363052], [6.26879189213632, 50.63748130253492], [6.268834992244655, 50.63740029654664], [6.268911094108774, 50.63725728809515], [6.269027436342792, 50.63697793184807], [6.269106565192066, 50.63684465495362], [6.269122680185584, 50.636817499030336], [6.269407228772571, 50.636406540698985], [6.270078261944271, 50.63537888429978], [6.270320306100395, 50.63500817859624], [6.270689781130978, 50.634466117225976], [6.270994003389419, 50.63401975295194], [6.271146087031034, 50.63375611911071], [6.27140846556137, 50.63331950422697], [6.2715076555913924, 50.63316806707631], [6.271713309964461, 50.63293124276628], [6.272037531625937, 50.63255800649591], [6.272207335149304, 50.632334985351534], [6.272452631015326, 50.63199449392033], [6.2725828568467925, 50.63182646739645], [6.272603093975715, 50.63180035203828], [6.272623270426506, 50.63177430721583], [6.272648493545061, 50.63175758254232], [6.272729293881509, 50.631677656087845], [6.272748136168045, 50.6316590189064], [6.272756102287962, 50.63165113692624], [6.2728578705326195, 50.63154076750096], [6.272990239700514, 50.6313972303001], [6.272981715811918, 50.63138103745664], [6.273043680801718, 50.63130129031372], [6.273028397408337, 50.631295346446514], [6.273013902410121, 50.63128970888344], [6.273076349547587, 50.63118379740082], [6.273138735475569, 50.631027880931796], [6.273187524353819, 50.63095732391955], [6.273287692247118, 50.63081250156186], [6.273389958618311, 50.630664642955566], [6.273440073633213, 50.63059217396166], [6.27357513894935, 50.63029007141803], [6.27365237501752, 50.62993299512974], [6.273725057814399, 50.629843208242434], [6.2738153823625735, 50.62991555650065], [6.2738128943384375, 50.62984394256799], [6.273812155130969, 50.6298229937625], [6.273811406827247, 50.629801469060325], [6.2738098214156235, 50.629755800014856], [6.2736468178381255, 50.62962315618517], [6.273644528515859, 50.62961164287716], [6.273614575511231, 50.62946064310149], [6.2736012724484995, 50.629393615260305], [6.27352670411845, 50.62917978370205], [6.273466923924118, 50.629008305298704], [6.273462165639395, 50.62899473726765], [6.273350602250742, 50.6288324804597], [6.273217530779321, 50.62863893874882], [6.273191104379213, 50.62860050463888], [6.273248405775094, 50.62858146376795], [6.272979530293615, 50.62830491018379], [6.272542322325811, 50.62799211164764], [6.272069489788841, 50.627703626965136], [6.272157159988961, 50.6276226655205], [6.272106086628946, 50.627612069113816], [6.272065507802648, 50.627603643504344], [6.271841377603392, 50.627462791578694], [6.27169484648798, 50.62737070278612], [6.271567850362821, 50.627290243443134], [6.271205673466169, 50.6270608101201], [6.270872706984308, 50.62685837987234], [6.270510294334329, 50.62667340140375], [6.270228826992878, 50.62649332391816], [6.2698924460081225, 50.62624697777069], [6.269629525563483, 50.62598412929388], [6.269481784513183, 50.6257930275222], [6.2694264900543715, 50.625698424926576], [6.2693063063287235, 50.62549276751638], [6.2693063721336175, 50.625426736258234], [6.269306405722126, 50.62539932007553], [6.269306455676293, 50.625352591863155], [6.26930650191575, 50.62531959003893], [6.269283519301071, 50.625237195893654], [6.268908099197678, 50.62537303117519], [6.268393784977734, 50.625562536561766], [6.267632682497695, 50.626257186495366], [6.267242297671852, 50.62653400484519], [6.2670313529670185, 50.626719047537414], [6.266994401904426, 50.62686481784476], [6.2668858198891755, 50.627078195753136], [6.266806927972479, 50.62716492730467], [6.266704321503014, 50.62718461953657], [6.266250334663817, 50.6272717556582], [6.2656202227920135, 50.627394089405115], [6.264859654974866, 50.62754098816376], [6.264192331089835, 50.627666703739834], [6.2639899111185136, 50.62770978317169], [6.26340217494492, 50.62782447446106], [6.262846070876383, 50.62792674662363], [6.262640818849172, 50.627964495028195], [6.262143599032771, 50.628059189110616], [6.262134143234351, 50.6280625108245], [6.261632188512519, 50.62823886564149], [6.261053369623207, 50.62844222145753], [6.260163158513449, 50.62819745257724], [6.259015441685335, 50.627882875962406], [6.258900011383941, 50.62787692031176], [6.25858646082913, 50.627787323182986], [6.258136330377302, 50.62766545487458], [6.257811488207563, 50.62757553575724], [6.2572940947461175, 50.62743125636415], [6.256825422756608, 50.6273020109468], [6.256306714312542, 50.62715491664701], [6.2561013789626605, 50.627099372520945], [6.255875989863, 50.6270467735299], [6.2556299992543405, 50.62700312435957], [6.255384254800621, 50.6269637531343], [6.255137725880416, 50.626946589755285], [6.254927667359563, 50.62693743679712], [6.25408171529511, 50.62690262025714], [6.253507195318479, 50.626880353247635], [6.252376996082887, 50.626828249683086], [6.251818933173813, 50.626796854867415], [6.249936367488491, 50.62670502777697], [6.248966804646563, 50.62665851105048], [6.2475464041678395, 50.62659487979658], [6.246476729811024, 50.62654660524836], [6.245337810136967, 50.62649515341948], [6.244215703342726, 50.626443998407446], [6.243315830694061, 50.62640485880046], [6.2418161271638475, 50.62633548090474], [6.241666741204602, 50.626453437340935]]], [[[6.246514529211709, 50.59725014586536], [6.246189855256177, 50.59736916213736], [6.246743959177819, 50.59822655240341], [6.246767681554509, 50.598234165660216], [6.246991266330281, 50.59821711863279], [6.247109594027829, 50.598185249720885], [6.247155927004553, 50.59817812386566], [6.247262197931266, 50.598161774129586], [6.247453914191494, 50.598132117024036], [6.247604922258323, 50.598103772864214], [6.2476498254202895, 50.59808191495822], [6.247788682917763, 50.59805592784345], [6.247862983955631, 50.59802967365224], [6.247905709370265, 50.59800129666138], [6.247915514025686, 50.597990941187966], [6.248485158385873, 50.59788893659385], [6.248511072909314, 50.597665930129104], [6.248459435880314, 50.597521273206894], [6.248213963083479, 50.59683354061559], [6.248210160603307, 50.59682289943536], [6.2480153308522155, 50.596870411445444], [6.2474008622358905, 50.59702025130421], [6.247271634838641, 50.59704836363766], [6.246951962499365, 50.59713235629508], [6.246782207711655, 50.5971836255659], [6.246647158557816, 50.59722599173517], [6.246535435389666, 50.597275727808686], [6.246514529211709, 50.59725014586536]]]]}}]}